"公司代號","公司簡稱","財務結構-負債佔資產比率(%)","財務結構-長期資金佔不動產、廠房及設備比率(%)","償債能力-流動比率(%)","償債能力-速動比率(%)","償債能力-利息保障倍數(%)","經營能力-應收款項週轉率(次)","經營能力-平均收現日數","經營能力-存貨週轉率(次)","經營能力-平均售貨日數","經營能力-不動產、廠房及設備週轉率(次)","經營能力-總資產週轉率(次)","獲利能力-資產報酬率(%)","獲利能力-權益報酬率(%)","獲利能力-稅前純益佔實收資本比率(%)","獲利能力-純益率(%)","獲利能力-每股盈餘(元)","現金流量-現金流量比率(%)","現金流量-現金流量允當比率(%)","現金流量-現金再投<br>資比率(%)"
"1101","台泥",43.27,334.83,177.58,164.66,18.36,3.12,116.98,9.87,36.98,1.36,0.35,7.58,12.54,57.60,20.73,4.43,43.39,81.43,2.48
"1102","亞泥",43.00,439.89,120.05,109.57,16.60,3.95,92.40,7.25,50.34,1.73,0.31,8.22,13.54,84.47,24.90,5.56,50.14,180.16,11.73
"1103","嘉泥",38.85,535.84,288.01,284.83,884.56,7.05,51.77,2.80,130.35,0.38,0.05,4.27,6.32,12.72,74.77,2.02,0.00,17.68,0.00
"1104","環泥",22.64,316.62,111.36,103.58,37.42,3.98,91.70,15.83,23.05,0.81,0.21,5.08,6.35,18.33,22.80,1.74,19.56,68.01,0.42
"1108","幸福",41.04,333.67,314.58,86.96,2.36,4.94,73.88,0.96,380.20,2.18,0.51,1.06,1.07,1.33,1.23,0.11,16.25,88.69,1.64
"1109","信大",22.89,279.01,251.83,213.89,113.98,3.04,120.06,6.37,57.29,2.44,0.73,13.79,17.87,61.08,18.65,2.82,94.75,252.53,14.88
"1110","東泥",12.01,3790.91,306.23,133.59,973.18,4.06,89.90,2.48,147.17,7.16,0.17,0.39,0.39,0.75,2.10,0.06,26.87,-2.29,1.87
"1201","味全",63.64,120.72,89.66,68.62,10.00,7.14,51.12,10.64,34.30,2.05,1.00,7.46,20.55,34.18,6.68,2.67,19.59,23.55,4.72
"1203","味王",34.05,251.52,249.81,153.51,67.29,12.93,28.22,2.79,130.82,2.11,0.68,7.90,11.86,39.77,11.34,1.92,25.65,132.16,-0.46
"1210","大成",48.57,156.29,105.52,55.16,9.45,12.81,28.49,7.09,51.48,4.88,1.73,7.35,12.78,46.57,3.82,2.93,27.37,92.98,20.61
"1213","大飲",55.50,152.16,188.55,153.38,-3.24,4.96,73.58,11.43,31.93,0.78,0.33,-2.55,-7.37,-8.92,-9.91,-0.76,-53.55,108.65,4.19
"1215","卜蜂",53.74,139.16,106.14,77.46,26.98,9.10,40.10,12.48,29.24,2.58,1.23,10.96,22.96,82.21,8.61,5.46,30.39,55.70,7.35
"1216","統一",63.56,219.36,106.86,79.56,1447.84,24.46,14.92,7.86,46.43,2.95,1.01,6.89,16.55,64.06,6.36,3.35,38.64,156.17,11.14
"1217","愛之味",50.06,294.25,65.06,42.90,1.52,7.28,50.13,4.74,77.00,1.49,0.35,1.34,1.16,1.41,1.46,0.10,6.37,40.40,1.77
"1218","泰山",28.43,439.06,209.73,156.06,33.22,7.53,48.47,9.90,36.86,4.71,0.89,6.63,8.96,12.43,7.28,1.20,21.27,25.23,-0.42
"1219","福壽",55.70,143.62,164.58,93.22,3.95,9.20,39.67,6.79,53.75,3.07,1.40,2.16,3.66,5.44,1.15,0.63,-4.14,-0.05,-1.50
"1220","台榮",21.31,298.20,409.82,289.97,41.04,4.21,86.69,4.95,73.73,3.34,0.95,4.60,5.72,10.28,4.70,0.71,39.84,101.52,1.85
"1225","福懋油",52.87,194.90,180.10,123.26,15.10,7.50,48.66,8.56,42.64,4.49,1.50,5.98,10.91,22.55,3.71,1.55,16.32,89.36,2.45
"1227","佳格",33.50,347.42,240.99,175.10,98.03,4.96,73.58,5.51,66.24,5.90,1.26,14.11,20.94,49.71,11.05,3.76,65.43,118.09,13.12
"1229","聯華",19.15,876.38,94.72,75.61,55.63,7.41,49.25,4.74,77.00,2.33,0.18,8.30,10.11,29.70,38.04,2.51,36.97,79.74,2.75
"1231","聯華食",51.06,173.77,145.96,80.59,2339.11,5.06,72.13,4.89,74.64,3.22,1.19,7.58,14.80,37.51,6.11,3.00,9.11,91.78,-0.70
"1232","大統益",28.86,651.57,337.41,204.07,120.85,17.16,21.27,8.98,40.64,26.43,3.04,17.87,24.75,78.18,5.83,6.09,77.60,119.65,4.08
"1233","天仁",35.07,175.84,147.38,91.11,33.42,8.71,41.90,3.17,115.14,2.44,0.96,6.94,9.73,21.54,6.98,1.73,58.60,98.69,4.79
"1234","黑松",21.03,318.99,316.44,90.80,57.28,12.52,29.15,1.27,287.40,1.42,0.40,3.77,4.77,24.07,9.26,2.11,51.79,-3.88,3.49
"1235","興泰",38.58,1548.79,204.10,203.28,2.51,0.41,890.24,2.30,158.69,0.35,0.01,1.32,1.22,4.80,75.90,0.49,2.66,770.09,1.43
"1236","宏亞",38.43,144.42,144.97,95.67,4.64,4.21,86.69,5.24,69.65,1.20,0.67,0.71,0.90,1.63,0.85,0.15,25.03,101.47,2.43
"1256","鮮活果汁-KY",34.59,146.85,153.43,125.16,67.05,14.31,25.50,8.91,40.96,2.74,1.22,19.34,28.54,225.82,15.56,16.20,78.90,124.69,19.96
"1301","台塑",29.76,476.21,196.70,172.37,24.22,14.00,26.07,9.01,40.51,2.56,0.42,7.69,10.59,66.32,17.96,5.86,52.17,116.90,1.69
"1303","南亞",35.90,301.84,224.48,169.93,14.74,5.72,63.81,5.70,64.03,1.93,0.51,4.36,6.25,33.65,8.11,2.91,62.62,101.66,1.60
"1304","台聚",45.15,253.10,221.78,176.65,1205.21,7.05,51.77,8.42,43.34,2.37,0.79,3.96,6.73,28.28,4.57,1.19,48.06,62.54,6.53
"1305","華夏",29.34,172.73,287.70,193.16,71.33,9.21,39.63,8.25,44.24,2.48,1.18,5.54,7.97,16.28,4.62,1.22,118.96,117.10,6.46
"1307","三芳",45.40,181.98,216.76,160.63,15.95,6.84,53.36,3.85,94.80,1.65,0.69,3.13,5.22,16.10,4.19,1.08,34.98,97.08,5.90
"1308","亞聚",39.55,441.02,200.03,178.63,1853.54,8.33,43.81,9.87,36.98,2.00,0.42,5.33,8.28,17.76,12.09,1.48,20.19,40.30,1.78
"1309","台達化",46.28,263.28,210.71,172.37,11.93,6.84,53.36,17.24,21.17,7.77,2.11,5.25,9.60,16.87,2.25,1.19,70.34,382.58,14.33
"1310","台苯",22.30,188.22,178.02,142.51,125.10,13.56,26.91,18.94,19.27,3.01,1.23,8.97,11.80,19.60,7.22,1.67,52.39,129.38,-0.73
"1312","國喬",13.51,400.06,461.53,393.58,45857.55,7.52,48.53,9.76,37.39,2.79,0.67,7.11,8.23,29.58,10.63,2.27,121.33,307.98,7.28
"1313","聯成",54.44,210.93,175.57,95.13,55.86,16.09,22.68,8.01,45.56,3.75,1.37,0.39,-0.69,-1.34,-0.22,-0.11,41.23,49.76,8.84
"1314","中石化",30.35,432.68,274.40,146.30,1426.70,13.65,26.73,4.52,80.75,1.49,0.32,1.98,2.58,6.57,5.85,0.61,-96.13,9.02,-9.21
"1315","達新",15.44,584.01,531.58,476.74,104.47,5.50,66.36,3.12,116.98,1.54,0.25,7.10,8.66,37.10,28.61,3.65,22.90,78.49,0.62
"1316","上曜",64.56,959.40,142.03,21.24,-1.05,4.63,78.83,0.15,2433.33,2.48,0.11,-0.77,-2.73,-4.05,-10.36,-0.96,-54.91,-114.84,-77.74
"1319","東陽",38.72,144.64,115.97,77.31,14.24,4.89,74.64,6.01,60.73,1.06,0.58,5.37,8.32,39.86,8.58,3.36,68.62,106.95,9.71
"1321","大洋",53.98,292.23,173.76,115.99,5.91,7.06,51.69,7.35,49.65,1.30,0.40,1.21,2.19,5.96,2.51,0.53,34.15,33.14,2.81
"1323","永裕",53.79,252.68,407.87,317.88,26.91,4.30,84.88,4.49,81.29,2.34,0.78,7.82,15.19,50.36,9.71,3.18,107.43,98.61,7.28
"1324","地球",20.43,241.98,354.00,248.86,87.43,5.56,65.64,4.64,78.66,2.88,0.90,0.26,0.32,1.37,0.28,0.04,4.91,63.52,-0.66
"1325","恆大",5.91,198.17,1880.99,1577.20,1629.41,5.93,61.55,4.97,73.44,0.89,0.41,1.83,1.95,5.16,4.49,0.43,213.77,128.09,1.69
"1326","台化",25.66,365.37,259.58,206.64,20.24,8.67,42.09,6.77,53.91,2.52,0.57,6.29,8.18,63.31,10.95,5.09,65.82,136.10,5.45
"1337","再生-KY",7.78,213.16,607.08,552.35,-69.42,4.56,80.04,6.26,58.30,0.36,0.16,-7.67,-8.64,-9.18,-51.02,-2.39,-64.40,149.37,-3.35
"1338","廣華-KY",34.02,226.15,195.58,164.78,9.53,3.69,98.91,5.90,61.86,2.39,0.74,4.41,5.83,67.92,5.27,4.78,37.17,104.93,9.06
"1339","昭輝",32.73,157.85,174.56,148.38,14.85,3.45,105.79,5.80,62.93,0.94,0.45,6.79,11.01,62.45,14.04,5.08,58.24,106.48,7.77
"1340","勝悅-KY",4.34,499.91,1846.70,1821.52,"NA",3.15,115.87,86.58,4.21,0.99,0.19,-6.79,-7.07,-28.37,-37.88,-2.87,-84.73,"NA",-3.19
"1341","富林-KY",42.95,169.44,177.52,84.20,17.51,7.01,52.06,4.02,90.79,3.61,1.36,13.48,24.02,73.83,9.31,5.69,44.88,70.54,6.81
"1342","八貫",38.32,170.84,189.99,78.73,39.82,6.43,56.76,2.19,166.66,2.51,1.02,13.11,21.19,37.87,12.51,3.08,80.30,66.42,21.56
"1402","遠東新",52.90,241.91,103.59,78.28,6.94,8.89,41.05,6.71,54.39,1.53,0.43,3.44,5.26,35.74,6.57,2.15,38.24,78.81,10.95
"1409","新纖",75.71,262.70,92.91,87.03,4.07,4.44,82.20,4.78,76.35,1.79,0.22,1.97,5.99,17.04,6.54,1.11,4.47,206.15,0.05
"1410","南染",16.90,656.04,1095.47,1057.26,628.58,5.47,66.72,9.77,37.35,1.84,0.27,4.58,5.53,13.15,16.65,0.94,160.13,116.26,-0.22
"1413","宏洲",56.40,160.76,93.35,26.26,7.87,12.99,28.09,5.26,69.39,2.49,1.07,2.98,5.87,5.25,2.33,0.52,0.70,10.51,0.10
"1414","東和",32.28,230.12,150.93,77.56,3.79,14.65,24.91,1.35,270.37,0.48,0.17,0.99,1.18,1.33,4.60,0.17,0.00,30.11,-0.97
"1416","廣豐",45.30,137.13,115.40,19.08,-2.40,8.21,44.45,0.03,12166.66,0.06,0.04,-1.28,-3.28,-8.98,-51.65,-0.72,-10.21,45.77,-5.11
"1417","嘉裕",28.48,328.86,254.52,205.77,16260.90,9.29,39.28,0.83,439.75,1.40,0.32,7.44,9.74,-14.55,22.57,1.18,0.00,0.00,0.00
"1418","東華",74.13,239.79,142.62,72.78,-5.43,1101.77,0.33,1.74,209.77,0.23,0.08,-7.27,-28.84,-37.67,-101.20,-3.94,-91.78,-253.41,-14.60
"1419","新紡",32.35,3115.42,81.00,62.69,14.45,10.56,34.56,2.41,151.45,4.72,0.17,3.19,4.42,12.57,18.18,1.20,4.84,5.38,-1.02
"1423","利華",8.55,728.72,5518.20,2478.48,-1321.31,37.59,9.71,0.84,434.52,1.28,0.17,-1.39,-1.52,-3.05,-7.95,-0.26,-418.20,56.79,-3.11
"1432","大魯閣",80.60,728.22,91.57,56.36,-7.53,27.78,13.13,0.62,588.70,1.37,0.28,-14.15,-43.64,-38.40,-55.16,-3.04,27.93,8.12,15.20
"1434","福懋",20.48,569.18,206.45,103.10,23.55,8.33,43.81,3.93,92.87,2.34,0.42,5.53,6.65,30.65,12.59,3.08,79.59,97.25,3.22
"1435","中福",15.73,1193.62,11882.10,11701.98,57602.78,17.10,21.34,0.03,12166.66,0.24,0.02,1.94,2.31,1.48,97.38,0.16,-98.79,7246.38,-0.68
"1436","華友聯",71.90,26106.10,191.74,37.37,295.27,486.92,0.74,0.31,1177.41,91.37,0.24,3.47,8.83,29.47,11.31,2.45,-32.31,-30.24,-22.45
"1437","勤益控",40.94,252634.26,536.67,527.26,6.70,33.63,10.85,5.36,68.09,108.71,0.05,8.81,14.59,15.40,154.50,4.33,83.58,224.24,8.19
"1438","三地開發",11.92,1836.59,71149.48,44538.53,"NA","NA","NA",0.02,18250.00,0.03,0.00,-1.78,-2.02,-1.03,-95627.27,-0.10,-1375.90,"NA",-1.81
"1439","雋揚",0.68,121329.00,13744.80,13700.36,7977.14,17.72,20.59,"*****","*****",67.07,0.06,39.85,41.34,116.17,569.55,10.45,"NA","NA","NA"
"1440","南紡",44.68,170.50,94.78,56.20,1.13,11.21,32.56,3.87,94.31,1.15,0.51,0.59,0.36,0.08,0.39,0.06,20.23,50.56,3.54
"1441","大東",56.80,118.69,72.73,25.49,-699.00,8.23,44.34,2.57,142.02,1.24,0.53,-10.89,-24.75,-32.54,-22.65,-3.06,-17.83,-94.26,-8.20
"1442","名軒",57.50,40204.90,594.71,25.72,14050.80,27.56,13.24,0.06,6083.33,28.13,0.06,0.89,1.95,4.63,14.44,0.33,-103.33,37.40,-22.74
"1443","立益物流",84.63,20.23,16.35,12.63,105.13,4.49,81.29,3.25,112.30,0.16,0.13,1.93,0.36,0.36,0.40,0.02,0.00,0.00,0.00
"1444","力麗",37.32,179.76,120.14,63.49,1.02,9.00,40.55,4.22,86.49,1.59,0.64,0.05,-0.54,0.02,-0.52,0.06,24.26,52.51,2.88
"1445","大宇",17.41,190.22,509.35,240.51,"NA",6.42,56.85,2.41,151.45,1.56,0.68,-1.94,-2.35,-4.15,-2.94,-0.30,59.02,345.84,2.96
"1446","宏和",63.40,21990.77,173.66,18.00,1.24,12.77,28.58,14.20,25.70,56.10,0.13,0.04,0.02,0.11,0.05,"NA","NA","NA","NA"
"1447","力鵬",44.17,190.56,123.68,82.75,-3.90,7.18,50.83,4.70,77.65,2.36,0.79,-1.05,-2.37,-3.41,-1.67,-0.29,7.33,83.24,1.32
"1449","佳和",88.94,41.10,39.25,15.01,1.58,11.22,32.53,2.58,141.47,2.36,0.40,-3.88,-14.54,-6.29,-4.42,-0.70,-2.19,-373.06,25.29
"1451","年興",22.96,383.38,362.90,185.86,-13.26,5.02,72.70,3.13,116.61,4.34,0.88,-0.68,-0.94,-3.56,-0.82,-0.35,-0.74,70.42,0.00
"1452","宏益",7.60,370.73,1198.86,996.43,4746.49,6.77,53.91,4.95,73.73,2.70,0.70,6.42,7.04,16.10,9.18,1.33,86.92,102.09,-1.53
"1453","大將",2.93,1229.98,2860.01,1366.12,0.00,166.70,2.18,0.15,2433.33,0.43,0.03,-3.42,-3.49,-4.56,-101.47,-0.46,40.63,173.91,1.19
"1454","台富",25.45,201.40,254.11,120.53,1890.54,10.56,34.56,2.25,162.22,2.39,0.93,1.79,2.28,2.89,1.83,0.28,0.29,0.76,0.04
"1455","集盛",25.15,159.39,167.45,86.70,-18.54,6.70,54.47,5.35,68.22,2.47,1.12,-2.74,-4.09,-5.42,-2.56,-0.49,85.20,121.43,9.56
"1456","怡華",76.13,5721.68,167.90,21.94,142.20,6.69,54.55,0.33,1106.06,17.62,0.21,1.46,2.15,2.73,2.40,0.27,0.03,0.10,0.01
"1457","宜進",59.33,411.95,102.87,77.90,5.63,6.36,57.38,3.74,97.59,1.14,0.23,3.96,7.80,21.57,14.02,1.02,1.52,54.23,-6.29
"1459","聯發",49.64,161.27,139.82,119.92,-45.45,9.20,39.67,7.22,50.55,1.16,0.47,-0.55,-2.85,-2.45,-2.71,-0.27,29.94,10.84,8.04
"1460","宏遠",64.19,126.12,114.36,26.14,-0.30,7.65,47.71,1.62,225.30,1.43,0.68,-1.37,-5.44,-2.98,-3.07,-0.56,0.57,23.37,0.26
"1463","強盛新",9.78,565.66,999.43,867.43,0.00,6.63,55.05,2.55,143.13,1.31,0.22,4.61,5.12,7.84,21.91,0.70,200.73,107.45,1.02
"1464","得力",66.63,153.51,120.12,72.24,4.24,5.24,69.65,2.84,128.52,1.77,0.62,4.43,10.70,17.34,5.63,1.61,6.76,6.97,0.44
"1465","偉全",16.62,699.74,891.47,791.53,-894817.65,9.12,40.02,2.59,140.92,2.39,0.31,-12.29,-16.37,-14.68,-40.53,3.20,2.37,78.72,-1.13
"1466","聚隆",54.67,158.34,207.27,94.76,-3.51,6.72,54.31,3.86,94.55,1.87,0.93,-2.20,-6.22,-10.29,-3.01,-0.89,9.48,49.22,0.99
"1467","南緯",63.22,188.57,138.16,85.13,0.61,6.42,56.85,4.22,86.49,3.08,0.99,-1.30,-6.76,-1.68,-2.48,-0.74,4.84,38.52,2.40
"1468","昶和",54.30,229.08,188.66,86.75,2.95,12.99,28.09,1.26,289.68,1.25,0.39,2.90,4.75,3.24,5.15,0.31,17.37,-158.26,3.91
"1470","大統新創",16.35,230.93,399.66,301.70,0.00,5.55,65.76,3.98,91.70,1.89,0.71,6.60,7.88,10.92,9.27,0.88,52.11,96.52,3.56
"1471","首利",48.75,165.63,97.48,77.99,-36.17,3.27,111.62,10.08,36.21,2.04,0.63,-23.62,-43.12,-23.85,-38.33,-2.37,-27.63,-209.97,-7.73
"1472","三洋實業",68.36,188.76,123.12,102.32,0.00,7.02,51.99,2.83,128.97,0.99,0.39,5.47,14.17,15.94,12.24,1.23,-34.08,-159.11,-13.74
"1473","台南",34.54,343.74,175.13,106.34,2.47,6.09,59.93,6.68,54.64,6.52,1.28,1.91,2.09,4.52,1.05,0.55,21.55,129.20,6.40
"1474","弘裕",47.54,191.11,157.89,93.92,4.75,5.19,70.32,3.67,99.45,2.89,0.93,1.43,2.04,5.10,1.13,0.40,11.28,93.07,3.52
"1475","業旺",67.14,2589.39,107.08,46.47,103.80,8.69,42.00,5.41,67.46,64.46,0.73,20.81,58.62,10.14,28.16,-1.28,-79.19,-12.06,-12.48
"1476","儒鴻",22.28,171.81,237.89,153.39,8698.16,8.22,44.40,4.71,77.49,2.73,1.24,19.19,24.53,197.62,15.29,15.67,114.90,96.89,12.22
"1477","聚陽",37.66,197.21,177.31,110.70,31.30,35.57,10.26,6.42,56.85,5.60,1.90,14.03,21.34,111.43,7.13,8.66,32.81,88.25,1.72
"1503","士電",39.46,195.63,132.48,86.29,45.34,4.12,88.59,3.32,109.93,1.85,0.64,4.40,7.28,42.67,6.68,3.21,11.36,110.29,1.62
"1504","東元",37.73,414.38,216.55,157.24,17.95,4.59,79.52,3.21,113.70,2.81,0.50,3.90,5.86,22.56,7.34,1.65,29.21,128.65,4.10
"1506","正道",67.69,116.06,87.75,35.01,-9.75,3.52,103.69,2.11,172.98,0.86,0.41,-11.87,-34.29,-29.91,-31.20,-2.52,1.33,34.63,0.50
"1512","瑞利",89.92,119.60,92.72,52.54,-888.72,2.71,134.68,4.44,82.20,1.58,0.65,-14.41,-94.09,-21.22,-24.27,-2.14,4.90,107.48,1.44
"1513","中興電",61.35,279.97,145.87,65.75,15.80,6.89,52.97,2.27,160.79,2.85,0.67,3.67,8.28,18.79,5.16,1.55,21.56,48.15,7.18
"1514","亞力",46.53,328.38,154.56,92.01,31.62,2.79,130.82,2.84,128.52,4.78,0.84,5.32,9.93,15.84,6.17,1.44,0.00,80.29,5.08
"1515","力山",50.01,152.03,122.52,102.20,30.18,5.73,63.69,9.22,39.58,3.50,1.14,18.58,42.40,40.94,16.10,7.01,46.66,191.88,22.83
"1516","川飛",17.67,849.55,501.95,501.95,"*****",3.91,93.35,"*****","*****",14.89,1.57,3.11,3.55,3.99,1.98,0.40,106.06,99.77,22.76
"1517","利奇",26.73,291.82,346.69,261.17,88937.93,3.85,94.80,3.77,96.81,2.40,0.66,0.35,0.48,1.13,0.53,0.05,9.36,53.03,0.30
"1519","華城",60.65,201.07,153.25,77.36,16.17,2.88,126.73,2.24,162.94,3.50,0.84,5.73,12.89,19.21,5.78,1.57,17.10,41.94,9.21
"1521","大億",47.72,219.15,146.34,67.89,278.27,6.51,56.06,5.49,66.48,5.55,1.52,10.21,19.22,58.82,6.69,4.73,26.00,83.58,2.89
"1522","堤維西",70.94,195.53,123.25,56.50,7.35,5.95,61.34,2.90,125.86,2.11,0.78,3.73,10.56,31.43,4.06,2.23,25.47,69.53,6.68
"1524","耿鼎",54.16,107.23,96.89,60.99,812.90,6.28,58.12,3.68,99.18,0.73,0.47,3.33,6.56,10.50,6.32,0.84,23.56,114.62,2.62
"1525","江申",18.48,862.08,175.83,145.93,241.00,6.67,54.72,6.58,55.47,2.50,0.25,5.82,7.05,57.42,23.34,3.95,-13.21,-21.52,-3.88
"1526","日馳",38.24,227.23,247.89,110.90,22.74,5.41,67.46,1.43,255.24,2.15,0.67,5.00,8.06,17.49,7.07,1.34,39.29,67.20,6.33
"1527","鑽全",15.88,407.93,505.68,424.57,10.42,4.61,79.17,3.56,102.52,3.75,0.36,6.53,14.88,53.05,16.56,4.15,155.61,147.90,9.00
"1528","恩德",52.91,230.97,150.62,86.08,-6.67,3.38,107.98,1.98,184.34,3.66,0.77,-4.51,-10.97,-13.85,-6.56,-1.39,21.42,22.11,14.52
"1529","樂事綠能",43.48,207.23,170.48,157.87,-1064.69,3.93,92.87,32.14,11.35,1.23,0.42,2.75,4.84,4.94,5.38,0.54,-30.77,-113.59,-14.80
"1530","亞崴",55.28,135.38,115.39,62.38,6.53,2.88,126.73,1.40,260.71,1.45,0.47,1.85,3.70,19.01,3.15,1.23,24.10,90.34,14.88
"1531","高林股",16.76,371.98,802.77,566.26,40.62,2.36,154.66,1.80,202.77,1.96,0.48,0.68,0.80,2.32,1.37,0.16,129.73,80.69,6.84
"1532","勤美",63.33,280.47,169.46,57.45,367.32,3.33,109.60,0.66,553.03,1.44,0.32,2.17,4.05,23.05,4.81,1.32,-2.53,73.17,-4.67
"1533","車王電",54.42,306.20,169.73,101.55,6.31,4.33,84.29,1.10,331.81,2.62,0.51,5.41,4.91,17.32,4.32,2.05,16.29,151.75,3.21
"1535","中宇",51.93,2070.83,169.15,106.74,32.31,5.49,66.48,0.35,1042.85,65.06,1.51,1.84,4.25,13.22,1.36,1.03,35.52,-4.50,25.14
"1536","和大",61.38,115.36,106.19,67.30,8.42,2.75,132.72,2.26,161.50,0.61,0.36,4.43,9.68,29.22,10.94,2.55,6.44,36.70,-3.80
"1537","廣隆",25.40,426.13,422.62,277.70,317.49,6.46,56.50,3.58,101.95,7.54,1.41,17.96,25.25,164.35,12.69,12.32,168.39,119.14,14.43
"1538","正峰",84.33,246.63,179.68,156.04,-6.54,5.61,65.06,3.53,103.39,0.88,0.33,-12.29,-64.30,-25.17,-40.70,-2.63,-2.60,-13.84,-0.69
"1539","巨庭",60.81,172.70,141.34,112.86,6.04,6.82,53.51,3.83,95.30,2.48,0.68,2.55,5.22,14.50,3.18,1.07,-8.80,66.03,-13.70
"1540","喬福",13.24,445.56,626.49,503.24,18517.00,8.97,40.69,1.82,200.54,2.01,0.37,6.50,8.02,16.95,17.23,1.35,57.82,198.02,-0.94
"1541","錩泰",58.80,196.38,136.81,90.45,35.42,3.34,109.28,5.43,67.21,6.39,1.42,8.77,21.06,42.55,5.98,3.19,26.97,88.23,28.94
"1558","伸興",25.43,303.34,325.06,273.53,215.60,5.76,63.36,7.26,50.27,3.80,0.90,10.43,14.26,149.42,11.59,11.16,59.39,122.31,1.74
"1560","中砂",41.89,177.14,177.74,92.81,9833.66,5.84,62.50,2.59,140.92,1.51,0.67,7.49,11.78,48.67,11.08,3.81,58.62,68.45,5.65
"1563","巧新",56.39,145.42,234.78,66.44,8.11,7.03,51.92,0.86,424.41,0.62,0.35,4.09,8.43,37.85,10.57,3.20,19.20,35.74,-0.08
"1568","倉佑",53.45,153.54,174.98,102.59,2.87,2.96,123.31,2.48,147.17,1.28,0.58,1.16,1.77,2.68,1.37,0.27,30.51,68.00,5.83
"1582","信錦",42.95,509.07,202.08,177.59,7125.43,2.46,148.37,8.47,43.09,7.00,0.86,10.38,16.72,116.79,10.98,7.61,29.75,116.61,4.96
"1583","程泰",53.83,183.19,139.25,75.66,8.59,2.96,123.31,1.17,311.96,1.53,0.44,2.75,5.48,43.15,5.38,2.43,32.58,86.87,19.35
"1587","吉茂",52.85,146.95,127.90,64.25,1.39,4.39,83.14,1.56,233.97,1.55,0.59,0.72,0.17,1.19,0.14,0.05,17.39,56.48,9.39
"1589","永冠-KY",42.15,178.97,219.02,171.71,2.37,3.11,117.36,4.65,78.49,1.36,0.56,2.21,2.06,3.35,2.07,1.54,-10.50,44.90,-2.35
"1590","亞德客-KY",54.47,112.64,101.86,82.35,13.10,3.18,114.77,2.34,155.98,0.82,0.42,7.87,15.45,195.87,17.15,14.42,31.32,54.86,14.71
"1597","直得",39.02,204.74,248.73,150.40,1585.19,3.05,119.67,1.01,361.38,1.12,0.40,5.66,8.82,27.37,13.43,2.15,24.30,139.49,2.43
"1598","岱宇",69.24,130.76,92.88,58.70,5.69,6.03,60.53,3.41,107.03,2.14,0.82,3.74,10.18,28.99,3.76,2.05,10.77,40.39,-0.77
"1603","華電",36.58,190.63,165.91,113.68,19.96,2.37,154.00,2.29,159.38,0.87,0.34,3.08,4.64,14.91,8.58,1.46,11.59,85.31,2.40
"1604","聲寶",45.28,154.28,131.68,74.09,28.05,11.64,31.35,3.88,94.07,1.55,0.58,6.46,11.69,20.97,10.86,2.00,18.66,40.24,-0.02
"1605","華新",43.09,349.51,149.20,89.96,947.08,10.06,36.28,5.21,70.05,5.09,0.99,3.12,4.79,14.25,2.80,0.95,21.17,72.07,4.51
"1608","華榮",35.70,293.99,161.59,78.79,2896.70,7.88,46.31,2.81,129.89,2.60,0.66,6.32,9.63,10.49,9.35,1.87,2.39,88.50,0.51
"1609","大亞",59.64,267.72,134.41,87.94,360.58,5.80,62.93,4.72,77.33,3.78,0.88,3.91,7.09,12.22,3.22,0.86,7.67,43.55,2.75
"1611","中電",22.59,398.86,215.27,167.33,36.17,4.08,89.46,2.79,130.82,1.84,0.40,13.22,16.24,22.59,32.40,1.94,22.27,44.06,4.11
"1612","宏泰",20.28,296.57,303.61,168.16,63.78,4.62,79.00,2.86,127.62,2.39,0.64,3.71,4.42,7.25,5.75,0.64,-6.09,18.94,-2.28
"1614","三洋電",17.44,138.90,275.32,124.14,114.95,18.69,19.52,3.81,95.80,1.27,0.81,3.91,4.78,10.50,4.80,0.96,86.53,76.77,4.43
"1615","大山",35.35,335.34,215.82,115.39,57.75,5.99,60.93,4.52,80.75,5.07,1.20,9.50,14.07,27.24,7.76,2.18,-0.13,72.79,-4.00
"1616","億泰",46.95,225.03,154.20,58.91,-5.75,7.20,50.69,2.82,129.43,4.31,1.09,-1.71,-3.70,-2.98,-1.85,-0.31,31.09,295.86,25.08
"1617","榮星",38.17,220.54,177.75,150.16,14.00,4.21,86.69,8.94,40.82,3.60,1.00,3.32,5.15,8.96,3.06,0.62,27.43,108.40,4.33
"1618","合機",11.27,298.07,546.81,367.76,191.67,5.89,61.96,3.68,99.18,2.22,0.62,1.54,1.69,3.38,2.46,0.28,-51.32,44.25,-6.24
"1626","艾美特-KY",66.19,213.42,104.29,61.01,4.67,5.78,63.14,3.88,94.07,5.38,1.14,3.78,9.23,23.59,2.48,2.05,29.97,236.35,36.03
"1702","南僑",73.08,133.04,129.47,93.72,7.10,10.29,35.47,5.37,67.97,1.51,0.79,5.13,15.93,54.48,5.51,3.90,34.56,62.38,7.61
"1707","葡萄王",34.23,132.47,109.11,86.89,138.94,48.63,7.50,2.91,125.42,1.49,0.84,17.75,26.92,179.04,20.98,9.63,77.27,89.90,7.10
"1708","東鹼",52.83,105.83,92.69,67.51,2.60,8.36,43.66,8.18,44.62,0.44,0.35,3.50,4.68,15.24,6.32,1.30,32.14,54.12,3.70
"1709","和益",35.88,174.80,146.59,49.76,11.80,7.85,46.49,2.37,154.00,1.91,0.78,2.04,2.82,6.24,2.36,0.44,28.99,74.05,5.61
"1710","東聯",54.63,175.08,71.02,47.27,-91.84,14.81,24.64,15.37,23.74,1.44,0.61,0.06,-1.45,-7.54,-1.14,0.04,-6.98,68.62,-6.02
"1711","永光",40.26,174.41,158.25,67.44,5.38,5.40,67.59,2.01,181.59,1.65,0.68,3.10,4.35,8.33,3.74,0.66,32.40,99.45,5.38
"1712","興農",53.64,142.93,123.95,65.80,12.43,7.87,46.37,4.38,83.33,2.44,1.13,4.90,9.64,20.11,3.99,1.60,31.73,171.92,8.32
"1713","國化",6.27,653.51,2729.86,2285.05,0.00,5.64,64.71,3.36,108.63,1.66,0.24,3.91,4.18,6.51,16.26,0.64,-13.14,6.90,-4.00
"1714","和桐",41.89,309.97,208.60,142.10,3.63,5.74,63.58,6.18,59.06,4.72,1.12,2.18,2.53,5.57,1.31,0.02,32.60,262.91,8.08
"1717","長興",59.25,217.76,190.96,139.84,6.82,2.63,138.78,4.22,86.49,2.22,0.74,5.23,11.15,23.49,6.01,1.99,31.24,67.07,6.70
"1718","中纖",91.49,"NA","NA","NA","NA","NA","NA","NA","NA",0.39,0.03,0.95,4.34,19.22,14.39,-0.57,"NA","NA","NA"
"1720","生達",32.93,241.65,199.33,139.22,56.34,4.28,85.28,2.51,145.41,1.85,0.59,7.16,10.58,32.78,11.95,2.11,35.19,106.15,5.48
"1721","三晃",46.36,179.77,196.23,113.04,0.54,4.86,75.10,3.41,107.03,1.86,0.78,0.21,-0.30,-0.41,-0.21,-0.03,20.69,117.52,4.27
"1722","台肥",32.95,515.47,585.18,457.49,47344.38,11.94,30.56,3.74,97.59,0.91,0.16,2.72,4.06,25.14,16.01,2.11,181.99,134.68,1.98
"1723","中碳",39.14,199.09,122.01,85.54,6191.00,13.53,26.97,7.81,46.73,1.79,0.63,11.03,17.57,67.34,17.14,5.57,47.37,57.75,2.41
"1725","元禎",36.12,695.43,251.96,240.62,2161.01,8.18,44.62,45.01,8.10,16.63,1.58,3.74,5.88,12.44,2.27,1.07,19.84,163.25,6.31
"1726","永記",13.96,367.85,613.92,425.04,2378.38,3.63,100.55,2.70,135.18,3.21,0.76,6.89,8.10,52.68,8.59,4.21,38.14,77.76,-1.62
"1727","中華化",41.61,110.23,103.82,70.53,7.03,3.25,112.30,5.88,62.07,1.82,0.90,1.47,2.11,4.09,1.36,0.30,24.43,127.86,6.49
"1730","花仙子",33.02,193.27,209.54,143.97,12298.53,5.71,63.92,4.53,80.57,3.27,1.23,13.38,21.32,74.52,10.75,5.37,85.69,88.61,16.46
"1731","美吾華",35.74,457.90,238.05,208.75,26.24,1.60,228.12,2.10,173.80,2.45,0.40,3.87,5.78,10.14,9.13,0.76,32.85,108.86,6.56
"1732","毛寶",23.78,233.60,331.52,240.36,91.97,6.31,57.84,3.27,111.62,2.89,1.00,4.30,5.63,6.84,4.17,0.59,26.81,455.87,4.95
"1733","五鼎",40.42,297.82,286.14,201.19,17.93,4.67,78.15,2.78,131.29,2.93,0.82,4.50,6.80,16.30,5.14,1.14,74.45,106.93,13.72
"1734","杏輝",45.87,144.18,195.71,131.99,-2.75,4.05,90.12,2.76,132.24,0.72,0.41,-2.19,-4.47,-5.17,-6.18,0.08,-6.88,40.45,-1.48
"1735","日勝化",49.53,187.96,140.67,95.43,10.67,3.01,121.26,3.90,93.58,3.67,1.07,4.49,8.27,17.61,3.71,1.19,30.79,183.24,12.86
"1736","喬山",66.08,361.82,139.62,74.70,7.51,3.30,110.60,2.13,171.36,7.83,1.00,5.68,14.74,53.26,5.10,4.26,7.17,43.25,5.12
"1737","臺鹽",19.05,209.48,363.80,313.72,179.93,10.05,36.31,5.08,71.85,0.92,0.38,4.65,5.61,21.42,11.88,1.73,44.42,83.75,-0.36
"1752","南光",33.46,127.62,140.38,77.98,71.27,4.64,78.66,2.31,158.00,0.95,0.56,6.97,10.26,24.84,12.34,2.17,39.19,100.61,6.66
"1760","寶齡富錦",28.90,321.00,314.00,212.00,125.00,4.60,79.34,2.10,173.80,3.40,0.80,8.70,11.90,29.50,10.20,2.10,23.20,61.40,-2.80
"1762","中化生",41.40,131.28,119.28,47.27,14.53,8.17,44.67,1.47,248.29,0.52,0.34,3.77,5.85,18.53,10.12,1.51,46.51,61.72,4.64
"1773","勝一",29.61,149.61,117.44,71.50,239.21,6.51,56.06,6.16,59.25,2.64,1.15,13.58,18.19,72.37,11.79,5.90,60.12,84.55,4.90
"1776","展宇",40.81,359.25,230.74,122.84,18.27,3.56,102.52,3.56,102.52,3.23,0.84,4.08,6.64,13.06,4.61,0.86,27.38,79.19,5.73
"1783","和康生",28.19,177.12,198.84,116.12,22.22,4.90,74.48,2.02,180.69,0.92,0.39,5.42,7.10,10.48,13.29,0.87,29.33,64.62,4.28
"1786","科妍",26.91,137.49,363.97,327.00,2197.75,6.51,56.06,3.48,104.88,0.38,0.25,7.07,9.89,23.11,27.56,2.09,136.06,36.63,5.54
"1789","神隆",12.12,246.58,728.90,559.57,575.95,5.03,72.56,0.93,392.47,0.59,0.23,2.16,2.08,3.35,7.49,0.27,106.36,179.47,2.42
"1795","美時",56.78,798.75,184.85,138.29,3.58,5.48,66.60,3.96,92.17,4.97,0.55,5.79,8.79,36.04,7.39,2.74,10.23,90.46,4.64
"1802","台玻",50.34,120.21,104.59,68.79,-0.63,3.65,100.00,3.53,103.39,0.85,0.48,-1.12,-3.53,-4.47,-3.85,-0.50,11.16,117.45,2.00
"1805","寶徠",54.99,944.98,170.24,46.39,-2.61,90.87,4.01,0.11,3318.18,1.83,0.09,-3.90,-11.57,-7.15,-57.40,-0.91,-0.98,-150.18,-1.12
"1806","冠軍",40.15,170.45,196.59,111.75,-2.78,5.07,71.99,1.81,201.65,1.08,0.45,-3.28,-6.89,-9.64,-8.99,-0.98,8.46,212.34,3.11
"1808","潤隆",81.06,1012.66,189.70,42.46,3.19,6.80,53.67,0.22,1659.09,2.35,0.16,3.59,10.22,24.05,15.62,2.13,0.00,0.00,0.00
"1809","中釉",20.88,224.07,336.70,235.11,-600.31,2.85,128.07,2.18,167.43,1.40,0.50,-1.46,-2.12,-5.41,-3.46,-0.24,15.64,185.25,1.62
"1810","和成",47.71,152.95,123.50,67.81,2.12,3.75,97.33,2.05,178.04,1.28,0.51,0.92,0.64,2.43,0.65,0.13,8.67,115.02,2.64
"1817","凱撒衛",33.02,162.57,180.86,92.09,31.43,9.65,37.82,2.76,132.24,2.10,0.96,7.73,10.60,33.82,7.70,2.48,58.43,74.97,8.42
"1903","士紙",61.75,386.86,34.87,30.93,-5.87,3.96,92.17,0.77,474.02,0.16,0.03,-2.35,-6.99,-6.90,-105.95,-0.69,0.00,0.00,0.00
"1904","正隆",56.93,154.46,161.61,93.17,5.06,6.22,58.68,3.66,99.72,1.38,0.68,4.73,9.44,26.94,5.81,2.08,48.56,83.83,7.67
"1905","華紙",44.06,120.81,117.83,77.48,-2.97,6.30,57.93,4.82,75.72,1.41,0.67,-0.73,-1.97,-3.29,-1.46,-0.22,7.38,55.41,0.88
"1906","寶隆",32.17,11429.58,12.84,11.89,8.72,18.01,20.26,59.96,6.08,34.26,0.22,2.35,3.20,8.73,9.53,0.80,4.18,131.14,-0.34
"1907","永豐餘",58.06,178.59,128.11,86.07,482.30,4.98,73.29,5.98,61.03,1.55,0.62,2.84,5.44,21.42,3.56,1.38,29.51,101.00,6.63
"1909","榮成",68.28,97.21,67.34,46.69,1.29,4.07,89.68,11.44,31.90,1.12,0.69,2.67,2.28,3.06,1.05,0.45,20.56,43.20,9.98
"2002","中鋼",50.16,131.86,108.11,28.72,5.07,21.25,17.17,2.85,128.07,0.84,0.49,1.91,3.06,8.11,3.10,0.57,26.23,124.18,2.29
"2006","東和鋼鐵",49.04,162.97,146.83,32.32,7.80,13.46,27.11,2.75,132.72,2.22,0.94,3.73,6.45,21.14,3.47,1.56,24.46,29.59,4.83
"2007","燁興",72.97,108.30,107.75,39.04,-3.78,41.50,8.79,4.04,90.34,0.38,0.30,-2.49,-21.48,-11.98,-9.96,-1.21,0.00,2.10,0.00
"2008","高興昌",52.64,154.87,56.91,35.34,-174.05,17.68,20.64,2.12,172.16,0.72,0.22,-1.69,-5.15,-6.17,-10.86,-0.61,-2.44,-116.05,-0.98
"2009","第一銅",30.55,420.35,147.95,55.74,-1128.75,13.38,27.27,1.99,183.41,2.81,0.48,-1.77,-2.72,-2.77,-3.90,-0.28,4.95,106.44,0.90
"2010","春源",38.29,229.57,194.70,136.53,6.55,3.49,104.58,3.73,97.85,3.32,0.97,1.57,2.16,4.58,1.39,0.37,18.12,87.21,5.69
"2012","春雨",60.47,234.88,191.38,81.58,5.87,4.28,85.28,2.19,166.66,2.87,0.86,5.83,12.37,20.11,5.72,1.60,5.88,85.40,-1.15
"2013","中鋼構",70.26,274.04,109.70,20.96,3.21,8.21,44.45,1.92,190.10,8.22,1.07,1.32,3.70,6.84,0.94,0.82,21.83,31.00,24.36
"2014","中鴻",52.17,174.95,108.31,24.69,1.08,49.23,7.41,5.23,69.78,3.13,1.26,0.34,0.07,0.07,0.02,0.01,29.55,167.45,5.03
"2015","豐興",14.81,185.73,297.05,120.26,177.66,18.35,19.89,4.51,80.93,2.82,1.29,8.91,10.63,41.11,7.08,3.37,159.62,72.70,7.04
"2017","官田鋼",39.88,153.33,95.12,45.83,-1.45,12.01,30.39,2.99,122.07,0.97,0.46,-1.27,-2.97,-4.33,-3.89,-0.50,28.07,116.56,5.03
"2020","美亞",50.32,386.01,144.76,77.22,14.67,9.71,37.59,2.78,131.29,4.51,0.75,7.72,14.17,22.25,9.71,1.96,28.65,107.31,6.24
"2022","聚亨",38.45,149.09,143.55,57.34,-4.07,14.31,25.50,4.41,82.76,2.72,0.93,-6.95,-17.22,-19.61,-8.75,-1.64,25.42,44.66,6.01
"2023","燁輝",67.23,130.12,75.73,40.66,-0.51,14.69,24.84,6.31,57.84,1.42,0.70,-0.76,-5.96,-10.38,-2.85,-0.73,10.22,43.90,2.99
"2024","志聯",46.37,116.03,121.96,61.32,2.36,5.12,71.28,2.18,167.43,1.04,0.56,1.33,1.47,2.16,1.39,0.18,18.55,83.13,4.57
"2025","千興",67.38,141.46,122.11,30.19,-10.41,"*****","*****",2.30,158.69,1.30,0.57,-8.15,-24.52,-6.32,-15.40,-0.63,-21.55,142.25,-3.14
"2027","大成鋼",64.84,570.67,325.83,68.02,2.65,12.90,28.29,1.25,292.00,5.73,0.77,3.90,5.95,25.48,3.09,1.49,7.49,15.94,"NA"
"2028","威致",60.07,122.14,123.16,29.31,357.20,22.57,16.17,5.66,64.48,2.61,1.51,4.20,8.35,5.88,2.02,0.60,21.84,101.97,3.77
"2029","盛餘",9.21,324.90,899.63,593.83,9.81,12.69,28.76,5.06,72.13,3.62,1.03,0.37,0.35,1.86,0.31,0.11,43.92,79.49,1.10
"2030","彰源",62.45,162.58,160.64,59.65,4.23,10.55,34.59,2.76,132.24,2.95,1.13,3.46,6.69,13.73,2.24,0.94,19.17,155.91,4.88
"2031","新光鋼",57.67,252.69,137.24,80.05,1.74,3.36,108.63,2.14,170.56,2.18,0.53,1.51,1.68,4.01,1.39,0.39,6.56,45.51,0.00
"2032","新鋼",16.18,318.03,980.96,749.46,106.48,4.68,77.99,8.84,41.28,4.87,1.43,2.41,2.86,4.42,1.67,0.36,79.85,106.41,3.28
"2033","佳大",17.80,214.72,244.87,145.54,14.47,4.39,83.14,3.27,111.62,1.76,0.67,3.13,3.67,4.53,4.38,0.45,37.35,172.53,4.10
"2034","允強",38.65,180.35,163.45,77.92,3091.58,11.01,33.15,4.09,89.24,3.53,1.34,5.41,8.13,19.09,3.82,1.53,17.23,88.25,-0.67
"2038","海光",56.35,102.88,90.88,28.02,-3.30,8.91,40.96,4.05,90.12,2.36,0.98,-2.36,-8.15,-17.78,-3.18,-1.39,10.45,35.88,4.48
"2049","上銀",51.06,115.66,95.04,45.90,12.20,3.69,98.91,1.51,241.72,0.76,0.42,3.71,6.82,71.38,8.12,6.03,8.92,52.46,-2.17
"2059","川湖",15.67,836.82,829.18,790.27,179.17,4.47,81.65,4.84,75.41,3.55,0.38,13.10,14.98,212.45,32.00,16.35,143.92,174.81,7.26
"2062","橋椿",56.79,119.36,114.06,45.05,201.08,4.75,76.84,2.59,140.92,0.82,0.50,1.05,1.32,4.70,1.15,0.43,18.30,29.47,4.21
"2069","運錩",58.87,122.55,110.18,47.83,1.10,10.57,34.53,4.51,80.93,2.16,1.06,1.68,0.22,1.09,0.09,0.05,22.74,31.18,4.65
"2101","南港",61.26,146.42,113.93,57.66,10.95,4.82,75.72,1.07,341.12,1.34,0.44,4.87,10.77,16.01,10.22,1.42,27.48,71.21,14.37
"2102","泰豐",46.19,129.74,272.12,150.59,-745.29,3.95,92.40,3.55,102.81,0.49,0.33,-4.37,-8.73,-14.00,-14.74,-1.46,30.49,73.29,2.84
"2103","台橡",49.40,231.28,165.22,92.98,6.88,8.19,44.56,3.97,91.93,3.07,0.92,3.09,4.90,15.19,2.83,0.90,27.93,91.81,5.05
"2104","國際中橡",33.47,254.16,230.76,201.65,8.20,4.43,82.39,5.62,64.94,1.50,0.43,2.61,3.50,21.22,5.23,1.20,8.41,67.28,-0.53
"2105","正新",52.47,120.74,135.77,91.62,434.00,8.62,42.34,4.57,79.86,1.10,0.65,2.89,4.46,21.61,3.21,1.07,42.13,91.84,6.45
"2106","建大",55.30,223.52,273.08,173.44,5.85,8.38,43.55,3.30,110.60,2.26,0.76,3.02,5.36,15.63,3.15,1.16,16.28,80.86,1.13
"2107","厚生",16.75,1240.47,446.75,207.18,29.16,17.43,20.94,0.40,912.50,2.95,0.20,4.09,5.09,15.79,19.95,1.54,92.89,63.93,12.38
"2108","南帝",18.04,377.56,496.42,412.25,774.91,7.86,46.43,9.08,40.19,5.03,1.19,14.25,17.39,41.23,11.96,2.89,134.37,196.90,7.39
"2109","華豐",43.56,169.98,201.78,138.16,-3.50,4.80,76.04,4.02,90.79,1.57,0.72,2.76,3.64,8.81,2.82,0.03,25.10,74.86,3.28
"2114","鑫永銓",14.47,215.40,438.19,350.98,1599079.87,6.29,58.02,3.45,105.79,1.49,0.61,14.85,17.21,70.59,24.08,5.63,172.94,99.86,7.89
"2115","六暉-KY",44.52,243.85,203.02,153.18,27.62,4.10,89.02,3.44,106.10,2.90,0.72,6.67,10.68,40.18,8.90,2.81,21.06,76.15,5.53
"2201","裕隆",81.82,164.54,100.58,91.97,-19.88,0.68,536.76,4.57,79.86,2.32,0.28,-7.63,-35.01,-149.00,-28.59,-15.60,-10.80,0.00,-25.13
"2204","中華",18.07,682.42,226.66,133.21,-78.05,10.62,34.36,6.00,60.83,4.79,0.53,-3.95,-4.71,-30.35,-7.53,-2.38,22.24,69.92,-0.92
"2206","三陽工業",62.94,195.90,107.36,76.69,11.13,12.43,29.36,6.32,57.75,2.91,0.85,6.06,14.94,28.23,6.57,2.71,7.71,71.34,1.18
"2207","和泰車",70.41,209.23,108.00,95.38,118.02,1.28,285.15,13.46,27.11,4.13,0.75,5.65,20.30,318.08,7.50,21.55,10.31,61.91,9.69
"2208","台船",81.59,163.11,107.24,32.30,-11.19,11.64,31.35,10.93,33.39,1.53,0.57,-5.86,-29.18,-38.24,-10.97,-3.91,2.79,103.08,1.38
"2211","長榮鋼",18.30,416.60,265.97,241.32,245.54,9.95,36.68,8.37,43.60,2.35,0.46,7.46,9.07,40.41,16.04,2.44,33.17,128.41,-0.43
"2227","裕日車",24.49,1285.55,404.76,398.99,1146.62,41.19,8.86,"NA","NA",17.44,1.19,26.66,34.65,303.74,22.41,24.27,-24.33,1.40,-22.40
"2228","劍麟",22.55,220.15,385.69,267.09,456.13,5.34,68.35,3.89,93.83,2.41,0.92,13.16,17.03,99.70,14.34,8.66,92.48,91.42,5.88
"2231","為升",37.04,245.44,176.91,130.74,60.90,3.05,119.67,2.75,132.72,2.38,0.59,13.55,21.76,91.91,22.66,8.00,25.41,73.87,-5.32
"2233","宇隆",31.08,198.01,247.84,176.54,32.50,4.29,85.08,2.35,155.31,1.53,0.63,8.06,10.99,60.38,12.48,5.07,87.68,88.09,12.21
"2236","百達-KY",42.66,624.74,237.78,168.11,9.88,2.84,128.52,2.67,136.70,6.41,0.80,2.74,3.90,24.96,2.91,0.88,55.61,188.31,22.19
"2239","英利-KY",56.66,189.25,118.95,75.01,4.48,4.28,85.28,3.45,105.79,2.45,0.73,3.96,7.31,96.01,4.35,5.46,23.77,52.97,12.69
"2241","艾姆勒",46.61,154.13,299.47,189.31,7.84,4.41,82.76,2.65,137.73,0.68,0.36,3.98,7.28,12.30,9.53,1.01,-9.48,5.32,-1.35
"2243","宏旭-KY",75.02,382.25,144.55,65.35,2.44,1.67,218.56,0.97,376.28,3.97,0.49,-2.67,-14.64,30.08,-7.42,-3.03,4.79,-8.59,3.96
"2247","汎德永業",46.09,262.88,191.08,101.76,17.66,104.56,3.49,8.10,45.06,7.91,2.40,5.52,8.55,128.78,2.17,10.20,49.82,52.01,15.75
"2248","華勝-KY",36.54,365.08,195.21,154.29,19.86,2.24,162.94,2.32,157.32,3.00,0.57,1.96,2.80,6.42,3.22,0.49,38.87,170.07,12.12
"2250","IKKA-KY",72.29,151.89,118.31,85.20,9.14,5.06,72.13,6.32,57.75,4.37,1.41,5.04,16.03,77.54,3.11,5.93,23.14,138.09,11.36
"2301","光寶科",60.01,402.86,134.24,111.51,15.65,4.19,87.11,5.06,72.13,8.97,0.93,5.24,13.04,52.59,5.29,4.03,18.06,121.73,11.88
"2302","麗正",17.17,369.79,167.71,117.76,1.23,4.27,85.48,2.76,132.24,1.06,0.25,0.11,0.03,0.03,0.09,0.00,29.85,224.79,6.10
"2303","聯電",44.02,169.65,211.45,172.13,2.96,5.98,61.03,6.36,57.38,0.92,0.40,2.31,4.70,7.92,4.14,0.82,75.51,96.56,4.54
"2305","全友",23.90,516.18,444.12,395.86,5.41,8.78,41.57,2.72,134.19,0.98,0.19,0.43,0.27,1.25,1.18,0.01,-45.71,17.36,-4.30
"2308","台達電",43.94,300.54,172.13,123.46,4084.23,4.59,79.52,4.58,79.69,4.87,0.94,8.27,17.10,112.24,8.62,8.90,48.89,90.33,13.63
"2312","金寶",73.35,156.92,103.17,64.61,1.67,5.17,70.59,5.73,63.69,5.39,1.40,1.44,1.75,5.45,0.33,0.34,12.82,45.24,10.39
"2313","華通",57.95,166.73,187.28,142.38,12.91,3.98,91.70,6.39,57.12,2.12,0.94,7.06,15.52,46.71,6.80,3.21,42.88,93.02,9.07
"2314","台揚",47.15,655.31,182.42,131.53,1.92,4.08,89.46,3.88,94.07,11.19,1.06,0.10,0.06,0.46,0.03,0.01,12.32,87.73,5.86
"2316","楠梓電",41.31,483.77,344.95,295.15,18.41,3.48,104.88,5.71,63.92,2.39,0.41,4.69,7.60,31.96,10.80,2.55,12.41,31.53,0.10
"2317","鴻海",57.85,578.55,155.27,122.96,3.47,5.08,71.85,8.46,43.14,18.90,1.59,5.53,9.67,118.21,2.47,8.32,14.96,50.74,9.23
"2321","東訊",72.50,1148.88,110.70,90.41,-318.80,5.76,63.36,4.51,80.93,13.46,0.72,-4.15,-19.12,-3.57,-7.41,-0.78,0.00,229.54,0.00
"2323","中環",23.27,399.11,352.80,268.61,6.75,3.56,102.52,1.93,189.11,0.93,0.28,0.77,0.86,1.84,2.38,0.20,-24.94,446.04,-2.21
"2324","仁寶",70.01,635.02,134.14,102.94,4.67,4.96,73.58,12.01,30.39,48.55,2.51,2.57,6.93,22.71,0.81,1.60,8.18,37.92,9.89
"2327","國巨",52.02,300.50,106.92,89.14,18.19,2.78,131.29,2.84,128.52,2.11,0.38,6.78,13.36,210.30,17.07,16.35,33.74,125.20,-10.14
"2328","廣宇",42.00,747.56,184.42,152.87,28.34,3.33,109.60,8.41,43.40,14.48,1.14,5.36,9.19,29.52,4.50,1.97,28.70,79.52,11.30
"2329","華泰",61.89,110.30,75.74,59.96,7.36,6.06,60.23,11.17,32.67,2.58,1.07,4.17,10.16,13.22,3.36,1.06,36.73,114.61,12.78
"2330","台積電",28.38,123.79,139.25,124.92,120.92,7.95,45.91,6.20,58.87,0.88,0.49,15.99,20.94,150.34,32.28,13.32,104.13,106.60,8.45
"2331","精英",52.82,440.88,140.30,115.62,1.85,5.96,61.24,7.86,46.43,10.24,1.21,0.15,0.48,1.58,0.19,0.08,13.15,121.82,8.92
"2332","友訊",43.19,825.14,171.14,120.08,-6.16,4.09,89.24,3.13,116.61,15.57,1.02,-2.28,-5.48,-4.44,-2.99,-0.78,0.78,193.65,-0.81
"2337","旺宏",46.43,152.77,170.23,87.52,16.37,7.44,49.05,1.65,221.21,1.44,0.58,5.30,9.44,16.45,8.61,1.64,28.76,77.63,1.58
"2338","光罩",45.49,259.09,131.46,114.02,24.63,5.20,70.19,8.74,41.76,2.76,0.72,6.77,10.95,14.82,8.99,2.19,39.09,95.24,11.71
"2340","台亞",29.48,296.01,351.56,275.75,24.68,3.46,105.49,2.94,124.14,1.81,0.53,6.16,8.17,20.77,11.16,1.45,85.68,107.15,7.09
"2342","茂矽",28.81,775.25,391.31,323.69,-25.53,4.76,76.68,4.32,84.49,4.35,0.42,-11.95,-18.51,-25.38,-29.23,-2.56,-19.17,12.29,-0.54
"2344","華邦電",39.07,153.20,214.42,150.85,9.00,7.71,47.34,3.37,108.30,0.89,0.48,1.64,2.31,4.40,3.02,0.32,60.38,75.01,3.30
"2345","智邦",56.63,1036.31,177.51,118.94,336.17,7.41,49.25,5.37,67.97,48.37,2.13,19.13,42.90,109.84,8.94,8.91,56.51,51.81,37.63
"2347","聯強",64.83,804.68,119.04,81.00,1342.21,6.20,58.87,8.81,41.43,51.25,2.30,5.01,14.00,53.30,2.00,4.09,19.91,69.56,33.58
"2348","海悅",62.70,10570.04,331.71,118.72,131.89,4.14,88.16,0.42,869.04,99.68,0.47,15.96,35.31,80.30,33.38,6.59,-88.74,-13.04,-42.56
"2349","錸德",46.70,160.22,180.30,131.39,-12.77,4.82,75.72,2.53,144.26,0.68,0.35,-10.88,-21.10,-19.24,-33.06,-1.76,24.89,106.89,2.53
"2351","順德",42.56,180.73,249.66,124.84,12.17,4.54,80.39,2.67,136.70,1.89,0.81,5.48,9.18,41.24,6.23,2.70,47.96,97.08,3.39
"2352","佳世達",64.69,294.03,119.21,75.79,6.88,5.71,63.92,5.54,65.88,7.56,1.33,4.08,10.03,30.23,2.60,1.82,12.90,93.44,12.70
"2353","宏碁",62.08,2010.96,144.10,90.30,20.61,4.83,75.56,5.04,72.42,63.25,1.51,1.75,4.35,12.07,1.10,0.87,-1.63,-20.52,-5.96
"2354","鴻準",34.01,1827.64,197.07,128.66,20.63,3.23,113.00,31.34,11.64,14.83,0.62,4.61,6.76,59.22,7.05,5.04,23.00,144.97,6.04
"2355","敬鵬",32.00,200.00,204.00,154.00,15.00,4.89,74.64,4.87,74.94,2.38,0.77,3.00,4.00,21.00,4.00,1.66,28.00,140.00,6.00
"2356","英業達",70.50,214.93,119.77,90.28,4.70,5.54,65.88,11.32,32.24,16.30,2.59,3.13,8.43,18.14,0.97,1.54,9.64,49.19,0.06
"2357","華碩",47.93,883.43,155.44,101.85,102.98,4.46,81.83,3.00,121.66,17.98,1.01,3.79,7.42,230.34,3.70,16.34,22.86,79.66,11.60
"2359","所羅門",20.66,968.01,374.14,302.50,16919.99,4.56,80.04,3.79,96.30,6.96,0.60,5.86,7.39,25.51,9.66,1.86,70.24,158.13,10.77
"2360","致茂",41.87,557.61,168.74,129.77,44.29,2.80,130.35,2.59,140.92,4.21,0.57,7.80,12.83,55.77,13.33,4.48,18.26,68.13,-2.54
"2362","藍天",60.36,1363.48,102.90,81.44,2.59,11.74,31.09,2.75,132.72,2.77,0.21,1.84,2.62,26.27,4.88,1.75,6.20,34.66,5.19
"2363","矽統",1.06,1016.61,1436.15,1328.40,0.00,6.82,53.51,0.75,486.66,0.29,0.03,-3.16,-3.21,-3.91,-100.78,-0.42,-386.78,-1241.95,-3.28
"2364","倫飛",77.88,108.34,56.00,28.93,-5.34,8.35,43.71,2.78,131.29,2.79,0.73,-6.32,-28.17,-4.13,-9.92,-0.30,4.07,72.38,3.87
"2365","昆盈",14.71,673.21,577.06,506.20,14.75,10.75,33.95,5.73,63.69,3.23,0.42,3.81,4.76,7.47,9.47,0.65,70.88,293.93,5.66
"2367","燿華",54.68,133.31,118.70,87.82,1636.00,4.44,82.20,7.83,46.61,1.79,0.95,7.86,16.34,36.75,7.72,2.80,54.19,73.25,12.58
"2368","金像電",65.73,172.13,124.68,95.49,2.02,2.92,125.00,5.37,67.97,3.23,0.90,1.65,1.82,4.94,0.68,0.24,16.12,163.09,6.88
"2369","菱生",35.61,158.56,212.90,183.25,-27.04,4.25,85.88,11.32,32.24,1.11,0.57,-6.54,-9.81,-14.44,-11.70,-1.47,34.18,117.75,4.82
"2371","大同",75.92,188.99,73.67,42.35,-2.36,4.67,78.15,1.89,193.12,0.85,0.27,-5.46,-30.73,-37.96,-25.85,1.24,1.51,1.16,0.41
"2373","震旦行",51.06,568.50,170.85,142.50,30.68,9.18,39.76,4.18,87.32,7.15,0.79,9.04,17.59,81.83,11.04,6.12,18.11,76.26,-2.33
"2374","佳能",33.42,205.89,152.59,131.90,-43.75,5.43,67.21,4.42,82.57,1.93,0.62,-3.52,-5.31,-12.30,-5.75,-1.41,17.15,75.13,3.78
"2375","凱美",40.49,600.10,185.09,167.15,27.18,2.82,129.43,3.95,92.40,3.16,0.35,4.69,7.64,46.47,12.62,2.83,19.39,150.63,7.18
"2376","技嘉",35.42,611.64,237.73,143.22,209.69,9.93,36.75,4.57,79.86,15.04,1.68,5.30,8.02,35.60,3.14,3.05,30.68,84.83,7.44
"2377","微星",48.61,648.29,188.25,103.70,27783.82,7.22,50.55,4.56,80.04,25.02,2.09,9.71,18.33,77.15,4.64,6.61,32.40,80.93,13.84
"2379","瑞昱",62.91,790.11,146.21,128.67,45.46,6.74,54.15,4.57,79.86,17.96,0.92,10.54,26.17,142.41,11.17,13.36,27.86,126.59,26.05
"2380","虹光",45.17,289.30,173.03,90.74,0.00,2.51,145.41,1.63,223.92,2.41,0.59,-6.14,-12.71,-7.86,-12.14,-1.22,0.00,27.37,0.00
"2382","廣達",76.91,336.37,124.72,96.70,4.08,5.06,72.13,7.58,48.15,20.38,1.68,3.40,11.52,53.21,1.58,4.14,8.51,68.31,11.23
"2383","台光電",47.34,242.24,182.47,154.33,90.31,2.96,123.31,7.34,49.72,4.24,0.97,13.77,25.50,131.49,13.05,10.14,23.89,120.47,5.91
"2385","群光",55.36,222.87,123.37,83.34,67.50,4.77,76.51,4.84,75.41,7.33,1.32,8.46,22.74,111.49,6.31,8.45,28.92,114.32,21.79
"2387","精元",53.89,171.60,138.22,97.09,20.38,3.00,121.66,5.10,71.56,3.14,0.91,1.79,3.18,26.51,1.80,0.04,5.39,126.56,1.29
"2388","威盛",57.13,255.66,130.48,101.87,3.51,12.96,28.16,2.79,130.82,2.67,0.62,1.52,2.29,2.83,1.63,0.09,0.00,0.00,0.00
"2390","云辰",21.19,412.57,293.38,145.88,-30.37,7.71,47.34,0.91,401.09,1.10,0.23,-6.56,-8.29,-8.28,-29.07,-0.84,-19.55,-325.00,-2.84
"2392","正崴",61.47,200.96,142.49,93.22,7.81,6.61,55.21,6.85,53.28,4.31,1.35,2.86,6.36,46.55,1.83,4.10,21.64,85.95,7.55
"2393","億光",39.35,193.42,169.12,151.16,16.22,3.23,113.00,8.71,41.90,2.19,0.74,3.16,4.93,24.04,4.06,1.86,39.90,114.39,10.05
"2395","研華",30.68,364.47,233.93,161.80,37270.56,6.30,57.93,4.31,84.68,5.55,1.19,16.26,23.74,132.89,13.65,10.51,52.75,93.78,4.13
"2397","友通",38.59,188.67,198.67,126.57,84.49,4.38,83.33,3.19,114.42,5.06,1.07,9.62,19.68,68.99,8.89,5.51,52.95,86.38,17.91
"2399","映泰",26.10,983.13,269.68,174.53,42.21,6.32,57.75,2.37,154.00,9.55,0.73,1.53,2.00,3.72,2.01,0.04,42.67,110.31,11.09
"2401","凌陽",16.68,486.21,442.49,368.28,1082.81,6.17,59.15,3.97,91.93,2.74,0.47,1.66,1.79,4.12,3.17,0.03,48.54,81.59,2.44
"2402","毅嘉",30.99,210.78,213.22,181.01,12.02,2.34,155.98,7.09,51.48,2.10,0.72,2.72,3.83,9.14,3.69,0.74,56.13,91.86,11.18
"2404","漢唐",62.15,1122.92,137.42,125.37,521.28,4.88,74.79,0.31,1177.41,30.19,1.04,13.21,35.67,195.68,12.10,14.77,29.29,147.57,18.31
"2405","輔信",22.40,783.74,356.28,274.08,8.52,4.37,83.52,3.01,121.26,7.04,0.75,0.27,0.23,1.01,0.25,0.01,1.16,-156.97,0.33
"2406","國碩",65.16,216.86,149.12,105.23,1.34,2.69,135.68,4.65,78.49,1.84,0.51,1.65,0.62,5.14,0.36,0.74,9.64,53.38,4.43
"2408","南亞科",7.92,178.68,593.75,432.73,3440.11,6.06,60.23,2.32,157.32,0.57,0.29,5.65,6.20,36.52,18.99,3.23,141.84,84.72,-1.56
"2409","友達",52.70,140.50,158.20,130.70,0.00,6.80,53.67,10.80,33.79,1.30,0.70,-4.70,-10.70,-20.60,-8.00,-2.00,22.90,109.10,1.50
"2412","中華電",19.07,145.62,146.18,116.31,40189.29,6.75,54.07,3.03,120.46,0.72,0.44,7.17,8.74,53.82,16.27,4.23,112.55,105.88,3.52
"2413","環科",67.25,175.23,114.96,75.64,-5.66,5.37,67.97,3.14,116.24,3.10,0.76,-3.56,-11.65,-13.91,-5.26,-1.48,1.30,0.65,0.80
"2414","精技",55.70,264.39,146.34,101.89,33.55,6.08,60.03,11.66,31.30,16.34,2.91,4.76,9.70,22.97,1.58,1.81,6.86,76.62,0.01
"2415","錩新",59.56,254.14,139.64,120.81,2.64,5.75,63.47,3.65,100.00,2.28,0.44,2.14,2.40,14.27,2.28,0.62,17.61,50.20,9.47
"2417","圓剛",17.23,272.14,386.54,314.83,"NA",7.61,47.96,2.83,128.97,1.93,0.61,0.91,0.97,2.46,1.32,0.02,25.78,55.40,3.29
"2419","仲琦",44.09,572.23,231.01,171.54,6.48,6.03,60.53,3.14,116.24,9.99,1.04,4.12,5.30,12.35,3.39,0.98,47.57,100.69,22.69
"2420","新巨",46.87,342.24,161.04,111.62,28.20,5.33,68.48,2.25,162.22,2.03,0.45,8.78,15.73,40.11,18.28,3.19,49.49,120.96,5.54
"2421","建準",55.20,211.07,142.72,109.10,32.54,3.64,100.27,5.48,66.60,5.01,1.27,7.63,16.27,36.25,5.84,2.71,19.57,86.30,6.23
"2423","固緯",25.06,288.42,325.75,203.48,376.30,3.27,111.62,1.62,225.30,3.09,0.80,9.81,13.35,27.25,12.21,2.15,36.51,108.00,-0.92
"2424","隴華",59.26,179.99,41.96,29.83,0.00,10.44,34.96,10.66,34.24,0.11,0.05,-21.73,-35.94,-36.34,-476.90,-3.63,-23.61,-65.01,-16.26
"2425","承啟",27.77,2774.45,308.25,245.87,26.82,5.05,72.27,19.91,18.33,51.48,1.99,5.08,6.19,14.97,2.26,1.06,-11.12,132.27,-4.94
"2426","鼎元",40.28,248.90,224.72,181.37,9.88,3.03,120.46,2.11,172.98,1.35,0.40,3.64,5.22,7.70,8.31,0.60,22.88,84.11,-0.07
"2427","三商電",51.56,299.08,136.28,60.83,1104.60,7.94,45.96,1.49,244.96,3.94,0.69,2.86,5.35,6.65,3.82,0.63,0.00,63.33,-2.98
"2428","興勤",25.54,368.99,483.59,412.38,300.14,2.82,129.43,3.89,93.83,2.86,0.68,13.17,17.73,118.15,19.18,8.71,131.23,126.22,12.88
"2429","銘旺科",66.76,140.96,112.17,82.58,-9.60,4.15,87.95,8.97,40.69,2.58,1.09,-14.00,-46.55,-26.23,-13.53,-3.95,4.37,118.71,3.62
"2430","燦坤",64.62,275.53,83.88,29.42,3.38,153.38,2.37,6.57,55.55,5.47,1.69,2.66,4.51,15.56,1.12,1.27,31.54,120.01,13.55
"2431","聯昌",40.43,550.48,188.28,125.27,6533.48,5.27,69.25,5.29,68.99,11.23,1.32,0.41,0.68,2.69,0.30,0.08,-5.90,126.60,-3.09
"2433","互盛電",40.21,180.54,157.51,133.57,3484.42,9.80,37.24,4.02,90.79,1.25,0.53,8.14,13.43,54.12,15.06,4.24,82.83,60.60,14.45
"2434","統懋",79.47,60.98,38.82,26.60,-3825.73,2.68,136.19,3.48,104.88,0.32,0.22,-30.76,-92.22,-33.73,-144.94,-3.39,-22.03,-36.55,-4.35
"2436","偉詮電",21.83,1128.16,493.28,438.40,117.85,3.22,113.35,4.54,80.39,9.64,0.61,8.60,11.12,20.61,14.04,1.84,26.34,50.46,0.18
"2438","翔耀",16.21,235.01,516.37,469.65,-30.73,3.81,95.80,8.83,41.33,1.04,0.43,-5.47,-6.68,-4.40,-12.95,-0.86,90.50,341.62,5.09
"2439","美律",49.94,729.40,167.10,143.42,42.04,5.10,71.56,11.39,32.04,17.04,1.29,11.02,22.24,155.57,6.95,12.51,46.25,152.97,16.47
"2440","太空梭",55.31,364.19,119.69,104.06,10.90,2.98,122.48,8.84,41.28,9.17,1.18,-0.25,-3.32,-2.46,-1.33,-0.27,17.03,-57.03,28.89
"2441","超豐",14.66,168.12,313.25,292.59,"NA",4.05,90.12,16.70,21.85,1.19,0.63,9.89,11.53,42.14,15.76,3.33,159.40,0.99,8.69
"2442","新美齊",66.25,878.95,153.66,56.88,9.35,25.13,14.52,0.88,414.77,7.67,0.45,3.63,8.37,15.35,7.27,0.71,-57.17,-35.91,-76.22
"2444","兆勁",43.84,216.44,145.40,66.74,-3.50,6.34,57.57,3.07,118.89,3.46,1.06,-1.47,-2.73,-2.52,-1.69,-0.26,0.00,0.00,0.00
"2449","京元電子",52.43,125.03,175.81,158.68,13.56,4.45,82.02,16.44,22.20,0.74,0.50,6.44,11.99,32.02,11.91,2.49,137.12,85.75,7.84
"2450","神腦",41.77,720.34,186.64,131.19,33.65,16.24,22.47,13.30,27.44,31.01,2.91,4.26,7.01,18.58,1.42,1.59,14.85,120.34,2.19
"2451","創見",8.46,807.96,1026.37,432.06,1121.51,7.44,49.05,3.96,92.17,5.36,0.63,8.04,8.78,48.51,12.81,4.01,69.36,84.50,-6.19
"2453","凌群",57.97,510.01,150.76,120.26,10.99,5.51,66.24,11.31,32.27,14.51,1.37,3.58,7.00,15.07,2.11,1.29,-3.91,100.34,-6.54
"2454","聯發科",31.45,811.63,203.45,181.21,1759.45,8.79,41.52,3.11,117.36,6.43,0.57,5.68,7.88,169.98,9.42,14.69,32.49,97.91,10.67
"2455","全新",34.77,127.76,161.15,125.35,76.80,6.42,56.85,3.71,98.38,0.99,0.61,12.60,19.17,34.00,20.32,2.79,62.76,84.34,3.84
"2457","飛宏",48.45,224.54,191.81,147.81,-0.82,5.03,72.56,5.29,68.99,3.76,1.07,-0.20,-0.76,-1.25,-0.36,-0.11,16.36,8.21,5.53
"2458","義隆",32.40,1076.73,261.84,215.86,297.78,8.00,45.62,3.27,111.62,12.42,0.90,23.49,34.75,92.46,25.98,8.57,54.91,100.35,2.35
"2459","敦吉",44.91,329.61,277.81,251.20,21.63,3.88,94.07,9.29,39.28,3.73,0.90,6.19,10.50,62.32,6.52,4.20,29.87,122.62,3.96
"2460","建通",60.03,166.65,135.79,99.46,-0.64,2.99,122.07,3.57,102.24,1.89,0.59,-2.54,-8.00,-5.33,-5.56,-1.13,-1.80,58.91,-1.00
"2461","光群雷",52.21,390.37,205.62,159.80,-1.84,3.22,113.35,4.24,86.08,4.27,0.78,-1.88,-4.71,-7.24,-3.05,-0.79,21.95,186.19,6.01
"2462","良得電",45.73,283.33,169.11,132.61,8.94,2.34,155.98,5.97,61.13,4.52,0.98,3.09,5.18,11.45,2.82,0.93,17.51,9.15,8.34
"2464","盟立",64.49,204.56,125.04,47.37,53.54,11.34,32.18,4.68,77.99,5.47,1.05,5.82,16.66,43.35,5.45,3.49,6.37,93.09,-4.45
"2465","麗臺",79.02,192.80,107.53,62.39,80.61,15.23,23.96,7.61,47.96,18.33,2.78,-0.50,-7.60,-0.82,-0.68,-0.36,-2.37,-64.13,-3.66
"2466","冠西電",59.41,469.88,218.25,146.26,3.06,3.86,94.55,3.25,112.30,3.17,0.56,1.73,1.62,7.09,1.20,0.18,21.37,62.89,4.02
"2467","志聖",58.66,423.74,154.41,131.73,1227.00,1.69,215.97,2.62,139.31,5.88,0.69,5.41,11.64,28.02,7.04,2.09,14.25,154.77,0.82
"2468","華經",40.34,473.77,191.42,146.13,54.27,4.83,75.56,11.18,32.64,9.03,1.28,2.69,4.05,8.05,2.07,0.66,-17.54,38.99,-13.59
"2471","資通",39.57,10631.20,316.52,291.99,121.66,4.17,87.52,0.00,"*****",95.44,0.61,6.89,10.92,20.84,11.12,1.69,48.51,104.88,12.33
"2472","立隆電",46.00,182.08,176.51,133.50,1086.64,2.84,128.52,4.18,87.32,1.94,0.66,6.18,10.56,61.02,8.37,3.35,45.49,80.24,10.45
"2474","可成",38.88,359.50,205.68,188.88,2182.10,3.76,97.07,3.52,103.69,2.00,0.36,4.73,7.53,259.39,12.33,14.63,27.66,119.43,7.69
"2476","鉅祥",33.02,479.39,315.53,274.58,47.21,3.87,94.31,4.58,79.69,3.93,0.66,5.09,8.27,29.55,7.61,1.79,35.86,103.36,5.03
"2477","美隆電",43.85,465.15,252.13,212.26,47.30,4.90,74.48,5.56,65.64,3.79,0.65,7.13,12.06,24.40,10.80,2.12,33.06,202.21,5.45
"2478","大毅",31.24,172.38,215.64,128.75,83.63,2.67,136.70,1.96,186.22,1.33,0.55,4.84,6.99,42.59,8.71,2.30,68.92,110.56,8.65
"2480","敦陽科",45.29,640.97,192.34,109.40,335.93,6.16,59.25,2.62,139.31,12.09,1.10,8.89,16.42,53.56,8.09,4.20,26.24,88.97,7.54
"2481","強茂",58.67,229.85,168.06,133.37,8.10,2.62,139.31,3.95,92.40,1.87,0.59,3.66,7.71,18.05,5.50,1.50,14.71,151.20,3.18
"2482","連宇",35.02,400.84,232.38,139.69,1233.96,8.45,43.19,2.23,163.67,4.57,0.86,2.30,3.16,5.92,2.42,0.39,22.43,52.31,6.51
"2483","百容",34.92,180.25,144.14,114.47,18.00,4.61,79.17,3.92,93.11,1.25,0.48,4.53,6.62,15.71,8.96,1.44,9.62,42.70,2.82
"2484","希華",25.24,323.00,415.69,294.80,2550.54,3.32,109.93,3.41,107.03,2.05,0.57,3.14,4.03,9.54,5.28,0.76,71.64,101.64,1.43
"2485","兆赫",21.25,263.34,348.98,265.99,-343.85,2.86,127.62,4.62,79.00,3.10,0.93,-1.46,-1.88,-4.69,-1.64,-0.37,27.16,16.13,4.08
"2486","一詮",49.08,168.52,128.35,97.08,-600.00,2.41,151.45,5.04,72.42,1.78,0.60,-2.62,-5.95,-11.64,-5.06,-0.90,5.00,86.54,2.25
"2488","漢平",31.81,561.21,329.76,291.93,324.46,7.84,46.55,6.58,55.47,5.91,0.83,9.30,13.66,45.69,11.14,3.50,33.78,138.62,1.29
"2489","瑞軒",30.17,334.66,264.77,216.40,7.97,4.71,77.49,7.09,51.48,4.12,0.88,0.07,0.04,0.79,0.03,0.01,-22.01,12.73,-7.58
"2491","吉祥全",11.12,57160.05,971.01,806.99,53.61,4.27,85.48,0.88,414.77,101.85,0.16,53.36,86.09,144.40,333.31,5.48,-35.94,-422.94,-3.97
"2492","華新科",39.24,243.63,178.16,150.86,105.01,2.70,135.18,3.68,99.18,1.77,0.48,11.56,19.40,184.57,23.49,13.72,80.38,110.94,7.69
"2493","揚博",30.24,483.01,298.05,206.80,2232.01,2.69,135.68,2.19,166.66,5.07,0.73,6.69,9.57,27.10,9.21,2.00,42.45,108.52,3.61
"2495","普安",19.26,704.30,486.62,445.89,32.95,5.09,71.70,1.83,199.45,2.23,0.27,4.08,4.83,8.36,14.69,0.73,23.52,128.64,2.32
"2496","卓越",46.82,183.51,56.86,51.47,14.51,13.41,27.21,6.54,55.81,2.10,0.62,5.86,9.75,49.82,8.73,4.41,38.63,1.49,40.18
"2497","怡利電",49.50,193.50,138.46,96.07,301.76,4.28,85.28,2.47,147.77,2.33,0.77,0.47,0.04,2.68,0.03,0.01,6.24,64.78,2.44
"2498","宏達電",34.00,448.00,206.00,190.00,-489.00,7.68,47.52,1.92,190.10,1.23,0.17,-15.60,-23.53,-115.04,-93.99,-11.43,-53.08,-855.67,-22.79
"3002","歐格",26.70,441.89,844.09,733.31,185.79,3.96,92.17,2.30,158.69,2.37,0.35,3.50,5.24,7.44,9.56,0.64,15.48,62.39,1.55
"3003","健和興",29.48,434.67,345.82,253.87,5013.82,5.06,72.13,1.91,191.09,3.03,0.55,6.84,9.39,37.23,12.25,2.71,55.77,151.90,7.97
"3004","豐達科",61.56,111.67,127.71,66.41,16.49,4.93,74.03,2.64,138.25,0.86,0.59,7.82,19.33,86.96,12.46,6.66,46.66,41.83,7.43
"3005","神基",45.53,279.46,179.49,125.12,63.59,4.60,79.34,3.22,113.35,3.69,0.92,8.18,14.37,50.56,8.79,3.67,33.69,84.34,7.16
"3006","晶豪科",29.96,1070.53,313.85,148.39,6617.87,10.06,36.28,1.82,200.54,16.03,1.15,4.94,6.93,20.16,4.22,1.78,61.12,28.23,15.72
"3008","大立光",17.83,388.88,411.16,396.80,13434.29,4.55,80.21,5.00,73.00,2.01,0.42,19.73,24.16,2726.91,46.53,210.70,94.40,193.49,11.35
"3010","華立",61.39,507.75,161.59,126.85,8.31,3.54,103.10,10.81,33.76,18.85,1.65,5.35,12.14,84.97,2.85,6.12,11.90,37.32,5.21
"3011","今皓",40.80,296.66,181.41,128.41,-22.25,2.55,143.13,3.68,99.18,3.82,0.76,-4.58,-8.00,-7.59,-6.52,-0.78,4.30,35.52,1.40
"3013","晟銘電",49.21,290.08,163.96,114.13,21.61,2.99,122.07,5.52,66.12,6.22,1.22,3.29,5.71,13.04,2.60,0.82,9.66,109.65,5.18
"3014","聯陽",24.67,670.97,321.06,286.01,335.61,7.03,51.92,3.80,96.05,5.71,0.71,10.48,13.62,42.19,14.68,3.38,86.12,116.36,13.49
"3015","全漢",42.28,663.17,163.02,127.99,11.64,3.29,110.94,5.98,61.03,9.77,0.91,1.08,1.66,10.08,1.01,0.70,6.38,0.02,2.15
"3016","嘉晶",36.57,199.45,280.81,193.27,1.59,3.55,102.81,4.19,87.11,1.77,0.64,0.41,0.27,0.38,0.27,0.04,37.80,64.18,1.48
"3017","奇鋐",73.75,194.92,125.85,83.59,1621.00,5.68,64.26,4.07,89.68,5.57,1.11,3.42,10.80,42.28,2.62,2.71,11.94,65.48,11.51
"3018","隆銘綠能",60.60,657.98,117.55,83.50,-26.25,2.82,129.43,3.05,119.67,4.68,0.64,-14.34,-34.10,-37.75,-23.06,-2.99,17.69,-166.03,29.57
"3019","亞光",21.31,560.96,398.61,337.59,77430.65,4.69,77.82,5.20,70.19,6.05,0.88,6.62,8.57,58.79,7.44,3.41,48.79,353.20,5.11
"3021","鴻名",50.00,428.00,1.67,1.18,22.04,4.04,90.34,3.58,101.95,8.36,1.07,6.12,11.26,19.75,5.00,1.44,22.00,85.99,28.00
"3022","威強電",28.42,705.69,326.07,275.48,4351.75,6.35,57.48,3.99,91.47,5.20,0.59,6.65,9.19,51.78,12.03,2.82,83.26,193.68,13.39
"3023","信邦",54.63,362.22,153.79,100.36,45.30,3.73,97.85,3.21,113.70,8.92,1.14,10.95,22.99,93.23,9.38,7.47,19.21,81.73,6.95
"3024","憶聲",29.85,1028.31,150.23,107.16,5.12,5.16,70.73,2.48,147.17,4.90,0.35,1.58,1.83,2.33,3.60,0.20,29.28,315.95,6.30
"3025","星通",20.29,533.92,639.82,383.24,45.53,4.52,80.75,0.98,372.44,2.91,0.57,5.24,6.28,8.29,9.06,0.70,-8.58,-51.39,-1.07
"3026","禾伸堂",31.90,311.16,237.57,178.04,5823.00,4.88,74.79,4.58,79.69,4.84,1.03,4.69,6.68,60.01,4.53,5.02,35.94,117.86,0.85
"3027","盛達",32.09,318.85,319.31,270.55,-458.63,6.24,58.49,2.57,142.02,1.17,0.29,-0.50,-1.17,-4.48,-2.76,-0.18,0.00,162.36,0.00
"3028","增你強",69.03,1022.64,139.77,95.13,259.10,3.48,104.88,4.83,75.56,59.35,1.74,2.48,5.25,14.37,0.85,1.08,23.51,23.24,39.13
"3029","零壹",53.55,772.16,180.41,126.59,214.40,4.54,80.39,7.09,51.48,28.39,1.85,7.29,15.07,32.08,3.92,2.85,16.57,116.34,7.97
"3030","德律",18.06,252.09,450.36,370.45,825.54,2.13,171.36,2.03,179.80,2.05,0.67,14.42,17.50,49.15,21.40,3.97,143.45,73.64,7.81
"3031","佰鴻",19.43,416.70,362.96,306.15,51.96,3.69,98.91,5.91,61.75,2.61,0.51,6.91,8.31,13.90,13.26,1.28,48.80,153.00,3.10
"3032","偉訓",56.35,240.95,138.14,104.05,26.58,3.46,105.49,4.47,81.65,4.00,0.92,4.41,9.83,39.61,4.64,2.50,16.12,59.14,8.32
"3033","威健",75.77,1463.96,131.89,70.49,1.84,5.79,63.03,3.81,95.80,164.67,1.97,2.45,4.54,9.74,0.54,0.71,17.83,-11.60,40.96
"3034","聯詠",29.43,887.29,296.55,245.86,210.17,4.62,79.00,5.44,67.09,19.96,1.35,16.77,25.00,161.29,12.32,13.03,55.77,103.51,4.94
"3035","智原",31.67,974.83,241.58,203.80,56.21,6.10,59.83,4.07,89.68,9.21,0.73,4.72,6.68,16.77,6.34,1.40,41.06,65.40,12.96
"3036","文曄",76.84,2542.03,127.06,66.00,4.28,8.04,45.39,7.00,52.14,334.23,3.43,3.42,11.18,55.95,0.76,4.32,3.79,"NA",5.88
"3037","欣興",56.12,148.71,137.99,109.06,670.19,4.83,75.56,7.24,50.41,1.71,0.77,3.54,6.89,26.84,3.97,2.24,28.38,96.30,7.16
"3038","全台",46.32,576.19,193.07,136.81,2231.88,7.85,46.49,3.74,97.59,9.99,1.16,7.63,13.66,19.37,6.25,1.73,25.91,215.11,6.16
"3040","遠見",10.45,1857.60,1081.85,1020.52,130.64,18.51,19.71,3.86,94.55,5.13,0.13,5.77,6.39,18.07,42.66,1.36,172.73,18.34,-1.86
"3041","揚智",16.36,565.98,382.15,348.86,-319.59,8.25,44.24,1.93,189.11,3.36,0.48,-7.50,-9.11,-20.23,-15.80,-1.68,-0.55,-101.72,-0.12
"3042","晶技",34.94,260.78,284.10,205.84,3388.50,2.99,122.07,3.33,109.60,2.07,0.65,5.32,7.70,24.68,7.97,2.17,59.49,113.47,6.29
"3043","科風",91.17,51.87,76.79,37.40,640.27,5.04,72.42,2.23,163.67,3.96,0.99,7.42,109.95,3.90,6.29,0.39,3.71,324.28,44.53
"3044","健鼎",52.30,220.30,151.88,129.30,32.04,3.36,108.63,5.39,67.71,3.41,0.76,8.71,18.13,148.36,11.08,11.49,30.15,116.34,9.89
"3045","台灣大",51.81,285.33,67.17,53.39,2984.90,14.81,24.64,12.92,28.25,3.32,0.80,8.83,19.21,47.25,10.68,4.51,67.87,112.96,7.58
"3046","建碁",57.99,2655.67,139.83,85.55,-25.56,7.98,45.73,3.95,92.40,62.82,1.21,-11.25,-24.08,-22.53,-9.58,-2.35,-22.39,0.00,0.00
"3047","訊舟",61.36,175.65,156.47,88.21,804.54,4.33,84.29,2.73,133.69,2.32,0.81,2.69,6.23,12.56,2.80,0.33,25.55,22.64,8.51
"3048","益登",81.85,687.46,121.91,67.40,171.45,14.47,25.22,10.64,34.30,151.16,5.34,5.19,10.88,22.17,0.38,1.65,9.45,38.36,27.80
"3049","精金",43.43,104.02,95.26,81.64,892.43,13.86,26.33,16.98,21.49,0.38,0.26,6.80,11.76,14.59,23.15,1.35,164.21,84.27,8.90
"3050","鈺德",52.38,172.95,184.05,175.58,3.85,7.84,46.55,9.92,36.79,0.41,0.20,2.92,4.35,8.80,10.80,0.75,36.80,71.31,4.13
"3051","力特",86.23,296.34,111.40,63.84,0.06,3.51,103.98,1.64,222.56,1.05,0.28,-0.69,-12.80,-3.89,-6.73,-0.52,11.11,830.10,2.43
"3052","夆典",63.37,2011.41,161.24,98.98,380.29,19.63,18.59,2.62,139.31,32.36,0.69,2.17,6.10,10.67,3.15,0.87,52.43,-46.72,71.24
"3054","立萬利",14.83,10582.54,438.98,339.74,4100.00,10.95,33.33,0.60,608.33,9.21,0.12,0.27,0.28,0.96,2.14,0.03,0.00,87.33,0.00
"3055","蔚華科",50.21,264.20,165.48,134.00,2.62,3.10,117.74,7.25,50.34,3.19,0.69,0.68,0.56,2.85,0.48,0.11,-59.22,-50.45,-50.69
"3056","富華新",66.17,3432.36,147.77,15.03,91137.99,1726.20,0.21,0.30,1216.66,25.82,0.31,3.95,9.97,24.27,12.59,2.25,0.00,40.19,-6.42
"3057","喬鼎",54.57,741.22,169.09,78.90,0.00,5.32,68.60,1.55,235.48,7.56,0.61,-15.65,-31.61,-19.02,-26.19,-2.02,0.00,44.02,0.00
"3058","立德",57.85,169.28,126.93,90.70,0.62,3.93,92.87,4.64,78.66,3.16,0.93,0.52,-0.73,-0.36,-0.35,-0.10,11.48,46.51,5.98
"3059","華晶科",34.57,254.61,222.32,192.66,2.35,2.61,139.84,4.82,75.72,1.54,0.41,0.11,-0.04,1.14,-0.06,0.31,24.78,95.71,7.61
"3060","銘異",40.48,338.22,174.77,108.43,41.35,4.36,83.71,4.13,88.37,4.11,0.91,-8.10,-13.45,-40.64,-8.73,-2.66,-8.67,49.62,-2.83
"3062","建漢",31.56,745.06,273.57,238.16,5.28,2.81,129.89,6.35,57.48,7.86,0.73,0.81,0.93,1.04,0.90,0.16,63.99,61.53,19.17
"3090","日電貿",39.49,680.11,216.09,160.01,28.81,3.01,121.26,3.28,111.28,13.48,1.09,7.94,13.26,45.82,6.98,3.32,46.76,89.53,3.15
"3092","鴻碩",54.04,275.61,142.27,111.54,30.86,2.48,147.17,3.73,97.85,5.25,0.88,8.72,18.06,48.76,9.67,4.03,23.61,146.11,4.67
"3094","聯傑",10.48,735.97,1681.20,1613.08,71.19,6.30,57.93,1.82,200.54,1.71,0.20,3.43,3.67,5.35,17.08,0.50,126.64,67.00,-0.44
"3130","一零四",42.02,674.70,217.69,216.28,21497.07,34.12,10.69,0.00,"*****",6.90,0.65,11.49,19.16,101.21,17.55,8.62,45.72,125.82,9.47
"3138","耀登",46.89,232.46,195.96,156.61,26.17,3.68,99.18,5.22,69.92,3.08,0.70,5.26,8.87,18.52,6.35,1.46,41.23,122.49,11.64
"3149","正達",60.94,104.44,99.65,87.36,-0.43,2.73,133.69,13.59,26.85,1.18,0.64,-0.60,-3.82,-2.90,-2.11,-0.29,18.66,-25.23,4.97
"3150","鈺寶-創",15.43,51429.94,760.78,661.11,30995.00,24.11,15.13,1.82,200.54,170.28,0.85,4.68,5.57,3.68,5.49,0.38,56.59,97.81,8.30
"3164","景岳",7.83,216.21,774.30,677.73,98.35,4.61,79.17,2.72,134.19,0.67,0.21,3.58,3.80,8.49,16.53,0.65,84.38,27.60,-3.41
"3167","大量",55.06,529.57,246.05,181.44,9.54,1.09,334.86,1.41,258.86,4.14,0.46,4.64,9.26,28.34,9.08,2.22,31.75,56.39,5.71
"3168","眾福科",40.99,259.65,196.12,150.94,38.12,5.30,68.86,5.40,67.59,6.54,1.49,11.76,21.19,38.72,7.70,3.01,57.21,156.26,20.95
"3189","景碩",30.85,145.17,178.40,154.38,-11.84,5.87,62.18,5.34,68.35,1.03,0.53,-4.35,-6.65,-40.93,-8.72,-4.52,28.61,80.08,4.32
"3209","全科",73.20,1400.68,151.62,76.07,2.57,8.58,42.54,7.20,50.69,131.39,3.51,4.41,10.44,20.85,0.75,1.66,19.61,-31.24,27.28
"3229","晟鈦",34.16,234.19,223.60,184.85,-44.41,4.42,82.57,9.89,36.90,2.02,0.59,-16.56,-25.40,-17.24,-28.67,-1.63,-45.56,-52.80,-12.83
"3231","緯創",75.62,258.76,116.67,79.61,3.66,7.02,51.99,9.55,38.21,21.03,2.57,3.90,12.36,44.98,1.11,2.40,7.78,88.37,9.29
"3257","虹冠電",7.88,792.53,1116.88,934.08,214.41,5.72,63.81,1.53,238.56,3.25,0.39,5.36,5.82,14.49,13.54,1.34,131.64,119.56,-7.89
"3266","昇陽",48.95,3880.62,193.76,29.05,4.44,7.85,46.49,0.19,1921.05,9.01,0.18,2.31,4.06,7.03,12.09,0.60,1.98,-103.30,-1.96
"3296","勝德",31.99,706.68,283.90,238.22,12.00,4.18,87.32,7.84,46.55,12.73,1.21,1.24,1.68,3.66,0.93,0.27,48.47,120.22,9.46
"3305","昇貿",43.98,272.88,208.25,140.38,11.13,3.13,116.61,3.26,111.96,3.36,0.81,2.98,4.82,20.82,3.29,1.43,18.64,0.45,4.73
"3308","聯德",53.48,179.59,136.01,132.57,-6.61,4.22,86.49,10.27,35.54,1.28,0.33,-4.62,-11.26,-9.54,-15.56,-0.95,3.56,-63.82,2.27
"3311","閎暉",24.64,579.38,372.90,339.71,1.27,4.71,77.49,10.63,34.33,4.80,0.57,-0.68,-0.97,0.18,-1.33,-0.24,12.85,8.14,2.15
"3312","弘憶股",70.35,9873.51,140.71,120.18,9.06,4.50,81.11,19.75,18.48,971.27,2.97,4.10,11.31,17.52,1.22,1.31,-10.46,485.30,-29.75
"3321","同泰",68.65,73.05,73.60,62.92,-9.10,2.24,162.94,5.27,69.25,1.67,0.75,-11.97,-45.51,-31.57,-17.25,-4.22,4.02,14.77,2.84
"3338","泰碩",62.94,351.55,156.81,127.33,25.05,2.47,147.77,7.96,45.85,10.33,1.19,7.80,19.51,48.31,6.27,3.38,18.93,82.65,13.52
"3346","麗清",70.02,340.90,136.35,89.41,120.73,2.19,166.66,2.71,134.68,12.23,0.87,1.12,0.90,1.38,0.32,0.18,23.33,25.82,28.16
"3356","奇偶",42.96,1272.20,216.35,166.15,2.54,7.59,48.08,1.23,296.74,10.49,0.49,1.29,1.44,2.88,1.65,0.22,23.19,72.11,17.31
"3376","新日興",31.14,230.02,236.16,203.15,42179.02,2.62,139.31,5.60,65.17,1.91,0.64,7.07,9.91,111.45,10.98,7.25,31.12,113.61,5.70
"3380","明泰",43.81,477.06,199.78,146.68,9844.56,4.89,74.64,2.99,122.07,6.21,0.79,1.21,1.95,6.26,1.50,0.44,4.09,114.37,-0.80
"2501","國建",54.44,735.06,164.76,28.53,5.02,29.33,12.44,0.32,1140.62,3.59,0.23,2.95,5.62,13.54,12.05,1.18,11.52,64.32,-0.69
"2504","國產",42.03,384.72,149.72,137.36,1092.95,2.51,145.41,26.63,13.70,2.50,0.52,3.54,5.64,9.18,6.24,0.80,7.83,-9.10,2.27
"2505","國揚",55.75,11506.76,164.67,24.49,1.66,10.70,34.11,0.11,3318.18,29.96,0.11,0.74,0.68,0.91,2.96,0.08,0.00,0.00,0.00
"2506","太設",46.15,598.76,161.04,19.50,0.94,7.34,49.72,0.06,6083.33,0.45,0.05,0.29,-0.57,-0.18,-5.89,-0.25,-6.88,31.42,-3.52
"2509","全坤建",44.09,3103.38,241.83,116.76,7.37,5.83,62.60,0.25,1460.00,8.61,0.20,5.82,9.71,24.09,25.50,2.16,-8.07,-619.16,-7.92
"2511","太子",55.88,723.20,265.82,74.81,2.85,9.25,39.45,0.43,848.83,1.99,0.23,2.27,3.93,6.54,7.69,0.59,33.61,121.08,8.84
"2514","龍邦",54.15,5732.34,246.20,199.84,11.37,14.92,24.46,3.24,112.65,79.50,0.59,6.20,10.09,27.46,9.54,1.87,-23.76,544.11,-15.23
"2515","中工",53.67,804.85,213.60,119.03,2.93,3.72,98.11,0.92,396.73,3.80,0.29,1.04,1.54,2.73,2.45,0.20,0.57,4.22,0.00
"2516","新建",67.96,494.74,118.99,114.99,167.41,5.22,69.92,124.62,2.92,14.20,0.87,0.86,1.35,1.44,0.45,0.15,5.43,15.80,11.99
"2520","冠德",74.18,357.63,143.06,36.08,5.03,10.78,33.85,0.34,1073.52,2.24,0.29,3.56,11.05,36.01,10.09,2.60,10.04,88.96,10.23
"2524","京城",62.78,2379.92,228.55,3.99,5.15,97.96,3.72,0.10,3650.00,6.75,0.17,5.26,13.16,46.86,27.65,4.31,"*****","*****","*****"
"2527","宏璟",52.86,1509.83,143.45,5.16,7.78,57.01,6.40,0.46,"*****",8.66,0.36,4.42,9.39,32.66,11.30,2.84,60.44,-63.36,33.10
"2528","皇普",66.44,222110.57,968.97,162.89,-81.24,0.24,1520.83,0.00,"*****",0.37,0.00,-1.24,-3.46,-2.53,-6924.47,-0.38,"NA","NA","NA"
"2530","華建",34.53,2853.47,282.31,28.30,-1.77,4.93,74.03,"NA","NA",0.09,0.00,-1.11,-2.19,-2.73,-740.35,-0.25,"NA",414.30,-2.39
"2534","宏盛",53.12,412815.01,195.01,20.32,9.75,64.43,5.66,0.21,1738.09,1215.27,0.19,4.84,9.52,26.10,22.63,1.89,44.03,80.46,21.03
"2535","達欣工",56.95,1911.65,193.71,99.31,26.53,8.40,43.45,0.21,1738.09,22.88,0.62,3.73,8.99,26.19,5.80,2.26,0.00,31.94,-5.05
"2536","宏普",39.59,14396.65,250.01,21.84,13.01,30.41,12.00,0.13,2807.69,34.06,0.16,3.63,5.13,17.00,21.01,1.83,-35.13,47.27,-25.64
"2537","聯上發",56.34,37992.91,200.22,27.88,-15.49,95.04,3.84,0.10,3650.00,65.27,0.09,-2.92,-6.63,-8.54,-33.51,-0.88,0.00,52.43,0.00
"2538","基泰",64.73,255.37,150.48,34.54,-0.75,5.88,62.07,0.01,36500.00,0.04,0.01,-0.81,-3.94,-6.51,-167.46,-0.68,-5.47,9.81,-8.09
"2539","櫻花建",47.02,16572.23,291.23,30.89,16.09,103.53,3.52,0.44,829.54,136.74,0.54,11.38,22.91,35.22,20.03,3.22,32.20,30.69,15.69
"2540","愛山林",65.66,748.73,165.82,26.68,275.10,3.20,114.06,0.18,2027.77,2.55,0.18,2.77,4.74,19.55,9.11,1.38,0.00,0.00,0.00
"2542","興富發",76.69,2311.62,165.90,26.47,5.37,12.94,28.20,0.17,2147.05,7.52,0.17,3.02,9.36,33.87,14.66,2.65,-13.22,9.04,-31.61
"2543","皇昌",72.07,224.30,123.16,75.96,1.61,3.14,116.24,2.78,131.29,5.72,0.79,0.67,0.96,0.84,0.36,0.10,8.36,55.11,9.57
"2545","皇翔",74.97,941.98,128.90,11.41,1.09,8.78,41.57,0.10,3650.00,1.40,0.08,0.79,0.14,1.74,0.45,0.04,2.20,97.25,-0.80
"2546","根基",66.88,4514.42,142.02,108.85,235.70,3.56,102.52,0.79,462.02,181.15,1.50,5.30,15.26,47.15,3.51,3.79,25.06,161.03,36.37
"2547","日勝生",78.09,426.71,105.61,40.44,1.90,9.71,37.59,0.36,1013.88,0.71,0.12,2.06,3.92,8.80,7.37,0.45,0.00,149.30,-1.85
"2548","華固",53.49,12422.48,218.26,26.19,3162.00,"NA","NA","NA","NA",112.52,0.51,8.40,19.68,138.74,15.85,11.35,42.62,-284.57,22.66
"2597","潤弘",52.55,217.98,129.05,78.09,4492.93,8.49,42.99,0.66,553.03,3.61,1.10,7.11,13.64,65.38,6.29,5.03,15.63,54.25,-0.49
"2601","益航",65.35,200.86,78.74,66.49,314.45,7.54,48.40,2.67,136.70,0.60,0.22,6.66,12.69,31.94,20.55,2.23,18.96,47.15,4.22
"2603","長榮",76.00,224.32,104.49,94.96,1.14,11.05,33.03,"NA","NA",1.69,0.71,1.61,-0.31,1.62,-0.12,0.02,31.20,147.34,6.40
"2605","新興",28.32,118.45,254.34,239.35,173.15,10.04,36.35,"NA","NA",23.10,18.09,1.57,0.94,3.33,3.73,0.15,89.66,143.04,8.25
"2606","裕民",56.88,169.98,179.25,175.06,3.81,27.20,13.41,"NA","NA",0.35,0.16,3.37,6.18,20.59,16.11,1.92,30.58,63.61,4.89
"2607","榮運",34.81,136.42,226.44,222.36,5.02,7.47,48.86,"NA","NA",0.33,0.23,3.07,3.73,9.50,10.93,0.79,101.27,99.38,4.87
"2608","嘉里大榮",53.47,135.84,104.97,101.97,15.62,6.37,57.29,2.23,163.67,0.97,0.64,8.10,14.88,36.93,11.87,2.90,72.30,80.65,8.90
"2609","陽明",91.06,179.57,58.48,51.21,0.10,16.06,22.72,"NA","NA",1.98,0.90,-0.49,-21.39,-13.79,-2.68,-1.66,18.28,2.68,6.30
"2610","華航",79.48,148.54,67.87,54.57,103.79,18.13,20.13,"NA","NA",1.09,0.64,0.76,-1.12,-0.18,-0.40,-0.22,49.15,518.35,12.24
"2611","志信",42.50,296.00,143.00,136.16,-5.34,4.17,87.52,25.39,14.37,0.75,0.20,-2.31,-4.53,-9.47,-13.86,-0.71,10.02,90.20,1.30
"2612","中航",50.22,124.34,127.31,125.30,259.57,12.68,28.78,"NA","NA",0.27,0.19,2.54,3.22,19.15,8.61,1.64,43.41,101.34,4.63
"2613","中櫃",73.86,227.19,83.19,70.30,2.66,5.39,67.71,"NA","NA",0.64,0.32,0.68,1.17,3.55,1.23,0.27,39.27,37.88,7.79
"2614","東森",56.73,882.49,145.57,120.43,346.93,5.52,66.12,0.49,744.89,1.61,0.20,3.12,5.14,6.48,12.03,0.70,58.83,357.31,11.78
"2615","萬海",58.51,162.09,164.54,151.34,7.58,28.40,12.85,"NA","NA",1.67,0.89,5.03,10.08,20.53,4.92,1.61,47.97,103.72,5.59
"2616","山隆",52.99,186.90,100.43,89.06,15.42,19.13,19.07,79.05,4.61,5.34,2.02,4.57,8.40,33.15,1.93,2.14,-2.06,61.03,-0.05
"2617","台航",32.24,135.85,314.88,297.15,9.21,26.64,13.70,"*****","*****",0.28,0.21,4.47,5.82,18.35,19.30,1.44,275.70,72.03,4.27
"2618","長榮航",78.07,197.49,93.64,87.34,246.38,"NA","NA","NA","NA",1.28,0.61,3.07,6.55,12.48,2.68,0.83,45.07,105.76,15.87
"2630","亞航",64.71,286.44,192.10,105.23,4.85,2.93,124.57,2.76,132.24,4.65,0.98,1.44,2.74,4.94,1.15,0.37,-35.27,-63.60,-21.78
"2633","台灣高鐵",83.96,343695.33,321.64,296.44,2.20,113.29,3.22,"NA","NA",425.82,0.11,3.35,11.40,13.81,16.85,1.42,214.98,320.17,68.81
"2634","漢翔",68.05,301.28,165.83,76.39,11.84,1.93,189.11,2.38,153.36,3.37,0.66,4.76,12.99,25.17,6.56,1.99,0.07,50.54,0.00
"2636","台驊控股",57.80,1113.62,147.01,145.45,9.11,6.03,60.53,"NA","NA",40.23,1.93,4.79,10.18,26.53,2.14,2.15,27.13,126.79,24.53
"2637","慧洋-KY",66.28,95.11,33.38,30.78,2.22,74.43,4.90,64.44,5.66,0.18,0.16,4.57,7.66,32.16,15.89,3.38,42.59,118.86,6.04
"2642","宅配通",51.68,486.78,200.66,196.86,0.00,6.80,53.67,18.66,19.56,6.63,1.24,5.42,9.66,21.14,4.35,1.69,54.27,97.06,17.12
"2701","萬企",13.83,2524.29,1058.90,1058.21,"NA",5.45,66.97,"NA","NA",0.98,0.04,4.53,5.26,10.87,114.63,0.89,94.10,145.39,-0.47
"2702","華園",83.14,109.60,74.88,74.54,114.12,43.31,8.42,44.47,8.20,0.42,0.22,2.28,-0.36,2.56,-0.31,-0.04,9.52,320.50,3.64
"2704","國賓",12.29,202.36,331.79,316.57,134.55,23.88,15.28,14.82,24.62,0.54,0.24,3.26,3.70,11.52,13.11,1.05,37.14,109.16,1.69
"2705","六福",86.52,137.23,18.31,12.67,-2.01,23.08,15.81,7.98,45.73,0.35,0.19,-3.93,-28.89,-29.30,-24.54,-2.93,-1.48,5.19,-0.57
"2706","第一店",13.49,2836.94,2076.14,2075.04,529.15,70.71,5.16,"NA","NA",0.92,0.03,5.03,5.80,13.19,153.44,1.06,124.56,143.90,-0.57
"2707","晶華",68.60,328.52,108.09,103.59,17.20,26.07,14.00,15.77,23.14,2.38,0.68,15.24,35.19,128.02,21.19,10.58,91.21,100.57,2.09
"2712","遠雄來",20.59,89.35,44.72,39.80,-731.30,47.12,7.74,22.23,16.41,0.31,0.29,-0.95,-1.34,-1.57,-3.76,-0.15,13.65,93.40,1.70
"2722","夏都",27.07,174.21,66.95,61.04,6.01,51.15,7.13,44.41,8.21,0.61,0.30,1.63,1.96,3.59,4.80,0.36,46.45,98.18,12.23
"2723","美食-KY",54.82,273.51,103.99,89.80,669.39,74.86,4.87,11.94,30.56,4.04,1.02,5.67,9.03,82.52,4.04,5.18,65.50,191.19,34.67
"2727","王品",65.99,194.38,85.55,59.46,640.03,63.21,5.77,6.79,53.75,6.08,1.27,3.72,10.50,57.21,2.15,4.77,37.87,132.95,43.40
"2731","雄獅",74.25,1009.10,122.63,88.43,10.15,33.36,10.94,"NA","NA",71.08,3.97,3.55,10.67,45.56,0.80,3.14,27.78,143.65,24.52
"2739","寒舍",87.96,1042.13,58.81,51.15,1.67,33.53,10.88,22.85,15.97,2.97,0.47,3.19,6.60,13.85,2.75,1.11,54.25,112.80,27.33
"2748","雲品",70.88,149.08,29.48,22.92,6.28,36.60,9.97,57.84,6.31,0.99,0.66,6.06,14.43,35.78,7.72,2.80,85.81,101.74,12.34
"2753","八方雲集",52.38,172.02,90.65,69.38,32.89,58.20,6.27,25.00,14.60,3.95,1.69,17.50,30.90,104.49,10.04,8.09,91.10,104.80,25.59
"2801","彰銀",92.40,"NA","NA","NA","NA","NA","NA","NA","NA",1.53,0.02,0.55,7.26,13.54,36.07,1.16,"NA","NA","NA"
"2809","京城銀",85.52,"NA","NA","NA","NA","NA","NA","NA","NA",3.33,0.03,1.21,8.93,34.51,40.03,2.99,"NA","NA","NA"
"2812","台中銀",92.28,"NA","NA","NA","NA","NA","NA","NA","NA",1.20,0.02,0.63,8.72,14.04,35.71,1.16,"NA","NA","NA"
"2816","旺旺保",69.06,"NA","NA","NA","NA","NA","NA","NA","NA",7.46,0.46,4.02,13.64,32.88,8.69,3.30,"NA","NA","NA"
"2820","華票",87.25,"NA","NA","NA","NA","NA","NA","NA","NA",13.24,0.01,0.63,5.28,11.57,61.78,0.93,"NA","NA","NA"
"2832","台產",51.88,"NA","NA","NA","NA","NA","NA","NA","NA",14.11,0.28,3.81,8.03,23.01,13.51,1.94,"NA","NA","NA"
"2834","臺企銀",94.53,"NA","NA","NA","NA","NA","NA","NA","NA","NA",1.38,0.40,7.47,11.31,29.01,0.98,"NA","NA","NA"
"2836","高雄銀",94.28,"NA","NA","NA","NA","NA","NA","NA","NA","NA",0.01,0.29,5.18,8.20,20.82,0.72,"NA","NA","NA"
"2838","聯邦銀",91.90,"NA",160.84,"NA","NA","NA","NA","NA","NA",1.73,0.02,0.50,6.70,13.05,24.31,1.00,"NA","NA","NA"
"2845","遠東銀",92.78,"NA","NA","NA","NA","NA","NA","NA","NA",4.15,0.02,0.57,7.89,12.69,30.99,1.08,"NA","NA","NA"
"2849","安泰銀",88.99,"NA","NA","NA","NA","NA","NA","NA","NA","NA",2.08,0.67,6.21,12.55,32.46,1.13,"NA","NA","NA"
"2850","新產",67.16,"NA","NA","NA","NA","NA","NA","NA","NA",13.99,0.44,4.56,14.03,59.85,10.06,4.94,"NA","NA","NA"
"2851","中再保",69.28,"NA","NA","NA","NA","NA","NA","NA","NA",76.02,0.41,2.89,9.51,25.53,6.86,1.87,"NA","NA","NA"
"2852","第一保",57.05,"NA","NA","NA","NA","NA","NA","NA","NA",9.72,0.38,3.68,9.09,22.04,9.60,1.93,"NA","NA","NA"
"2855","統一證",72.05,1095.18,130.89,130.86,"NA","NA","NA","NA","NA","NA","NA",3.37,9.05,18.64,33.24,1.72,"NA",409.63,"NA"
"2867","三商壽",96.81,"NA","NA","NA","NA","NA","NA","NA","NA","NA","NA",0.47,16.36,22.77,3.02,2.29,"NA","NA","NA"
"2880","華南金",93.09,"NA","NA","NA","NA","NA","NA","NA","NA",145.54,1.72,0.59,8.79,15.36,34.16,1.31,"NA","NA","NA"
"2881","富邦金",92.75,"NA","NA","NA","NA","NA","NA","NA","NA","NA",0.06,0.73,10.93,56.93,13.30,5.46,"NA","NA","NA"
"2882","國泰金",92.23,"NA",1814.92,"NA","NA","NA","NA","NA","NA",4.14,0.06,0.86,9.72,47.99,11.49,4.76,"NA","NA","NA"
"2883","凱基金",90.20,"NA","NA","NA","NA","NA","NA","NA","NA",6.88,0.07,0.68,7.56,14.40,8.18,0.88,"NA","NA","NA"
"2884","玉山金",93.07,"NA","NA","NA","NA","NA","NA","NA","NA",1.65,0.02,0.84,12.07,19.85,36.90,1.73,"NA","NA","NA"
"2885","元大金",89.64,"NA",178.10,"NA","NA","NA","NA","NA","NA",2.66,0.04,0.94,9.09,21.88,20.58,1.75,"NA","NA","NA"
"2886","兆豐金",91.20,"NA","NA","NA","NA","NA","NA","NA","NA","NA","NA",0.80,9.07,24.75,44.36,2.13,"NA","NA","NA"
"2887","台新金",91.19,"NA","NA","NA","NA","NA","NA","NA","NA","NA",0.02,0.76,9.54,14.20,33.19,1.19,"NA","NA","NA"
"2888","新光金",95.09,"NA","NA","NA","NA","NA","NA","NA","NA",8.70,0.07,0.44,9.79,12.06,6.00,1.34,"NA","NA","NA"
"2889","國票金",86.10,"NA","NA","NA","NA","NA","NA","NA","NA","NA",0.02,1.57,7.92,12.54,43.13,0.92,"NA","NA","NA"
"2890","永豐金",91.91,"NA","NA","NA","NA","NA","NA","NA","NA",2.86,0.02,1.56,8.60,12.64,34.34,1.11,"NA","NA","NA"
"2891","中信金",93.87,"NA","NA","NA","NA","NA","NA","NA","NA","NA",0.04,0.72,12.32,25.91,16.20,2.16,"NA","NA","NA"
"2892","第一金",93.15,"NA","NA","NA","NA","NA","NA","NA","NA","NA","NA",0.63,9.11,18.70,31.08,1.55,"NA","NA","NA"
"2897","王道銀行",90.94,"NA",103.91,"NA","NA","NA","NA","NA","NA","NA",1.48,0.36,4.06,10.00,24.38,0.45,"NA","NA","NA"
"2901","欣欣",12.08,225.48,840.07,830.25,481.65,12.79,28.53,7.26,50.27,0.33,0.14,3.29,3.75,5.59,23.77,0.45,88.40,118.32,1.18
"2903","遠百",70.19,241.36,43.52,36.62,4.71,28.62,12.75,6.49,56.24,1.11,0.28,2.14,5.67,21.89,5.67,1.26,16.54,166.06,7.82
"2904","匯僑",29.58,127.09,94.48,86.77,3760.41,13.18,27.69,"*****","*****",0.62,0.37,10.29,13.64,24.26,26.70,1.96,121.44,76.19,8.52
"2905","三商",96.58,"NA",1231.66,"NA","NA","NA","NA","NA","NA",12.16,0.19,0.58,19.08,86.89,3.02,4.48,"NA","NA","NA"
"2906","高林",42.08,336.30,161.88,117.52,11.03,4.01,91.02,5.62,64.94,3.71,0.85,2.44,3.52,13.89,2.54,0.30,13.87,68.50,3.77
"2908","特力",81.96,251.00,112.99,55.99,1.19,8.68,42.05,4.52,80.75,5.69,1.23,1.56,1.47,1.79,0.29,0.20,18.63,79.45,9.60
"2910","統領",62.29,197.31,91.78,33.59,462.89,19.73,18.49,0.25,1460.00,0.25,0.09,2.19,9.28,6.39,18.75,0.64,24.66,36.62,7.84
"2911","麗嬰房",53.18,449.13,133.81,50.57,-667.91,7.93,46.02,1.60,228.12,6.54,0.91,-6.65,-14.54,-20.41,-8.13,-1.84,5.99,40.17,3.12
"2912","統一超",76.82,452.68,95.97,74.18,13.47,"NA","NA",10.93,33.39,9.98,1.59,8.11,27.14,145.86,4.73,10.14,37.28,107.00,23.94
"2913","農林",35.90,393.61,179.94,26.01,-1.16,17.60,20.73,0.20,1825.00,0.04,0.01,-0.35,-0.91,-2.18,-48.81,-0.18,"NA",24.43,"NA"
"2915","潤泰全",28.91,8994.42,728.43,650.19,29.71,14.65,24.91,0.97,376.28,2.80,0.04,10.47,15.77,164.33,263.50,16.52,0.00,0.00,0.00
"2923","鼎固-KY",55.64,12749.09,393.50,113.93,31.71,20.56,17.75,0.07,5214.28,5.53,0.05,7.37,15.31,-2.06,143.16,4.72,-14.19,-34.83,-7.47
"2929","淘帝-KY",29.82,2153.59,366.47,364.09,41.58,2.80,130.35,86.62,4.21,24.24,0.87,14.04,21.33,163.93,15.83,12.01,55.51,2.96,12.51
"2939","永邑-KY",19.91,5500.47,530.87,497.62,20174.00,5.02,72.70,16.32,22.36,78.36,1.17,12.53,15.63,65.59,10.62,5.00,87.23,118.18,-10.88
"2945","三商家購",76.55,183.09,78.97,18.87,3.33,334.26,1.09,7.15,51.04,8.74,2.92,1.41,3.53,7.89,0.35,0.70,0.32,70.75,-8.76
"3406","玉晶光",35.44,209.56,197.12,174.51,31.72,4.04,90.34,5.19,70.32,1.79,0.72,15.56,23.48,317.36,20.95,24.79,70.44,146.39,14.51
"3413","京鼎",47.93,335.24,207.58,154.21,3456.02,6.68,54.64,3.68,99.18,4.50,0.90,8.35,15.17,96.49,8.89,7.85,44.03,107.85,10.62
"3416","融程電",13.12,446.17,462.22,367.04,763.06,8.25,44.24,3.85,94.80,3.39,0.67,9.69,11.37,39.80,14.48,3.34,84.56,81.45,6.13
"3419","譁裕",36.59,288.69,196.77,166.52,-548.30,2.60,140.38,5.98,61.03,2.92,0.68,-3.09,-4.63,-4.16,-4.74,-0.58,1.56,71.99,0.47
"3432","台端",24.30,2153.76,569.18,568.08,18.65,2.37,154.00,6.10,59.83,0.69,0.03,2.51,2.99,11.48,85.16,0.68,-18.99,-307.40,-5.80
"3437","榮創",39.39,256.54,176.73,148.73,-40.62,2.63,138.78,7.78,46.91,3.76,0.87,-4.37,-7.53,-14.50,-5.13,-1.43,-24.74,26.62,-7.93
"3443","創意",48.29,478.63,181.84,117.78,235.67,9.20,39.67,4.70,77.65,10.34,1.30,7.73,14.60,58.44,5.91,4.73,2.97,76.47,-9.44
"3450","聯鈞",28.13,205.68,257.37,233.20,136.12,5.05,72.27,12.01,30.39,1.92,0.73,7.02,9.84,52.82,9.84,1.64,63.03,143.23,4.00
"3454","晶睿",37.04,318.65,237.66,141.40,3307.65,8.46,43.14,3.72,98.11,6.49,1.45,5.54,8.39,35.49,3.68,3.19,61.88,63.33,15.93
"3481","群創",37.23,129.16,120.12,88.51,-15.02,5.46,66.84,7.58,48.15,1.24,0.64,-4.25,-7.16,-17.02,-6.92,-1.77,12.48,135.92,1.56
"3494","誠研",48.17,136.43,113.66,48.61,-9.44,14.43,25.29,1.47,248.29,0.51,0.27,-10.57,-20.88,-22.05,-41.53,-1.85,-2.15,-1.20,-0.56
"3501","維熹",24.56,257.17,332.68,233.03,155.87,3.18,114.77,2.17,168.20,2.15,0.61,6.67,9.09,60.40,10.93,4.40,90.50,101.58,11.93
"3504","揚明光",44.81,170.46,140.36,112.65,1.19,5.06,72.13,5.24,69.65,2.13,0.81,0.43,0.15,0.43,0.11,0.04,25.65,53.76,9.05
"3515","華擎",37.13,2486.43,259.03,123.10,302.25,8.21,44.45,2.21,165.15,52.15,1.37,6.11,9.71,65.06,4.45,4.95,35.93,50.80,13.58
"3518","柏騰",32.60,310.52,187.83,183.15,-5.59,1.78,205.05,35.48,10.28,0.92,0.25,-7.97,-12.84,-12.95,-36.11,-2.50,-21.64,55.83,-3.33
"3528","安馳",55.14,8671.62,177.75,96.37,6.62,4.34,84.10,6.19,58.96,237.08,1.28,6.66,12.50,35.02,4.41,2.77,13.16,78.76,4.50
"3530","晶相光",14.63,395.44,487.19,203.97,604.01,65.13,5.60,2.37,154.00,7.92,0.94,6.41,7.34,23.32,6.80,2.01,38.01,30.06,-1.42
"3532","台勝科",10.61,191.94,601.43,443.71,2557.47,4.81,75.88,2.96,123.31,1.06,0.48,8.93,10.08,68.81,18.27,5.48,224.04,152.51,1.79
"3533","嘉澤",22.94,359.89,314.00,255.79,12568.67,2.67,136.70,4.06,89.90,4.39,1.00,13.92,19.47,273.65,13.75,20.11,92.53,104.28,16.14
"3535","晶彩科",53.67,325.18,208.28,166.23,11.00,2.29,159.38,2.34,155.98,4.03,0.70,5.01,12.17,14.81,6.60,1.47,-4.64,83.10,-2.48
"3543","州巧",43.33,335.62,203.42,191.99,10.55,2.44,149.59,12.04,30.31,2.67,0.53,2.03,3.01,24.88,3.23,1.22,24.92,143.76,9.20
"3545","敦泰",33.39,599.34,250.01,195.64,-15556.34,7.62,47.90,3.88,94.07,6.65,0.80,-1.79,-2.23,-6.02,-2.25,-0.63,29.22,170.34,11.80
"3550","聯穎",52.94,529.66,208.42,182.49,5.82,2.17,168.20,9.32,39.16,7.93,0.91,1.78,2.67,12.51,1.45,0.58,21.11,113.40,8.39
"3557","嘉威",77.34,153.01,73.67,44.81,1069.04,3.63,100.55,2.18,167.43,3.73,0.62,8.93,26.83,20.02,12.86,3.25,0.00,7.89,0.00
"3563","牧德",32.89,802.00,263.06,216.40,525.73,1.96,186.22,2.94,124.14,10.04,0.78,26.66,40.19,247.04,34.08,20.01,17.10,94.78,8.28
"3576","聯合再生",54.51,182.05,139.82,94.30,-5.53,5.23,69.78,4.34,84.10,0.82,0.34,-9.64,-24.58,-21.41,-31.81,-2.26,-9.78,-11.94,-2.23
"3583","辛耘",27.81,213.41,243.12,153.81,256.61,4.80,76.04,3.62,100.82,3.22,1.05,8.60,12.60,49.72,8.17,4.02,23.18,121.34,0.07
"3588","通嘉",14.82,330.80,525.69,390.22,74.98,7.27,50.20,2.60,140.38,2.61,0.68,1.51,1.78,7.29,2.23,0.50,0.00,45.19,-1.39
"3591","艾笛森",24.79,213.86,242.41,205.03,-24.15,4.98,73.29,5.29,68.99,1.58,0.62,-7.34,-9.97,-23.13,-12.29,-2.39,29.27,159.86,6.05
"3592","瑞鼎",49.43,2402.25,183.27,147.10,283.07,4.55,80.21,6.93,52.66,79.15,1.73,8.37,16.02,117.33,4.82,10.34,28.12,61.86,15.97
"3593","力銘",58.71,160.45,40.03,30.93,-4.20,5.12,71.28,6.93,52.66,1.46,0.44,-12.73,-37.33,-20.59,-34.26,-2.59,-15.95,-8.79,-10.33
"3596","智易",55.58,539.92,169.05,107.92,32.16,5.52,66.12,4.02,90.79,15.57,1.41,5.99,13.04,81.66,4.12,6.85,19.14,78.64,12.74
"3605","宏致",53.53,245.70,161.46,126.12,1022.24,3.43,106.41,5.41,67.46,3.27,0.81,3.83,7.40,29.08,4.26,2.55,20.14,66.35,7.08
"3607","谷崧",35.02,249.67,191.28,148.84,-9.87,3.30,110.60,5.57,65.52,3.02,0.87,-9.12,-15.96,-49.43,-13.71,-4.66,-6.56,196.90,-0.44
"3617","碩天",56.97,282.83,142.07,88.55,18.97,5.13,71.15,2.05,178.04,4.64,0.90,5.40,11.39,77.55,5.42,6.25,9.52,46.04,0.33
"3622","洋華",8.79,524.16,858.31,828.67,11833.31,5.37,67.97,3.95,92.40,0.96,0.19,2.78,2.96,9.15,14.89,0.88,4.09,-22.54,-0.66
"3645","達邁",49.22,116.97,131.84,87.13,963.95,4.05,90.12,3.19,114.42,0.59,0.39,2.36,3.74,10.54,5.23,0.82,41.41,70.66,3.40
"3652","精聯",36.26,332.36,215.65,131.75,13.79,4.19,87.11,3.38,107.98,5.86,1.26,1.08,1.51,3.54,0.81,0.35,20.31,140.83,5.37
"3653","健策",19.64,248.09,354.32,250.72,439.44,3.86,94.55,2.65,137.73,2.42,0.77,11.03,14.42,80.28,14.22,6.55,77.46,68.00,6.70
"3661","世芯-KY",36.81,875.50,226.27,189.67,117.32,5.37,67.97,5.49,66.48,12.27,0.97,9.78,13.93,86.66,10.01,7.20,91.67,122.29,26.07
"3665","貿聯-KY",48.96,649.63,237.89,182.34,2366.20,4.57,79.86,3.83,95.30,9.77,1.11,9.30,17.24,178.91,7.96,15.54,39.57,73.83,13.31
"3669","圓展",19.69,213.60,340.69,268.24,16.72,8.07,45.22,3.23,113.00,1.76,0.72,2.60,2.98,8.57,3.42,0.79,55.86,80.37,7.32
"3673","TPK-KY",57.69,204.42,154.05,129.23,1.85,11.70,31.19,13.19,27.67,4.66,1.61,0.78,0.82,19.18,0.22,0.51,22.76,1.60,6.51
"3679","新至陞",49.32,379.15,299.43,274.28,16.98,2.88,126.73,6.32,57.75,2.49,0.52,4.74,8.58,68.15,8.53,5.42,28.23,109.29,3.89
"3686","達能",26.07,42431.23,965.61,950.06,-75.00,"*****","*****",17.62,20.71,0.40,0.11,-14.77,-19.18,-17.50,-158.32,-1.75,-64.92,52.61,0.00
"3694","海華",67.66,104.33,100.95,67.03,-1.76,4.36,83.71,6.03,60.53,4.75,1.55,-1.72,-6.82,-7.60,-1.49,-0.76,23.83,74.22,19.45
"3701","大眾控",48.23,732.39,239.21,155.35,595.00,4.83,75.56,3.80,96.05,9.48,1.05,1.93,2.90,9.38,1.44,0.22,24.40,52.25,7.13
"3702","大聯大",72.23,919.83,131.22,86.65,4.80,4.95,73.73,7.51,48.60,71.62,2.47,3.84,10.95,43.57,1.22,3.84,-0.90,5.72,-7.87
"3703","欣陸",59.56,1615.05,160.13,57.99,2.19,9.47,38.54,0.79,462.02,10.99,0.35,0.53,0.59,7.57,0.67,0.12,4.32,18.22,1.64
"3704","合勤控",53.23,441.78,161.11,109.39,0.01,4.09,89.24,4.61,79.17,14.12,1.47,0.81,1.40,-0.86,0.42,0.25,31.07,74.33,25.59
"3705","永信",48.07,160.48,119.80,65.86,1531.74,4.19,87.11,1.82,200.54,1.82,0.68,6.72,11.95,37.98,9.20,2.81,18.52,57.64,2.66
"3706","神達",28.61,528.83,164.43,105.95,56.14,6.01,60.73,3.70,98.64,4.78,0.69,5.45,7.17,28.61,7.74,2.65,1.65,59.52,-2.48
"3708","上緯投控",42.46,446.34,240.85,217.91,19.81,1.85,197.29,9.45,38.62,4.14,0.69,9.82,15.73,122.96,13.46,8.97,18.44,90.28,1.42
"3711","日月光投控",61.49,174.24,132.66,100.83,6.58,5.22,69.92,9.87,36.98,1.85,0.76,3.93,8.30,53.95,4.37,3.86,47.49,109.06,8.24
"3712","永崴投控",62.30,209.72,115.95,85.45,-2.02,6.31,57.84,6.36,57.38,2.01,0.52,-0.65,-2.79,-9.26,-2.23,-0.77,5.27,33.64,-1.93
"4104","佳醫",37.29,1593.23,178.39,158.65,32.35,4.07,89.68,5.60,65.17,15.24,0.46,4.62,7.33,58.27,9.63,4.02,24.73,67.90,7.65
"4106","雃博",32.79,344.53,197.13,147.21,8.14,5.81,62.82,2.91,125.42,3.09,0.67,3.34,4.34,12.73,4.32,0.87,23.04,127.94,4.17
"4108","懷特",6.92,414.00,912.02,753.80,-76305.22,12.57,29.03,0.25,1460.00,0.21,0.05,-10.36,-11.08,-12.52,-214.45,-1.04,-120.37,-389.21,-6.18
"4119","旭富",14.87,186.32,331.36,237.02,13677.15,6.34,57.57,2.76,132.24,1.25,0.60,14.51,17.09,89.47,24.24,7.19,135.49,126.53,9.46
"4133","亞諾法",5.66,383.52,1093.83,359.02,369.23,4.69,77.82,0.23,1586.95,1.26,0.32,0.28,0.27,0.16,0.79,0.05,115.89,84.61,3.30
"4137","麗豐-KY",46.26,368.73,191.09,175.94,3506.51,1780.62,0.20,1.79,203.91,3.76,0.70,20.27,33.71,249.36,27.86,18.02,58.94,129.34,17.09
"4142","國光生",42.90,267.20,1030.63,751.15,-5.55,2.77,131.76,1.53,238.56,0.56,0.22,-4.18,-10.61,-7.72,-21.44,-0.90,-92.88,-524.10,-2.74
"4148","全宇生技-KY",8.09,443.34,1019.57,826.92,1198.84,2.76,132.24,2.91,125.42,3.71,0.63,1.53,1.69,16.21,2.02,0.56,503.63,125.60,29.66
"4155","訊映",41.36,298.83,171.98,103.87,2444.00,4.71,77.49,2.99,122.07,2.35,0.61,5.77,8.84,18.24,9.08,1.71,17.43,79.86,-0.38
"4164","承業醫",52.55,173.85,115.10,88.78,602.23,2.74,133.21,2.59,140.92,0.62,0.27,4.23,7.47,33.65,13.23,2.83,39.02,109.96,9.54
"4190","佐登-KY",68.76,189.97,58.48,47.15,10.90,18.60,19.62,2.52,144.84,1.73,0.52,8.39,24.22,106.85,14.47,8.05,27.17,83.68,16.26
"4306","炎洲",71.24,122.98,91.19,45.36,0.02,4.83,75.56,1.85,197.29,1.23,0.49,-0.61,-5.96,-7.72,-3.49,-0.99,7.64,55.27,5.36
"4414","如興",51.67,344.24,115.06,61.81,-151.48,5.78,63.14,3.62,100.82,4.96,0.70,-2.91,-8.60,-11.42,-6.17,-1.36,5.85,64.48,4.15
"4426","利勤",33.74,150.39,280.70,225.30,24.83,7.59,48.08,5.05,72.27,0.77,0.46,7.69,11.44,28.71,15.82,2.26,150.78,118.89,10.98
"4438","廣越",33.11,414.92,390.60,210.28,20.92,12.86,28.38,3.93,92.87,7.01,1.45,10.26,16.16,134.01,6.75,9.73,77.85,36.05,9.72
"4439","冠星-KY",41.90,273.89,193.66,136.58,20.93,8.66,42.14,7.17,50.90,8.10,1.83,11.99,23.68,165.22,5.27,13.92,51.98,119.11,21.78
"4440","宜新實業",54.09,129.09,296.10,163.50,11.88,7.73,47.21,5.47,66.72,1.13,0.78,7.62,15.02,44.51,8.93,3.59,62.70,27.22,0.79
"4526","東台",64.59,245.62,148.97,75.07,2.02,2.69,135.68,1.38,264.49,3.22,0.63,1.11,1.48,5.22,0.81,0.23,8.39,27.72,5.11
"4532","瑞智",64.59,217.89,157.56,124.77,4.20,2.42,150.82,6.74,54.15,2.83,0.76,3.18,6.75,15.83,3.21,1.30,19.86,67.91,7.12
"4536","拓凱",44.93,244.36,195.33,162.18,23.75,4.74,77.00,3.90,93.58,3.06,0.73,9.18,16.19,135.36,11.98,9.53,50.16,128.38,18.91
"4540","全球傳動",44.04,225.96,369.00,204.04,-1.34,2.42,150.82,1.38,264.49,0.97,0.37,-0.70,-1.86,-6.45,-2.92,-0.64,-2.91,38.12,-7.08
"4545","銘鈺",42.00,209.29,224.48,178.26,1.12,3.73,97.85,5.13,71.15,1.65,0.59,0.92,0.82,0.22,0.79,0.18,28.34,63.46,5.30
"4551","智伸科",65.00,140.77,125.94,103.18,17.30,3.04,120.06,5.02,72.70,1.46,0.60,7.96,20.72,104.79,12.41,7.60,21.84,57.69,9.05
"4552","力達-KY",25.50,296.87,360.78,332.82,154.12,6.03,60.53,14.06,25.96,4.11,82.64,5.73,7.35,49.30,6.88,3.22,27.72,118.05,2.15
"4555","氣立",34.83,141.67,151.38,79.64,5.01,3.45,105.79,1.15,317.39,0.75,0.35,1.71,2.11,9.22,4.00,0.66,25.00,48.56,4.30
"4557","永新-KY",27.93,283.51,257.16,213.57,59.67,2.57,142.02,4.04,90.34,2.89,0.82,9.98,13.79,58.57,11.92,5.41,63.17,98.34,8.43
"4560","強信-KY",28.52,348.33,276.15,207.23,25.99,2.39,152.71,2.56,142.57,3.18,0.70,12.82,17.38,52.82,17.62,4.38,69.59,183.09,10.96
"4562","穎漢",63.73,221.85,149.42,78.21,-1.95,1.42,257.04,0.74,493.24,1.25,0.32,-1.50,-5.21,-8.99,-6.30,-0.95,-11.90,-19.27,-15.57
"4564","元翎",44.69,141.73,183.92,149.54,11.26,5.27,69.25,5.79,63.03,0.53,0.36,7.14,12.04,33.48,18.20,2.80,100.46,113.05,4.15
"4566","時碩工業",55.64,320.13,198.38,143.89,1692.44,4.16,87.74,3.41,107.03,4.12,0.82,4.95,10.20,42.52,5.71,3.29,28.43,63.64,10.07
"4569","六方科-KY",30.82,126.79,155.27,107.65,247.52,3.77,96.81,3.82,95.54,1.34,0.70,8.20,12.12,64.63,11.72,6.45,43.89,"NA",3.54
"4571","鈞興-KY",24.94,275.50,304.41,226.15,43.64,3.16,115.50,2.64,138.25,2.61,0.80,11.45,15.92,52.43,13.92,5.05,88.68,"NA",19.50
"4572","駐龍",14.86,502.20,1117.98,898.69,129.02,3.38,107.98,1.43,255.24,1.86,0.41,11.27,13.69,79.42,27.18,6.74,159.22,98.18,8.69
"4576","大銀微系統",37.04,131.13,184.50,81.57,3.70,4.66,78.32,1.21,301.65,0.70,0.40,1.05,1.33,3.82,1.96,0.32,25.44,22.19,3.12
"4581","光隆精密-KY",35.15,252.30,212.58,145.00,79.87,6.00,60.83,2.96,123.31,3.14,0.90,8.18,12.73,41.83,8.98,3.09,46.13,"NA",10.00
"4720","德淵",58.76,175.84,160.99,111.85,586.04,5.27,69.25,5.78,63.14,3.06,1.11,2.06,4.07,7.99,1.50,0.50,20.41,39.85,7.65
"4722","國精化",23.67,286.79,303.51,180.06,54.21,4.02,90.79,4.35,83.90,4.62,1.26,7.70,10.36,33.85,5.98,2.56,71.68,135.56,9.49
"4736","泰博",42.37,287.61,289.36,219.23,36.22,3.43,106.41,1.79,203.91,1.88,0.54,8.89,15.56,97.19,16.04,8.03,76.34,54.06,8.58
"4737","華廣",53.52,113.08,115.53,84.52,5.23,2.73,133.69,2.85,128.07,0.81,0.48,2.93,5.28,22.55,4.91,1.85,29.36,96.46,7.17
"4739","康普",41.84,132.13,155.26,72.09,669.00,10.24,35.64,3.63,100.55,1.71,0.89,2.60,3.73,24.51,2.40,1.40,63.97,40.79,13.56
"4746","台耀",53.61,131.72,111.13,56.24,-0.40,3.17,115.14,1.12,325.89,0.59,0.30,-0.13,-0.91,-4.06,-1.49,0.12,11.72,51.90,3.25
"4755","三福化",25.31,224.59,198.27,146.70,52.46,3.84,95.05,6.51,56.06,2.53,0.92,7.68,10.33,41.56,8.24,3.58,58.84,97.17,6.01
"4763","材料-KY",46.92,167.18,127.04,102.35,1720.60,5.80,62.93,5.31,68.73,2.57,0.89,14.32,24.87,74.08,15.23,6.52,40.56,77.86,17.18
"4764","雙鍵",41.61,255.20,197.71,164.97,41.19,4.24,86.08,5.34,68.35,3.66,0.84,4.88,7.91,33.48,5.56,2.53,35.31,95.15,3.53
"4766","南寶",42.62,329.28,226.36,176.50,26.90,4.46,81.83,5.40,67.59,4.25,0.96,7.63,12.58,148.68,7.69,10.19,37.98,102.28,8.92
"4770","上品",37.26,431.19,250.89,180.71,70.94,3.00,121.66,1.65,221.21,3.91,0.63,12.53,19.96,88.25,19.13,7.30,20.56,87.98,"NA"
"4807","日成-KY",46.61,300.83,180.89,145.88,-25.60,3.23,113.00,5.19,70.32,5.21,0.99,-6.46,-9.76,-28.81,-6.54,-3.83,-43.15,88.36,-47.21
"4904","遠傳",47.37,308.98,123.16,106.01,22.44,9.34,39.07,8.31,43.92,2.15,0.64,7.06,12.18,33.79,10.50,2.68,97.02,94.26,4.71
"4906","正文",40.90,351.74,206.95,150.97,627.95,3.65,100.00,5.86,62.28,6.28,1.17,1.65,2.42,7.92,1.16,0.57,60.60,167.42,21.47
"4912","聯德控股-KY",68.35,160.43,132.80,105.17,6.72,2.31,158.00,4.60,79.34,2.79,0.81,5.37,13.65,70.96,5.20,5.47,34.28,45.27,24.80
"4915","致伸",72.71,265.94,117.16,81.39,15.35,4.43,82.39,7.80,46.79,12.53,1.67,5.04,15.36,64.96,2.81,4.80,19.75,85.02,22.43
"4916","事欣科",53.27,274.33,158.79,89.82,4.09,3.83,95.30,2.23,163.67,4.26,0.90,1.99,3.14,23.71,1.55,4.02,22.37,27.38,14.52
"4919","新唐",33.74,1159.29,349.60,275.20,4775.18,9.78,37.32,3.23,113.00,14.21,1.20,6.59,10.03,23.21,5.38,2.53,33.09,79.20,1.08
"4927","泰鼎-KY",36.95,137.39,146.02,94.14,13.03,3.17,115.14,4.54,80.39,1.68,0.86,7.40,12.34,44.74,7.99,4.46,37.01,74.11,6.12
"4930","燦星網",57.81,929.55,206.04,179.73,4.67,8.40,43.45,8.73,41.80,10.27,0.89,3.51,5.56,40.07,2.90,0.46,4.57,20.84,1.34
"4934","太極",56.87,131.12,94.82,86.38,-9.70,5.86,62.28,19.94,18.30,1.16,0.51,-9.68,-23.46,-25.49,-20.78,-2.42,27.16,239.76,6.63
"4935","茂林-KY",37.14,215.02,223.71,189.14,14.34,3.23,113.00,6.71,54.39,1.57,0.57,3.96,5.61,27.38,6.52,2.63,34.56,88.85,7.45
"4938","和碩",66.13,274.47,137.69,105.36,8.98,6.69,54.55,9.25,39.45,17.03,2.39,3.61,9.63,97.54,1.34,7.40,22.42,97.96,21.58
"4942","嘉彰",27.48,516.29,316.67,296.90,306.57,2.35,155.31,13.94,26.18,5.36,0.78,6.62,9.18,72.59,8.51,4.57,50.53,216.71,9.90
"4943","康控-KY",48.32,172.46,174.01,153.75,486.55,1.24,294.35,5.97,61.13,1.47,0.56,5.29,8.44,33.80,7.64,3.28,60.75,46.05,13.93
"4952","凌通",25.64,418.68,358.24,287.59,35.87,5.28,69.12,4.44,82.20,4.93,0.95,8.30,10.90,22.62,8.49,2.05,60.58,97.00,2.52
"4956","光鋐",32.37,179.51,328.22,227.22,-16.22,1.84,198.36,3.34,109.28,0.91,0.43,-4.30,-6.76,-13.08,-10.65,-1.26,33.69,62.93,3.37
"4958","臻鼎-KY",35.41,218.09,213.16,183.50,22.76,4.66,78.32,9.31,39.20,2.72,0.86,9.27,14.72,165.71,10.33,9.93,41.69,82.80,8.98
"4960","誠美材",31.93,221.99,129.50,79.96,-122.09,4.28,85.28,3.47,105.18,1.98,0.72,-2.39,-6.37,-11.10,-6.76,-1.03,16.01,0.77,3.65
"4961","天鈺",34.75,1638.09,273.28,195.00,1437.57,3.86,94.55,4.08,89.46,54.14,1.48,5.34,8.21,21.86,3.37,1.92,38.17,46.73,13.25
"4967","十銓",57.18,790.89,163.08,61.76,4.46,15.09,24.18,6.87,53.12,50.00,3.44,0.59,0.73,2.57,0.11,0.11,0.00,58.81,0.00
"4968","立積",42.58,1271.43,217.68,156.57,178.92,4.13,88.37,3.32,109.93,28.22,1.29,8.99,15.00,39.34,6.94,3.13,23.29,87.21,9.75
"4976","佳凌",28.30,209.23,378.93,287.51,-20.49,4.28,85.28,3.80,96.05,1.31,0.51,-3.66,-5.45,-9.71,-7.49,-0.81,35.12,119.86,2.73
"4977","眾達-KY",24.62,263.49,296.39,207.50,14.68,8.15,44.78,3.33,109.60,3.06,0.95,9.88,12.93,37.75,9.80,4.22,130.78,72.38,27.18
"4989","榮科",17.87,508.78,601.82,482.19,16.17,5.17,70.59,6.62,55.13,6.65,1.12,1.37,1.54,2.81,1.14,0.22,-52.50,117.98,-7.69
"4994","傳奇",33.84,18465.16,277.06,272.43,62293.29,13.22,27.60,"NA","NA",309.06,2.05,27.49,40.39,56.15,13.35,4.48,119.67,128.60,61.48
"4999","鑫禾",14.43,332.37,543.86,482.19,1355.43,2.12,172.16,5.22,69.92,2.12,0.56,5.15,6.19,36.58,9.21,2.78,80.60,105.43,3.28
"5007","三星",17.24,198.87,473.16,294.48,460.83,5.02,72.70,2.79,130.82,2.00,0.83,10.25,12.76,35.09,12.72,2.77,138.09,108.57,3.64
"5203","訊連",23.92,863.94,421.14,416.30,389928.69,12.68,28.78,24.93,14.64,3.01,0.26,7.11,9.47,56.22,26.12,4.53,-2.64,141.80,-0.54
"5215","科嘉-KY",24.78,460.48,347.44,310.12,44410.55,2.56,142.57,7.41,49.25,4.64,0.82,9.15,12.03,64.18,11.09,4.56,46.00,87.23,4.33
"5222","全訊",37.01,401.98,247.26,120.30,9589.03,8.30,43.97,1.16,314.65,4.25,0.80,20.21,29.53,44.47,24.71,3.84,38.73,64.95,7.78
"5225","東科-KY",64.71,285.65,127.57,101.73,11.58,5.55,65.76,14.02,26.03,14.02,2.04,6.57,17.29,61.78,2.93,5.04,45.73,188.92,43.01
"5234","達興材料",31.77,220.41,227.53,199.21,206.51,3.26,111.96,10.62,34.36,3.38,1.13,16.39,23.96,73.20,14.35,6.33,75.70,112.72,8.04
"5243","乙盛-KY",34.48,271.35,219.72,190.42,34.65,4.34,84.10,8.19,44.56,4.27,1.07,5.44,8.56,39.33,4.94,2.96,67.99,201.37,20.09
"5244","弘凱",24.83,403.64,339.09,309.54,232.77,3.08,118.50,7.32,49.86,2.65,0.60,10.29,13.50,24.86,17.05,2.11,59.96,201.11,8.08
"5258","虹堡",61.68,405.54,135.79,72.34,1.23,2.15,169.76,1.94,188.14,10.07,1.09,1.91,3.35,0.57,1.25,0.19,25.96,-104.04,39.40
"5269","祥碩",25.20,1144.60,334.05,298.18,2234.91,5.46,66.84,4.54,80.39,19.52,1.12,28.96,39.32,193.48,25.77,16.08,172.43,144.91,25.42
"5283","禾聯碩",31.46,255.98,224.11,123.57,170.73,6.51,56.06,2.34,155.98,4.09,1.11,15.00,22.54,127.90,13.38,10.73,41.55,89.01,0.33
"5284","jpp-KY",42.83,161.67,144.98,116.21,5.86,4.71,77.49,3.33,109.60,1.01,0.49,3.73,5.26,24.12,6.36,2.31,15.15,72.71,1.18
"5285","界霖",51.73,262.13,263.94,161.05,8.06,4.37,83.52,3.34,109.28,2.83,0.90,4.94,9.32,25.59,4.89,2.46,26.21,46.61,-0.18
"5288","豐祥-KY",35.20,259.19,171.68,130.08,60.35,7.27,50.20,6.39,57.12,4.43,1.17,14.19,21.00,114.55,11.95,9.50,37.71,91.51,7.03
"5292","華懋",60.83,229.06,136.93,124.19,50.34,3.91,93.35,8.58,42.54,4.97,0.86,5.55,14.48,28.92,6.34,2.80,17.69,137.76,16.65
"5306","桂盟",47.01,223.95,132.19,94.35,3757.16,4.93,74.03,2.93,124.57,1.71,0.52,10.28,19.47,102.62,19.23,8.00,47.57,65.15,15.83
"5388","中磊",70.68,351.21,136.84,97.03,1417.00,5.18,70.46,4.89,74.64,10.18,1.28,4.49,14.09,51.31,3.25,4.21,9.35,89.99,7.09
"5434","崇越",51.47,309.65,148.02,109.67,73.00,5.34,68.35,8.16,44.73,7.68,1.47,9.44,18.95,121.53,6.34,9.48,20.12,74.45,7.43
"5469","瀚宇博",49.54,384.74,150.59,112.40,10.77,2.89,126.29,5.20,70.19,3.38,0.65,5.41,10.23,88.27,7.49,6.05,31.48,143.46,9.64
"5471","松翰",17.23,412.05,439.09,307.39,0.00,8.07,45.22,2.82,129.43,5.60,0.91,9.57,11.44,23.54,10.56,2.03,70.15,70.45,0.47
"5484","慧友",19.49,451.92,252.87,195.70,-77.39,6.47,56.41,2.67,136.70,1.47,0.23,-12.52,-15.62,-17.33,-35.45,-1.49,-61.42,-958.99,-15.72
"5515","建國",49.02,4710.67,293.47,274.26,17.96,2.51,145.41,"NA","NA",39.93,0.71,2.15,3.85,11.01,2.84,0.57,35.75,112.04,12.73
"5519","隆大",51.00,13604.17,468.93,50.26,942.73,20.73,17.60,0.13,2807.69,86.19,0.52,6.43,12.56,26.29,11.13,2.43,-7.39,-0.07,-5.06
"5521","工信",52.45,937.01,183.70,98.04,0.94,6.07,60.13,0.98,372.44,7.33,0.45,0.06,-0.58,-0.05,-0.56,-0.07,-0.98,-56.61,-0.94
"5522","遠雄",52.12,753059.46,199.37,27.94,5.68,15.54,23.48,0.26,1403.84,2822.82,0.25,4.16,7.60,48.62,15.19,3.89,10.41,115.74,3.48
"5525","順天",62.36,1562.42,121.41,14.81,1165.08,7.82,46.67,0.30,1216.66,8.25,0.23,3.82,8.49,16.95,15.16,1.66,0.00,60.64,0.00
"5531","鄉林",63.02,265.15,162.06,23.04,2.83,59.52,6.13,0.25,1460.00,1.01,0.22,3.07,5.72,8.99,9.01,0.07,25.29,268.35,19.18
"5533","皇鼎",51.03,193.74,184.49,11.12,270.24,27.50,13.27,0.12,3041.66,0.33,0.11,0.99,1.27,4.03,5.78,0.33,1.91,56.17,-0.95
"5534","長虹",41.78,21943.44,250.44,30.93,40.33,14.08,25.92,0.24,1520.83,113.74,0.33,10.88,18.51,117.83,32.92,10.93,10.81,86.54,-4.07
"5538","東明-KY",46.98,471.58,235.91,128.70,5.97,5.15,70.87,2.64,138.25,9.21,1.18,7.58,12.03,38.95,5.31,2.77,27.17,60.72,5.78
"5546","永固-KY",62.54,402.49,143.88,139.22,20.02,1.75,208.57,116.97,3.12,11.63,1.18,10.75,26.35,87.39,7.56,7.14,8.60,22.82,5.63
"5607","遠雄港",51.03,732.25,269.74,268.77,9.34,12.50,29.20,"NA","NA",1.36,0.17,7.70,12.69,39.06,31.26,3.04,23.80,103.63,3.67
"5608","四維航",80.30,86.62,25.68,19.07,0.31,83.67,4.36,16.70,21.85,0.16,0.15,0.22,-9.26,-16.41,-12.44,-1.26,22.35,102.26,3.38
"5706","鳳凰",53.71,176.19,132.39,118.22,39.42,27.59,13.22,"NA","NA",6.16,1.34,9.26,17.84,39.87,6.75,3.24,32.61,90.69,23.71
"5871","中租-KY",85.13,501.68,113.18,111.32,3.71,"NA","NA","NA","NA",2.64,0.13,5.36,23.33,163.74,27.22,11.65,2.63,51.93,3.36
"5876","上海商銀",90.16,"NA","NA","NA","NA","NA","NA","NA","NA",1.92,0.02,0.99,10.32,54.96,48.17,3.50,"NA","NA","NA"
"5880","合庫金",93.93,"NA","NA","NA","NA","NA","NA","NA","NA","NA","NA",0.49,8.02,16.01,35.87,1.33,"NA","NA","NA"
"5906","台南-KY",72.35,971.37,107.79,51.30,1.11,8.31,43.92,1.85,197.29,36.67,1.52,-0.25,-7.36,0.77,-1.28,-0.82,28.17,38.00,110.13
"5907","大洋-KY",66.04,260.80,76.75,69.11,2.43,27.47,13.28,6.37,57.29,0.96,0.28,4.63,6.44,47.50,9.09,3.10,22.93,78.66,6.23
"6005","群益證",64.38,1546.42,124.89,124.85,"NA","NA","NA","NA","NA","NA","NA",2.90,7.67,12.15,43.61,1.11,0.45,198.78,"NA"
"6024","群益期",88.00,8723.00,110.00,110.00,"NA","NA","NA","NA","NA","NA","NA",1.50,11.95,42.33,34.57,3.40,2.05,115.20,2.37
"6108","競國",60.69,148.21,121.60,105.32,5.27,3.14,116.24,8.39,43.50,2.62,0.76,4.21,9.19,29.73,4.48,2.22,23.90,146.01,8.70
"6112","邁達特",41.48,510.97,231.15,122.57,36.94,5.94,61.44,3.86,94.55,13.22,1.70,5.90,11.64,27.47,3.37,2.58,-16.15,47.08,-12.14
"6115","鎰勝",39.42,650.87,240.32,220.19,50.02,3.03,120.46,9.82,37.16,8.88,0.80,7.21,11.72,44.40,8.77,3.06,30.32,100.52,4.42
"6116","彩晶",14.51,246.88,309.20,283.54,938.20,13.92,26.22,12.29,29.69,0.95,0.34,1.77,1.90,2.50,4.78,0.25,24.04,94.52,1.31
"6117","迎廣",54.82,174.29,125.85,88.22,-8.24,4.63,78.83,2.77,131.76,2.52,0.73,-5.24,-11.94,-16.06,-7.73,-1.73,2.85,18.53,1.90
"6120","達運",44.46,194.11,237.52,208.12,-3.51,3.91,93.35,9.83,37.13,1.99,0.73,-0.67,-1.66,-3.72,-1.20,-0.29,21.48,73.52,3.50
"6128","上福",50.44,315.53,109.15,69.77,9.86,6.01,60.73,4.69,77.82,4.65,0.91,5.71,10.21,34.82,5.59,2.76,30.54,44.14,16.97
"6133","金橋",21.58,539.62,247.39,198.49,14.48,4.16,87.74,4.29,85.08,3.97,0.61,1.27,1.49,2.40,1.93,0.19,27.32,91.71,3.11
"6136","富爾特",4.50,1819.62,985.52,894.65,919459.39,4.32,84.49,9.85,37.05,5.81,0.31,2.92,3.05,7.38,9.40,0.68,100.92,53.55,-2.67
"6139","亞翔",58.62,1318.16,164.50,98.15,11.90,3.81,95.80,0.18,2027.77,17.22,0.60,2.72,5.87,40.07,4.11,2.21,-12.59,0.00,-18.76
"6141","柏承",47.85,114.76,107.03,94.09,14.90,2.43,150.20,8.42,43.34,1.61,0.73,13.86,29.76,43.49,17.91,4.20,28.26,97.65,11.08
"6142","友勁",51.52,167.25,155.72,113.50,-19.45,4.04,90.34,4.28,85.28,1.89,0.71,-7.01,-13.64,-12.64,-10.00,-1.26,-5.03,-25.18,-2.19
"6152","百一",62.43,232.02,126.66,107.34,1.49,3.40,107.35,6.25,58.40,6.41,1.08,0.08,0.93,0.76,0.28,0.08,22.86,376.43,20.97
"6153","嘉聯益",51.80,188.03,208.03,186.35,6.18,3.21,113.70,6.03,60.53,1.47,0.60,1.78,3.16,11.53,2.41,0.90,20.83,49.88,5.75
"6155","鈞寶",33.43,459.74,211.27,190.60,1621.00,2.95,123.72,2.52,144.84,1.94,0.29,3.83,5.66,11.13,12.36,0.93,19.35,113.90,2.54
"6164","華興",38.80,210.54,171.61,144.90,-8.86,2.76,132.24,2.41,151.45,1.49,0.46,-2.81,-5.07,-5.49,-6.55,-0.60,16.21,127.63,4.83
"6165","浪凡",5.24,6342.98,1014.83,1012.75,-124.03,3.37,108.30,2.14,170.56,0.33,0.01,-6.14,-6.51,-5.44,-1192.36,-0.54,42.79,922.30,3.80
"6166","凌華",44.40,440.28,174.25,115.92,21.42,5.19,70.32,2.70,135.18,10.98,1.26,5.60,9.59,28.33,4.23,2.04,43.26,94.23,24.29
"6168","宏齊",25.66,452.70,361.15,288.90,9.39,3.00,121.66,4.08,89.46,3.85,0.58,0.45,0.53,1.11,0.68,0.07,71.27,85.28,4.24
"6176","瑞儀",45.73,896.28,202.70,155.60,2743.92,4.11,88.80,17.40,20.97,15.29,1.01,11.02,22.06,177.23,10.46,12.62,29.31,145.39,8.01
"6177","達麗",79.64,2384.17,155.84,7.32,598.70,89.79,4.06,0.29,1258.62,16.02,0.32,5.14,21.71,37.58,13.71,3.59,-20.34,-46.87,-27.88
"6183","關貿",23.97,336.37,255.93,245.62,1028.08,3.21,113.70,0.02,18250.00,2.43,0.60,10.13,13.48,24.03,17.00,1.96,61.95,94.38,3.62
"6184","大豐電",47.43,268.05,147.59,141.04,14.92,9.25,39.45,24.27,15.03,0.82,0.22,5.78,12.10,38.30,25.03,3.39,19.26,103.37,0.52
"6189","豐藝",59.71,1122.83,162.90,114.51,6.90,4.76,76.68,7.52,48.53,50.70,1.97,6.74,14.64,37.67,2.74,2.62,-5.73,38.77,-18.36
"6191","精成科",51.19,276.70,140.82,96.97,7.16,2.99,122.07,4.75,76.84,3.07,0.73,3.35,6.07,25.77,3.91,2.01,14.42,88.84,5.72
"6192","巨路",38.21,468.18,262.17,190.60,295.98,4.69,77.82,2.40,152.08,5.99,0.82,9.45,15.37,87.52,11.47,6.72,33.06,152.05,8.30
"6196","帆宣",70.29,319.46,124.21,96.60,11.56,4.49,81.29,2.77,131.76,10.88,1.28,3.89,11.56,47.69,2.77,3.78,7.75,31.48,5.53
"6197","佳必琪",27.26,869.39,335.05,267.26,43.32,3.53,103.39,4.08,89.46,9.48,0.83,6.18,8.76,25.30,7.27,2.40,50.00,170.31,11.05
"6201","亞弘電",24.70,451.47,380.63,260.44,33363.66,6.30,57.93,3.66,99.72,5.86,0.99,7.34,9.85,33.66,7.40,2.69,23.60,48.74,-0.80
"6202","盛群",24.00,905.00,427.00,353.00,775.00,5.60,65.17,3.51,103.98,10.80,0.85,17.00,22.00,47.00,20.00,4.05,96.00,94.00,-3.00
"6205","詮欣",21.89,507.32,355.59,317.23,87.73,3.21,113.70,5.49,66.48,3.29,0.52,5.07,6.52,19.94,9.54,1.57,27.44,115.87,-0.01
"6206","飛捷",18.29,423.45,449.59,367.01,311.85,6.38,57.21,4.53,80.57,4.67,0.93,12.54,15.40,61.69,13.55,5.15,92.35,118.43,2.48
"6209","今國光",26.57,205.46,219.24,152.32,-9.44,4.88,74.79,4.55,80.21,2.00,0.75,-2.24,-3.29,-6.67,-3.25,-0.70,16.51,155.93,2.69
"6213","聯茂",61.99,301.88,143.35,121.71,44.74,2.45,148.97,8.52,42.84,6.04,1.13,11.95,29.12,102.13,10.35,8.13,16.11,71.73,5.69
"6214","精誠",37.54,731.41,195.14,142.18,66.78,5.90,61.86,5.07,71.99,11.48,1.06,8.84,13.58,81.80,8.21,7.31,18.67,57.33,1.09
"6215","和椿",44.41,560.54,215.32,157.58,6.06,3.17,115.14,2.23,163.67,3.90,0.73,2.63,4.12,8.66,3.14,0.60,29.27,86.58,10.87
"6216","居易",11.03,694.64,828.91,754.90,"*****",6.19,58.96,3.44,106.10,4.11,0.54,8.90,10.09,21.45,16.45,1.80,96.15,94.30,0.14
"6224","聚鼎",27.24,216.02,321.59,271.85,82.55,3.56,102.52,2.22,164.41,1.61,0.59,13.29,17.17,57.62,22.23,4.60,89.30,108.86,6.35
"6225","天瀚",52.23,1415.66,290.77,112.91,45905.26,25.08,14.55,3.55,102.81,14.52,0.71,-46.76,-113.34,-0.73,-70.73,-0.07,-246.70,-4387.20,-118.75
"6226","光鼎",38.12,279.51,193.98,126.25,9.90,3.48,104.88,1.69,215.97,1.79,0.46,7.08,11.07,17.79,14.14,1.32,-19.77,0.68,-0.07
"6230","尼得科超眾",44.14,281.47,197.13,159.56,1076.39,3.22,113.35,6.39,57.12,5.33,1.18,9.91,17.76,112.09,8.17,8.12,38.35,105.59,12.37
"6235","華孚",55.38,135.66,92.21,74.97,-12.51,2.11,172.98,6.26,58.30,1.67,0.51,-10.93,-24.86,-30.13,-23.04,-3.00,0.00,11.10,0.00
"6239","力成",48.76,147.57,212.42,192.30,25.56,5.19,70.32,13.98,26.10,1.10,0.63,6.80,12.74,109.19,8.78,7.52,88.00,93.51,8.53
"6243","迅杰",42.12,5691.28,231.52,165.48,-20.00,3.14,116.24,2.33,156.65,53.75,0.61,-6.89,-12.21,-8.70,-11.65,-0.87,-69.60,-234.44,-44.02
"6257","矽格",45.37,169.87,194.46,187.83,26.71,3.59,101.67,41.67,8.75,1.02,0.45,7.35,12.31,49.23,15.56,3.26,52.68,98.25,7.74
"6269","台郡",36.36,359.40,319.06,287.39,46.39,3.74,97.59,5.80,62.93,4.02,0.84,10.39,15.33,119.59,12.11,10.02,-1.75,87.68,-5.30
"6271","同欣電",18.08,186.68,368.40,298.13,126.17,5.70,64.03,4.57,79.86,1.50,0.60,6.01,7.19,56.98,9.99,4.49,106.77,92.28,6.34
"6277","宏正",35.00,238.00,214.00,157.00,31.00,7.41,49.25,1.95,187.17,2.52,0.73,10.96,16.30,75.14,14.44,6.05,37.00,65.00,-4.67
"6278","台表科",61.58,229.33,142.56,122.27,35.41,3.00,121.66,10.70,34.11,5.65,1.21,6.66,16.67,93.22,5.35,6.96,27.95,132.28,24.12
"6281","全國電",67.94,1202.38,139.68,61.80,21.78,118.18,3.08,6.21,58.77,51.77,2.89,7.61,18.19,55.76,2.51,4.44,52.96,119.08,24.89
"6282","康舒",55.92,277.16,156.43,115.83,46.46,3.93,92.87,4.27,85.48,5.49,0.98,8.09,17.73,56.52,7.98,2.87,8.93,51.30,2.85
"6283","淳安",15.51,576.49,534.34,512.77,23.00,3.92,93.11,8.81,41.43,4.37,0.50,1.14,1.29,2.66,2.17,0.03,15.10,18.17,2.14
"6285","啟碁",53.06,230.78,152.10,106.16,19.46,4.88,74.79,6.83,53.44,9.29,1.84,4.56,9.13,48.27,2.35,3.76,28.41,68.25,13.16
"6288","聯嘉",52.52,254.40,177.04,110.67,867.18,5.59,65.29,4.01,91.02,4.84,1.25,5.06,9.00,14.27,4.79,1.21,32.58,73.40,13.58
"6405","悅城",26.71,264.18,907.49,895.88,0.01,2.66,137.21,41.09,8.88,0.46,0.23,0.28,0.02,-1.30,0.07,0.01,49.11,77.93,1.68
"6409","旭隼",52.81,234.04,143.57,120.72,51.82,6.34,57.57,9.30,39.24,7.47,1.47,24.72,47.05,314.01,16.47,25.87,56.91,102.93,26.71
"6412","群電",61.80,275.85,130.89,83.86,45.14,4.17,87.52,4.35,83.90,12.23,1.58,8.07,22.08,57.40,5.00,4.51,27.26,87.12,22.80
"6414","樺漢",68.63,966.76,133.56,101.07,7.64,4.57,79.86,5.32,68.60,17.10,0.99,4.25,11.24,456.11,3.71,13.22,12.44,61.23,14.28
"6415","矽力*-KY",8.62,936.17,720.28,566.15,2952.80,14.16,25.77,3.13,116.61,7.80,0.71,15.25,16.74,263.62,21.58,25.83,210.17,85.40,14.30
"6416","瑞祺電通",34.07,3297.36,267.78,138.88,130.06,4.06,89.90,2.16,168.98,72.58,1.11,8.27,12.51,62.37,7.39,4.28,16.21,38.68,-0.54
"6423","億而得-創",14.28,1189.09,873.00,860.00,294.81,12.08,30.21,"NA","NA",7.39,0.50,7.53,8.42,9.27,15.00,0.74,143.29,305.00,14.81
"6426","統新",18.24,393.61,406.67,370.78,2902.76,4.49,81.29,3.56,102.52,2.05,0.48,7.55,9.16,30.57,15.18,2.78,61.45,129.68,6.40
"6431","光麗-KY",36.64,3405.73,217.36,209.69,0.00,2.70,135.18,42.65,8.55,47.09,0.85,-5.50,-7.34,-5.38,-6.48,-0.60,-45.26,-65.65,-14.99
"6438","迅得",53.72,317.69,207.98,162.09,3.02,1.91,191.09,2.98,122.48,5.61,0.80,2.41,3.95,9.09,2.29,1.17,38.50,25.89,14.80
"6442","光聖",34.60,329.90,239.05,176.63,-0.66,3.49,104.58,2.91,125.42,4.69,0.78,-0.52,-0.95,-0.90,-0.80,-0.28,21.38,95.94,2.94
"6443","元晶",58.86,81.79,44.71,27.39,-0.54,18.00,20.27,8.10,45.06,0.70,0.55,-1.30,-6.47,-4.83,-4.51,-0.60,14.53,30.33,4.61
"6446","藥華藥",23.80,654.92,570.02,473.86,-111.24,2.74,133.21,0.27,1351.85,0.86,0.11,-29.04,-35.67,-37.50,-275.77,-3.85,-280.69,-645.12,-32.37
"6449","鈺邦",46.22,184.08,150.66,122.12,8.40,2.73,133.69,3.10,117.74,1.61,0.54,4.26,7.11,22.74,6.92,1.66,27.46,60.98,10.25
"6456","GIS-KY",65.99,185.46,132.42,103.42,1334.14,3.30,110.60,9.02,40.46,5.87,1.43,4.42,13.43,105.56,2.83,10.02,23.70,76.61,17.49
"6464","台數科",67.07,853.91,124.24,119.30,32.48,12.64,28.87,27.00,13.51,1.74,0.21,5.00,10.70,70.56,22.59,5.68,45.49,107.17,4.56
"6472","保瑞",51.11,137.06,223.73,166.84,23.38,5.48,66.60,3.78,96.56,0.95,0.54,11.28,20.51,82.52,19.95,7.90,41.61,25.08,5.11
"6477","安集",57.85,1455.17,192.19,126.42,6.02,5.63,64.83,3.26,111.96,4.36,0.37,5.76,11.45,24.94,13.33,2.21,12.10,6.66,0.20
"6491","晶碩",23.65,136.02,167.20,118.97,30.04,15.05,24.25,2.76,132.24,1.32,0.71,10.38,15.69,80.12,14.17,7.62,65.00,68.86,11.46
"6504","南六",67.44,237.00,124.14,84.99,2794.00,4.71,77.49,5.41,67.46,2.61,0.74,6.18,17.05,108.92,8.03,7.25,23.69,66.15,4.77
"6505","台塑化",16.09,353.39,616.10,427.46,76.68,11.93,30.59,9.87,36.98,6.16,1.61,9.26,10.89,47.13,5.69,3.86,119.39,163.89,-0.27
"6515","穎崴",32.35,319.00,229.43,180.33,702.05,4.28,85.28,5.04,72.42,6.19,1.47,29.25,43.47,229.07,19.86,19.00,57.27,75.98,13.50
"6525","捷敏-KY",23.30,269.68,284.44,269.23,322.32,5.11,71.42,18.71,19.50,2.68,0.74,14.24,18.70,65.01,19.20,5.15,97.86,130.12,8.22
"6531","愛普*",31.93,15954.60,300.83,157.13,-9151.67,5.12,71.28,1.67,218.56,120.14,0.98,-11.11,-16.46,-57.67,-11.41,-5.33,47.41,46.52,13.88
"6533","晶心科",15.51,4590.06,970.38,944.01,9.00,5.20,70.19,0.47,776.59,20.31,0.38,1.36,1.36,4.18,3.24,0.38,29.16,6.37,0.12
"6534","正瀚-創",47.04,114.92,109.08,89.21,1218.76,16.93,21.55,2.46,148.37,0.41,0.31,7.67,13.46,30.13,22.66,2.37,80.62,57.73,10.36
"6541","泰福-KY",15.17,460.74,963.21,898.04,"NA","NA","NA","NA","NA","NA","NA",-56.49,-62.77,-86.08,"NA",-9.26,"NA","NA","NA"
"6552","易華電",40.68,157.41,151.71,118.23,29.46,7.26,50.27,8.47,43.09,1.90,0.91,16.41,25.31,65.17,17.37,5.24,96.01,76.20,10.67
"6558","興能高",43.43,272.85,312.54,253.27,137.93,4.54,80.39,5.36,68.09,3.92,0.93,7.55,11.86,23.70,8.06,1.88,45.17,68.53,6.42
"6573","虹揚-KY",57.18,180.32,138.06,102.30,-3.27,2.48,147.17,4.07,89.68,1.40,0.52,-3.09,-8.92,-18.49,-7.49,-1.57,5.94,48.96,2.32
"6579","研揚",14.07,1416.98,389.68,309.07,140.45,7.51,48.60,3.75,97.33,10.12,0.63,6.93,8.01,55.92,10.87,5.17,59.91,121.74,1.49
"6581","鋼聯",24.23,142.91,323.64,287.31,276.59,9.84,37.09,8.04,45.39,0.61,0.36,8.77,11.34,47.08,24.16,3.58,176.75,77.65,1.50
"6582","申豐",13.77,198.94,326.68,252.18,1145.87,9.58,38.10,5.94,61.44,1.89,0.83,13.41,15.37,61.78,16.06,5.01,166.73,112.43,12.06
"6585","鼎基",45.90,147.43,94.99,48.21,445.96,7.12,51.26,2.03,179.80,1.15,0.54,1.40,1.84,10.34,2.00,0.69,39.24,109.61,11.20
"6591","動力-KY",41.96,451.78,281.90,240.80,11.73,2.75,132.72,5.09,71.70,4.61,0.75,6.34,9.35,50.45,7.53,3.44,44.94,0.61,10.43
"6592","和潤企業",83.43,1454.11,116.27,111.42,2.97,"NA","NA","NA","NA",7.30,0.10,2.83,13.99,59.45,19.61,5.81,-6.67,0.00,-36.15
"6598","ABC-KY",26.20,1179.76,481.49,397.93,"NA",7.03,51.92,0.72,506.94,2.15,0.17,-44.36,-58.14,-38.74,-267.52,-4.36,"NA","NA","NA"
"6605","帝寶",58.76,155.55,125.83,70.61,2.83,4.90,74.48,2.07,176.32,1.04,0.48,2.91,4.62,44.93,3.94,3.89,38.07,178.19,10.28
"6625","必應",46.21,286.04,171.16,162.79,3.81,3.78,96.56,"NA","NA",5.00,1.11,0.71,0.91,1.91,0.48,0.09,20.60,87.81,4.12
"6641","基士德-KY",33.54,817.65,271.66,243.07,305.23,4.45,82.02,7.30,50.00,13.48,1.11,12.73,18.82,83.13,11.40,6.79,83.21,198.68,22.40
"6655","科定",56.22,143.01,232.32,59.25,454.04,18.29,19.95,0.88,414.77,0.78,0.46,3.66,6.91,28.23,6.05,2.25,81.13,19.87,12.04
"6657","華安",3.33,1219.26,3602.71,3552.79,"NA",7.19,50.76,2.28,160.08,0.10,0.01,-22.72,-24.18,-25.53,-2395.98,-2.85,"NA","NA","NA"
"6666","羅麗芬-KY",15.82,770.64,499.92,464.98,5751.90,207.67,1.75,7.03,51.92,6.58,0.66,23.06,28.07,120.14,34.42,10.50,5.20,129.36,-14.77
"6668","中揚光",48.30,158.67,152.18,121.27,13.51,2.51,145.41,1.94,188.14,0.95,0.45,4.18,6.62,20.12,8.63,1.75,16.55,24.68,4.56
"6669","緯穎",58.01,2870.52,168.58,104.97,24.98,13.89,26.27,9.73,37.51,387.81,4.29,16.84,39.81,444.25,3.77,36.42,"NA","NA","NA"
"6670","復盛應用",43.80,274.85,180.67,132.37,99.56,5.81,62.82,6.28,58.12,6.95,1.54,20.56,35.89,218.21,13.17,16.61,43.98,94.00,6.66
"6671","三能-KY",26.48,187.82,277.45,214.73,53.13,7.81,46.73,3.77,96.81,2.06,0.85,8.59,11.51,37.89,9.91,3.11,87.97,101.23,8.15
"6672","騰輝電子-KY",44.11,284.99,198.19,146.74,28.03,3.22,113.35,5.04,72.42,5.47,1.29,11.54,22.92,85.38,8.65,6.85,44.84,95.77,10.11
"6674","鋐寶科技",35.24,2108.95,265.16,180.81,15.42,8.82,41.38,2.36,154.66,27.86,0.98,0.38,0.60,0.93,0.37,0.16,9.91,9.07,-1.49
"6689","伊雲谷",53.53,13685.58,186.98,162.29,24.20,6.55,55.72,8.68,42.05,650.56,2.61,5.53,11.87,47.54,2.03,4.28,51.16,77.90,52.11
"6691","洋基工程",57.05,595.42,169.49,92.47,213.01,5.65,64.60,0.36,1013.88,13.81,1.00,10.32,27.56,173.84,10.25,12.92,-7.55,103.61,-18.90
"6695","芯鼎",22.49,7741.73,500.73,382.19,0.00,7.52,48.53,2.86,127.62,47.52,1.18,-10.62,-14.06,-10.56,-9.01,-1.13,44.90,6.49,10.03
"6698","旭暉應材",19.40,276.63,389.19,360.01,77.34,3.75,97.33,7.62,47.90,1.84,0.59,15.34,18.81,36.00,25.83,3.40,90.77,"NA",11.94
"6706","惠特",42.83,937.70,230.31,159.67,40.89,5.19,70.32,1.96,186.22,12.78,0.82,7.13,15.34,57.67,8.51,5.19,-31.99,65.91,-27.67
"6715","嘉基",30.75,1147.33,303.16,256.70,23.46,2.94,124.14,3.46,105.49,20.22,1.21,8.90,13.17,41.97,6.95,3.04,64.31,-2.07,24.07
"6743","安普新",52.75,151.96,119.58,75.34,10.18,4.11,88.80,3.64,100.27,2.06,0.75,3.52,6.52,12.48,4.19,1.04,3.99,72.62,-2.48
"6754","匯僑設計",60.59,198.63,135.69,130.46,51.74,5.56,65.64,60.72,6.01,4.25,1.04,5.21,14.49,56.90,4.87,3.67,14.00,"NA",8.27
"6756","威鋒電子",30.84,2324.68,308.55,247.65,721.26,8.24,44.29,3.26,111.96,60.30,1.40,21.45,30.66,47.06,15.31,4.05,51.48,129.48,11.35
"6757","台灣虎航",78.99,691.03,104.43,103.27,506.12,64.02,5.70,"NA","NA",7.00,0.99,10.48,33.63,50.61,8.50,4.04,61.11,562.29,96.31
"6768","志強-KY",37.55,327.01,263.72,212.98,11.63,5.56,65.64,6.95,52.51,4.23,1.02,6.86,9.48,83.47,6.09,6.02,57.00,"NA",9.95
"6770","力積電",59.29,121.44,112.22,67.79,-3.51,6.10,59.83,4.26,85.68,0.82,0.51,-3.15,-8.83,-8.42,-7.36,-0.94,13.02,54.31,0.73
"6771","平和環保-創",51.80,94.75,60.28,55.75,2356.12,5.38,67.84,71.33,5.11,0.64,0.41,11.27,23.10,61.88,26.26,5.08,31.25,79.65,11.31
"6776","展碁國際",69.69,18013.69,130.05,77.29,2329.97,6.10,59.83,8.61,42.39,1805.81,3.13,3.04,9.08,20.66,0.93,1.70,2.68,-39.54,0.78
"6781","AES-KY",42.81,627.50,213.45,131.36,3795.65,5.43,67.21,2.19,166.66,12.07,1.10,13.76,23.87,120.83,12.50,9.41,64.14,"NA",41.97
"6790","永豐實",62.99,124.49,112.58,70.46,1596.32,7.69,47.46,5.95,61.34,2.51,1.25,6.10,17.37,27.57,4.56,1.92,29.28,"NA",10.20
"6792","詠業",32.17,210.61,192.12,145.82,24770.13,3.95,92.40,5.11,71.42,3.19,0.90,13.02,18.41,50.35,14.36,3.89,50.67,"NA",12.64
"6794","向榮生技-創",17.37,589.66,949.19,897.70,"*****",13.68,26.68,1.00,365.00,0.43,0.05,-31.43,-35.59,-31.54,-641.41,-3.33,"*****","*****","*****"
"6799","來頡",20.32,1511.19,459.42,360.73,55.89,6.79,53.75,4.77,76.51,22.68,1.31,13.33,17.15,8.91,10.02,1.13,34.35,-5.05,6.61
"6806","森崴能源",69.30,141.21,101.37,59.41,4.52,3.73,97.85,"NA","NA",0.46,0.25,2.01,3.76,4.60,6.03,0.34,1.95,16.96,0.58
"6834","天二科技",12.20,236.39,494.62,371.72,-134.38,2.28,160.08,3.24,112.65,1.00,0.34,-4.86,-5.77,-8.56,-14.47,-0.95,-20.20,29.45,-3.82
"8011","台通",49.79,306.03,194.74,87.70,-0.87,6.50,56.15,1.68,217.26,0.87,0.23,-1.27,-3.56,-8.42,-8.31,-0.51,12.75,-92.88,1.72
"8016","矽創",38.61,809.60,224.29,170.12,204.66,10.00,36.50,4.73,77.16,16.58,1.44,20.35,32.81,183.40,14.04,10.27,88.52,134.79,36.79
"8021","尖點",24.52,281.18,452.97,402.21,22.91,2.37,154.00,4.49,81.29,1.57,0.50,3.49,4.44,23.28,6.75,1.34,107.63,170.91,7.49
"8028","昇陽半導體",54.27,182.26,249.42,224.86,21.41,7.08,51.55,5.57,65.52,1.35,0.61,7.99,13.46,31.44,11.97,2.51,64.55,66.95,7.14
"8033","雷虎",40.57,593.31,210.88,112.36,-6.86,6.14,59.44,1.41,258.86,6.17,0.72,-3.42,-6.43,-6.25,-5.69,-0.57,"NA","NA","NA"
"8039","台虹",35.35,303.30,331.11,284.66,4119.34,1.84,198.36,4.86,75.10,2.52,0.65,5.43,8.39,37.89,8.15,3.02,86.84,90.47,13.08
"8045","達運光電",50.87,395.96,249.24,149.17,6.23,1.47,248.29,1.82,200.54,2.89,0.54,3.56,6.24,10.97,5.42,0.83,42.62,213.38,10.51
"8046","南電",23.72,194.58,374.15,298.50,6.00,4.35,83.90,6.85,53.28,2.14,0.81,0.96,1.05,5.96,0.99,0.48,44.59,51.89,3.03
"8070","長華*",55.33,478.45,170.33,139.38,35.27,4.51,80.93,7.92,46.08,5.82,0.91,8.53,17.35,277.79,9.09,17.19,34.25,119.42,6.92
"8072","陞泰",7.06,312.88,1091.12,987.28,"NA",4.23,86.28,4.45,82.02,1.10,0.33,-0.52,-0.55,-0.43,-1.60,-1.16,-34.88,50.24,-4.30
"8081","致新",30.86,432.80,255.16,208.94,65.59,4.27,85.48,4.36,83.71,6.80,0.89,11.95,18.37,98.61,13.22,8.74,56.73,101.36,14.26
"8101","華冠",67.00,197.00,97.00,70.00,-0.86,3.16,115.50,3.29,110.94,3.13,0.67,-0.82,-4.86,-2.54,-2.16,-0.23,-14.85,-26.09,-9.38
"8103","瀚荃",41.44,284.56,225.46,179.44,18.28,3.06,119.28,4.05,90.12,3.01,0.75,4.55,6.97,35.10,5.60,2.16,39.44,89.87,12.04
"8104","錸寶",47.78,150.09,126.85,114.85,423.54,4.42,82.57,14.21,25.68,0.96,0.46,2.02,3.21,11.63,3.18,0.76,28.92,113.63,0.57
"8105","凌巨",33.74,135.27,166.39,120.04,-1.23,5.38,67.84,7.00,52.14,1.23,0.68,-1.41,-2.46,-1.30,-2.27,-0.45,10.16,81.07,1.71
"8110","華東",32.03,177.94,198.71,179.88,3.10,5.22,69.92,16.80,21.72,0.80,0.39,1.27,1.47,2.68,2.45,0.33,86.72,133.64,3.69
"8112","至上",70.65,4369.80,153.30,108.78,4.11,7.97,45.79,13.09,27.88,438.26,3.78,6.52,16.53,49.73,1.29,3.41,15.00,"NA",13.00
"8114","振樺電",78.78,291.18,169.19,109.07,3.70,6.48,56.32,3.07,118.89,2.45,0.69,3.43,15.82,98.67,4.99,6.13,21.24,60.69,1.83
"8131","福懋科",13.90,228.08,530.39,489.48,28757.20,5.46,66.84,15.54,23.48,1.80,0.73,9.76,11.08,36.23,13.35,2.85,186.21,102.07,3.71
"8150","南茂",42.72,163.54,239.96,202.73,18.71,4.42,82.57,9.00,40.55,1.17,0.60,8.07,13.70,41.67,12.71,3.55,122.26,85.76,6.27
"8163","達方",53.24,186.62,134.47,100.70,27.51,3.06,119.28,5.57,65.52,3.60,0.92,5.03,10.09,44.17,5.07,3.21,17.57,151.06,4.32
"8201","無敵",34.73,283.75,256.05,227.73,-40.71,4.52,80.75,12.73,28.67,4.37,1.19,-5.78,-9.48,-10.45,-5.44,-1.05,0.00,0.00,0.00
"8210","勤誠",45.05,237.74,161.86,124.78,13256.22,4.15,87.95,6.14,59.44,4.17,1.12,15.03,27.28,94.29,13.34,7.62,42.41,208.49,23.65
"8213","志超",59.51,197.90,155.27,136.64,9.54,2.50,146.00,7.97,45.79,2.62,0.76,4.13,8.59,54.28,4.79,4.08,14.30,121.02,5.02
"8215","明基材",60.00,145.74,114.95,59.61,5.08,6.76,53.99,6.06,60.23,3.20,1.35,3.12,6.18,10.43,1.84,0.80,28.45,109.99,14.79
"8222","寶一",39.11,190.19,200.74,106.83,11.78,6.42,56.85,1.54,237.01,1.34,0.52,3.26,4.86,8.11,5.78,0.65,26.49,122.23,4.52
"8249","菱光",24.60,929.93,349.87,316.03,367.20,7.11,51.33,8.81,41.43,9.73,0.93,4.09,5.62,22.51,4.40,1.45,46.86,138.06,5.50
"8261","富鼎",37.05,597.91,210.45,106.60,13.93,3.78,96.56,2.34,155.98,9.17,0.97,1.99,2.92,7.25,1.89,0.68,-5.51,9.91,-7.48
"8271","宇瞻",34.38,325.92,222.13,154.75,9516.04,7.20,50.69,5.71,63.92,8.48,1.75,8.90,13.69,47.46,5.03,3.73,63.33,101.83,21.42
"8341","日友",47.88,136.29,156.50,143.65,6435.37,10.02,36.42,23.74,15.37,0.97,0.51,19.58,33.76,110.91,37.90,8.91,153.74,104.28,18.93
"8367","建新國際",65.43,297.69,113.96,111.54,4.73,5.36,68.09,"NA","NA",0.93,0.29,4.21,7.90,31.71,11.04,1.92,67.96,101.74,20.33
"8374","羅昇",35.83,472.66,244.43,184.36,-4.41,3.04,120.06,3.83,95.30,6.80,0.95,-1.98,-4.20,-7.85,-2.53,-0.78,11.02,242.68,3.06
"8404","百和興業-KY",63.02,138.72,116.51,54.74,489.27,6.11,59.73,1.11,328.82,1.07,0.46,3.61,8.04,24.44,6.44,1.14,-0.44,25.86,-0.87
"8411","福貞-KY",50.20,178.90,197.05,160.59,0.36,4.19,87.11,5.26,69.39,1.41,0.58,0.65,-1.13,-3.43,-0.99,-0.34,8.26,91.50,2.52
"8422","可寧衛",20.09,190.09,355.55,350.52,147.41,4.45,82.02,513.58,0.71,0.78,0.39,17.02,21.00,132.99,43.46,10.83,210.86,97.71,0.05
"8429","金麗-KY",12.03,9630.87,2264.31,2218.13,-81.67,3.20,114.06,19.06,19.15,29.57,0.27,-0.64,-0.76,-2.69,-2.54,-0.29,103.16,533.60,4.27
"8438","昶昕",51.97,150.39,114.63,87.39,2.75,7.37,49.52,11.37,32.10,3.09,1.15,0.65,0.36,3.84,0.15,0.07,7.23,91.55,1.69
"8442","威宏-KY",58.90,246.31,132.22,93.33,4.28,5.64,64.71,6.16,59.25,6.79,1.48,6.08,13.55,37.70,3.29,4.20,13.48,51.05,10.22
"8443","阿瘦",44.44,285.15,178.30,50.83,-3.79,28.55,12.78,0.73,500.00,3.03,0.59,-2.08,-3.52,-10.48,-3.40,-0.79,37.22,68.50,16.61
"8454","富邦媒",57.69,165.57,102.38,68.68,202.77,48.23,7.56,21.08,17.31,11.72,3.86,10.44,22.56,122.87,2.69,9.95,38.47,77.11,37.29
"8462","柏文",70.66,95.18,68.45,67.28,9.97,84.42,4.32,907.53,0.40,0.87,0.69,10.42,25.96,85.31,13.52,7.15,98.49,94.64,12.57
"8463","潤泰材",54.49,131.41,153.28,99.52,7.05,5.82,62.71,2.64,138.25,1.04,0.63,2.09,3.73,7.15,2.84,0.59,36.85,77.05,6.08
"8464","億豐",37.03,225.15,218.75,164.25,427.75,8.72,41.85,3.40,107.35,4.25,1.08,22.74,34.68,208.55,19.33,15.37,102.58,114.69,18.58
"8466","美吉吉-KY",40.23,172.15,147.97,117.91,8451.90,3.43,106.41,6.62,55.13,2.28,0.85,9.97,15.91,69.28,11.60,6.09,15.24,76.31,2.04
"8467","波力-KY",41.06,177.36,150.25,116.40,11.34,11.28,32.35,3.27,111.62,1.69,0.66,6.66,9.39,30.17,9.19,2.67,6.87,94.08,-3.21
"8473","山林水",50.32,2094.09,116.50,114.43,5.24,5.47,66.72,"NA","NA",8.87,0.32,2.95,5.87,41.53,9.29,2.25,7.94,22.53,-0.71
"8476","台境*",60.61,181.65,125.66,64.87,-5.85,5.42,67.34,"NA","NA",0.96,0.36,-12.55,-37.39,-27.38,-39.18,-3.85,1.11,"NA",0.55
"8478","東哥遊艇",58.51,347.27,217.54,44.63,204.16,7.03,51.92,0.91,401.09,3.14,0.61,1.53,1.71,6.76,1.25,0.50,3.08,-0.46,-3.11
"8481","政伸",23.42,252.32,286.98,257.58,1410.29,3.94,92.63,7.46,48.92,3.24,0.77,14.21,17.84,43.59,18.46,3.42,69.76,88.94,3.75
"8482","商億-KY",26.40,410.28,288.45,230.81,384.26,7.55,48.34,4.56,80.04,5.68,0.88,18.53,24.71,79.30,20.90,7.67,76.76,119.18,-1.54
"8487","愛爾達-創",62.64,4130.85,162.71,97.05,12.04,7.47,48.86,"NA","NA",61.84,1.07,2.25,4.37,6.98,1.92,0.56,2.18,-18.43,5.87
"8488","吉源-KY",53.69,111.14,86.01,75.46,3.28,2.98,122.48,11.21,32.56,1.41,0.70,2.66,3.87,22.37,2.49,1.43,18.28,66.34,10.40
"8499","鼎炫-KY",37.00,481.92,546.55,482.57,129.85,3.34,109.28,4.46,81.83,3.80,0.70,15.84,22.97,107.13,22.47,8.14,121.68,92.25,8.99
"8926","台汽電",40.76,1063.50,130.24,34.60,3040.00,16.14,22.61,49.77,7.33,6.07,0.39,6.06,9.15,18.72,15.26,1.86,9.62,78.65,-2.60
"8940","新天地",60.41,154.09,95.26,79.93,1.92,29.42,12.40,8.90,41.01,1.19,0.70,0.46,-0.09,1.88,-0.05,-0.26,68.26,93.06,13.61
"8996","高力",34.28,170.58,180.76,110.41,41.73,7.54,48.40,2.46,148.37,1.80,0.75,5.86,8.61,22.27,7.59,1.77,34.92,106.75,4.49
"910322","康師傅-DR",60.24,121.52,89.86,70.19,14.08,35.94,10.15,13.70,26.64,2.54,1.10,7.09,15.64,2298.88,6.00,2.55,27.66,174.76,10.30
"9105","泰金寶-DR",70.38,150.32,116.24,74.93,177.78,4.84,75.41,6.51,56.06,7.14,1.74,0.65,2.31,11.71,0.37,0.08,18.03,122.58,21.83
"910861","神州-DR",52.99,1265.24,117.43,98.51,284.85,3.45,105.79,9.16,39.84,17.34,0.74,2.19,3.17,251.68,2.00,0.48,9.76,-3.37,8.76
"9110","越南控-DR",40.88,2018.10,231.49,176.48,-2162.60,4.07,89.68,3.88,94.07,30.18,0.87,-15.39,-27.25,-1510.96,-17.68,-0.58,-28.39,-132.81,-7.52
"911608","明輝-DR",50.49,757.39,174.71,79.81,2.13,2.66,137.21,1.33,274.43,6.92,0.67,2.88,3.48,2.24,2.33,0.14,3.12,111.10,2.11
"911622","泰聚亨-DR",34.08,135.52,128.24,48.22,1499.11,13.48,27.07,5.08,71.85,2.75,1.36,-13.54,-21.52,-16.20,-10.43,-1.69,10.20,108.21,2.38
"911868","同方友友-DR",31.38,2279.76,339.14,287.52,-2.74,6.32,57.75,3.14,116.24,10.21,0.38,-2.70,-5.61,-38.00,-10.05,-0.18,17.14,-159.02,1.72
"912000","晨訊科-DR",26.38,844.79,290.09,246.56,-26.88,4.99,73.14,3.31,110.27,4.47,0.44,-2.48,-3.42,-37.64,-5.84,-0.12,79.52,655.31,22.43
"9136","巨騰-DR","NA","NA",109.29,80.00,"NA",2.78,131.29,4.79,76.20,"NA","NA","NA",2.81,"NA","NA",0.61,"NA","NA","NA"
"9802","鈺齊-KY",36.30,155.24,152.98,98.17,4447.81,5.73,63.69,4.94,73.88,2.41,1.07,10.82,17.24,86.53,9.94,7.81,41.56,75.38,9.87
"9902","台火",10.61,1153.33,580.26,386.37,47.42,5.12,71.28,1.11,328.82,1.43,0.19,2.41,2.57,3.70,12.07,0.32,-61.61,-16.03,-7.75
"9904","寶成",47.70,340.12,168.61,103.35,7.63,8.44,43.24,3.87,94.31,3.98,0.93,6.17,10.52,73.03,5.74,4.01,24.95,63.36,5.96
"9905","大華",26.23,243.03,302.86,211.13,177.62,6.19,58.96,3.91,93.35,2.41,0.83,4.97,6.65,19.93,5.92,1.57,41.31,124.60,4.25
"9906","欣巴巴",88.01,183227.65,222.35,13.45,-54.50,6.43,56.76,0.00,"*****",9.45,0.00,-1.14,-9.69,-9.79,-483.44,-0.98,-10.49,-82.16,-8.54
"9907","統一實",46.22,132.56,154.16,84.93,3.15,8.03,45.45,7.54,48.40,1.43,0.90,1.91,2.27,4.30,1.36,0.34,56.02,230.22,3.77
"9908","大台北",29.23,328.97,301.39,290.83,120133.57,9.52,38.34,18.59,19.63,0.95,0.25,5.24,7.37,19.67,20.86,1.68,45.71,104.68,1.86
"9910","豐泰",54.60,149.59,133.63,78.59,7214.77,11.59,31.49,8.35,43.71,4.61,1.96,18.82,38.14,133.19,9.47,8.48,63.38,99.27,17.90
"9911","櫻花",31.52,355.80,172.95,144.29,1641.69,5.57,65.52,7.68,47.52,4.62,0.95,13.46,19.61,47.93,14.10,4.06,60.29,131.79,12.82
"9912","偉聯",42.22,383.35,136.18,44.88,-34.94,7.46,48.92,1.59,229.55,4.91,0.75,-13.88,-21.87,-20.40,-18.88,-2.20,-8.50,-9.32,-5.68
"9914","美利達",43.91,614.78,150.48,89.92,74.02,11.30,32.30,5.67,64.37,11.76,1.10,10.47,18.07,107.15,8.86,8.37,15.41,67.43,0.83
"9917","中保科",50.29,205.99,103.23,94.07,67.43,11.41,31.98,4.74,77.00,1.95,0.62,10.19,19.80,59.37,16.23,4.85,36.23,101.04,6.01
"9918","欣天然",40.74,193.29,220.53,215.33,2718.50,8.51,42.89,37.21,9.80,1.11,0.44,5.34,8.86,17.01,12.09,1.47,34.14,104.34,2.23
"9919","康那香",59.59,174.49,198.89,134.47,1.36,3.74,97.59,3.75,97.33,1.74,0.72,0.85,0.50,0.85,0.30,0.06,2.52,146.02,0.00
"9921","巨大",60.25,254.96,140.18,82.88,16.55,4.37,83.52,2.93,124.57,6.42,1.14,6.46,15.83,128.24,5.32,9.00,6.37,52.72,0.57
"9924","福興",32.96,231.73,266.16,212.36,148.73,5.76,63.36,6.46,56.50,3.17,1.07,10.24,15.11,61.25,9.51,4.38,67.54,126.14,10.79
"9925","新保",34.33,302.79,184.05,171.84,60.84,10.48,34.82,"NA","NA",1.79,0.45,5.62,8.21,27.26,12.26,2.13,28.74,81.00,3.17
"9926","新海",50.87,164.02,204.03,192.15,2059.66,7.68,47.52,"NA","NA",0.79,0.40,5.99,12.09,24.77,15.14,2.03,74.87,101.07,8.86
"9927","泰銘",18.97,1014.16,537.71,290.30,2779.00,8.26,44.18,3.99,91.47,17.69,1.46,7.96,9.87,31.02,5.24,2.45,34.53,92.95,0.90
"9928","中視",87.99,65.16,17.31,13.04,-3.72,7.28,50.13,"NA","NA",0.27,0.20,-3.16,-27.84,-9.36,-19.34,-0.94,-1.25,0.00,-0.61
"9929","秋雨",75.86,841.78,71.35,66.50,-4.49,3.13,116.61,21.99,16.59,2.41,0.39,-10.31,-34.46,-21.74,-30.89,-1.48,27.40,346.81,68.45
"9930","中聯資源",54.75,144.41,95.34,71.27,19.87,9.07,40.24,15.60,23.39,1.51,0.90,8.19,15.96,42.41,8.71,3.28,62.49,89.34,7.80
"9931","欣高",53.47,118.94,85.49,64.33,469.65,8.17,44.67,4.97,73.44,0.60,0.34,4.52,9.71,24.11,13.30,1.89,30.68,114.87,6.22
"9933","中鼎",72.16,282.56,135.90,127.88,10.46,7.54,48.40,"NA","NA",5.24,0.80,1.87,7.00,29.22,2.02,1.54,24.58,103.91,19.25
"9934","成霖",64.83,418.72,180.54,120.48,4.40,6.94,52.59,3.84,95.05,8.39,1.19,3.14,5.82,13.56,1.97,0.94,15.69,87.62,3.68
"9935","慶豐富",65.51,245.12,213.31,156.95,7.06,5.24,69.65,6.60,55.30,3.18,0.99,5.81,13.46,18.58,4.48,1.50,40.16,59.98,11.88
"9937","全國",62.45,150.71,27.77,21.98,23.62,155.42,2.34,89.50,4.07,4.69,1.97,6.62,15.09,29.82,3.22,2.39,25.98,103.76,8.76
"9938","百和",57.77,137.73,118.72,67.83,10.19,6.02,60.63,1.75,208.57,1.35,0.55,7.06,14.90,85.13,11.09,5.11,17.64,49.24,4.37
"9939","宏全",56.45,140.31,133.28,89.24,864.00,6.40,57.03,6.89,52.97,1.33,0.68,5.67,10.94,68.25,6.81,4.72,49.93,105.23,8.18
"9940","信義",65.31,662.59,425.83,204.22,12.23,11.86,30.77,0.08,4562.50,1.69,0.39,4.45,11.57,27.91,10.26,1.71,119.65,92.59,17.21
"9941","裕融",89.69,126.53,100.76,96.90,2.29,"NA","NA","NA","NA",1.46,0.14,2.84,15.15,99.60,10.87,9.12,"NA",1.61,"NA"
"9942","茂順",29.05,232.22,369.85,231.04,174.21,3.18,114.77,2.40,152.08,1.97,0.74,10.08,13.75,68.67,13.63,4.92,90.48,102.54,3.93
"9943","好樂迪",31.59,660.26,201.20,195.08,71.08,87.54,4.16,62.31,5.85,3.58,0.54,14.96,19.52,63.63,26.98,5.48,115.37,90.11,3.05
"9944","新麗",43.59,166.74,150.76,112.42,0.69,5.04,72.42,3.97,91.93,1.34,0.56,-0.29,-1.37,-0.89,-1.40,-0.45,19.60,87.91,5.19
"9945","潤泰新",43.12,2929.70,185.99,52.43,1233.01,13.27,27.50,0.49,744.89,4.04,0.15,8.54,15.03,99.78,55.55,9.35,15.22,51.36,0.00
"9946","三發地產",41.99,11245.20,415.55,134.36,1518.11,21.24,17.18,0.35,1042.85,19.24,0.44,14.45,26.69,52.51,31.27,5.28,143.26,261.57,42.56
"9955","佳龍",41.50,117.79,129.49,48.01,1.64,53.70,6.79,2.30,158.69,0.85,0.56,0.75,0.59,0.99,0.59,0.10,31.54,65.32,8.21
"9958","世紀鋼",49.96,230.05,170.11,102.82,12.31,2.37,154.00,1.02,357.84,0.67,0.22,6.94,13.18,36.40,28.81,3.53,-5.14,25.27,-2.57