"公司代號","公司簡稱","財務結構-負債佔資產比率(%)","財務結構-長期資金佔不動產、廠房及設備比率(%)","償債能力-流動比率(%)","償債能力-速動比率(%)","償債能力-利息保障倍數(%)","經營能力-應收款項週轉率(次)","經營能力-平均收現日數","經營能力-存貨週轉率(次)","經營能力-平均售貨日數","經營能力-不動產、廠房及設備週轉率(次)","經營能力-總資產週轉率(次)","獲利能力-資產報酬率(%)","獲利能力-權益報酬率(%)","獲利能力-稅前純益佔實收資本比率(%)","獲利能力-純益率(%)","獲利能力-每股盈餘(元)","現金流量-現金流量比率(%)","現金流量-現金流量允當比率(%)","現金流量-現金再投<br>資比率(%)"
"1240","茂生農經",33.43,367.07,168.90,123.97,56.70,6.15,59.34,8.84,41.28,7.41,1.26,8.27,12.77,53.39,6.41,4.44,26.62,66.53,3.81
"1259","安心",58.40,793.04,142.51,115.65,10.02,60.81,6.00,72.83,5.01,12.91,1.15,3.60,7.91,55.45,2.81,4.96,58.74,184.87,0.21
"1264","德麥",21.41,373.87,305.88,234.26,27695.22,5.28,69.12,5.24,69.65,5.21,1.16,16.92,21.00,244.78,14.53,16.00,86.35,112.90,10.64
"1268","漢來美食",61.76,219.45,143.52,120.70,12.68,23.22,15.71,16.35,22.32,4.50,0.80,6.97,17.04,83.72,8.08,7.51,43.50,112.89,9.39
"1336","台翰",33.52,185.15,211.44,170.80,38.47,4.94,73.88,9.69,37.66,1.87,0.77,8.29,11.66,39.68,10.10,2.48,38.01,87.76,4.71
"1565","精華",30.06,161.49,230.62,160.93,70.84,6.49,56.24,3.12,116.98,1.26,0.62,9.18,13.08,186.70,14.88,14.78,51.34,84.34,-0.68
"1569","濱川",54.13,136.97,128.21,85.74,7.17,2.97,122.89,3.04,120.06,1.70,0.71,6.61,13.67,40.03,7.98,3.42,16.69,59.85,7.23
"1570","力肯",18.59,384.98,435.64,331.70,813.21,4.52,80.75,2.45,148.97,2.68,0.59,5.13,6.21,11.82,8.60,0.93,12.87,97.94,-1.82
"1580","新麥",32.34,231.05,191.08,127.24,9433.14,6.60,55.30,3.12,116.98,3.16,0.97,10.60,15.48,98.10,10.71,6.79,47.36,130.46,7.77
"1584","精剛",60.21,170.00,125.70,64.05,3.48,4.87,74.94,1.94,188.14,0.88,0.38,2.14,4.07,4.09,4.25,0.41,27.31,371.26,10.98
"1586","和勤",61.64,153.38,163.27,103.77,867.34,3.30,110.60,3.61,101.10,1.32,0.59,4.13,9.36,25.36,6.00,1.69,25.43,63.15,7.74
"1591","駿吉-KY",45.31,125.60,117.21,45.11,11.44,7.64,47.77,3.80,96.05,1.79,0.90,8.40,13.26,17.37,8.62,1.59,-19.44,24.73,-11.90
"1593","祺驊",25.32,464.53,400.69,324.41,226.36,4.06,89.90,3.90,93.58,3.68,0.73,12.11,15.37,48.99,16.61,4.49,41.75,94.60,-0.27
"1595","川寶",41.05,358.81,203.07,126.21,417.39,2.98,122.48,1.17,311.96,2.57,0.44,0.40,0.37,5.74,0.51,0.18,17.59,58.66,6.67
"1599","宏佳騰",30.88,170.06,191.77,131.67,0.00,25.09,14.54,7.87,46.37,3.45,1.38,6.05,8.21,39.76,7.36,3.19,58.77,113.97,18.79
"1742","台蠟",45.58,287.93,166.53,143.25,0.01,8.46,43.14,1.89,193.12,1.11,0.22,-0.08,-0.75,-0.92,-1.97,-0.09,42.18,-77.28,14.43
"1777","生泰",30.38,184.48,220.44,154.05,65.96,8.06,45.28,2.00,182.50,1.47,0.54,10.41,15.56,77.48,18.98,6.21,69.61,87.92,13.56
"1781","合世",56.31,498.66,172.41,120.26,8542.27,10.71,34.08,3.98,91.70,6.10,0.98,25.98,58.28,55.80,26.61,4.34,0.00,11.11,0.00
"1784","訊聯",25.68,297.54,339.80,295.02,20.52,3.64,100.27,1.10,331.81,1.58,0.46,0.09,0.10,1.29,0.15,0.27,33.05,11.91,3.96
"1785","光洋科",59.99,283.44,530.41,201.50,5.46,15.49,23.56,2.95,123.72,3.98,1.25,5.12,10.71,22.97,3.31,1.69,47.84,48.73,2.77
"1788","杏昌",52.10,344.06,167.87,118.68,23.59,2.90,125.86,4.35,83.90,4.59,0.87,8.35,16.71,104.18,9.25,8.72,31.17,82.34,6.33
"1796","金穎生技",59.68,269.82,462.32,364.18,1.69,5.38,67.84,2.26,161.50,1.22,0.37,1.25,1.15,2.43,1.23,0.16,48.70,87.79,4.19
"1799","易威",31.07,254.43,629.85,534.70,-10.37,12.95,28.18,9.37,38.95,0.81,0.23,-14.79,-25.31,-13.11,-69.06,-1.30,-328.25,-231.18,-15.82
"1813","寶利徠",30.54,231.32,145.65,91.03,-115.64,4.81,75.88,2.02,180.69,1.17,0.35,0.32,0.04,-2.00,0.09,0.00,-6.09,63.77,-3.88
"1815","富喬",54.19,131.98,136.99,84.89,-3.06,3.84,95.05,2.82,129.43,0.33,0.23,-2.41,-7.04,-14.47,-13.97,-1.17,8.27,59.62,1.11
"2035","唐榮公司",75.93,428.87,130.38,26.76,-6.10,119.85,3.04,3.84,95.05,3.08,0.62,-3.26,-14.75,-18.79,-6.15,-1.90,12.67,67.77,1.07
"2061","風青",53.86,377.47,166.42,135.92,172.73,2.64,138.25,5.77,63.25,5.90,0.83,1.06,1.06,0.80,0.73,0.10,-3.73,85.41,-3.32
"2063","世鎧",54.75,162.66,135.47,74.33,14.81,4.71,77.49,1.69,215.97,1.89,0.64,6.88,14.00,28.84,10.05,2.37,29.13,62.57,8.96
"2064","晉椿",61.35,1.12,0.64,0.44,-3.91,3.79,96.30,4.21,86.69,1.53,0.58,-3.00,-8.81,-14.91,-6.18,-1.49,6.91,29.74,3.71
"2065","世豐",51.96,262.28,156.08,97.85,24.00,5.68,64.26,3.96,92.17,3.77,0.99,6.97,13.32,42.06,6.75,3.71,0.67,36.85,-6.22
"2066","世德",52.19,398.75,179.58,76.47,5.87,6.90,52.89,1.59,229.55,4.79,0.74,4.55,8.67,33.98,5.11,2.53,41.20,61.66,22.56
"2070","精湛",48.82,278.14,180.68,122.87,-8.40,2.85,128.07,0.79,462.02,1.07,0.30,-2.93,-6.18,-18.33,-11.07,-1.45,19.81,77.45,0.63
"2221","大甲",40.61,192.73,247.54,130.45,21.66,4.05,90.12,1.85,197.29,2.09,0.74,5.29,8.73,21.29,6.96,1.70,19.50,120.20,0.05
"2230","泰茂",46.93,229.42,134.05,85.31,-3.64,3.27,111.62,2.17,168.20,2.11,0.51,-1.66,-4.00,-6.14,-4.02,-0.48,5.06,97.89,2.33
"2235","謚源",24.23,199.03,175.63,124.89,40.48,2.64,138.25,3.23,113.00,1.01,0.41,4.31,5.61,24.65,10.18,2.01,39.57,86.24,0.68
"2596","綠意",33.15,4959.49,282.74,51.96,20.35,8.93,40.87,0.29,1258.62,22.08,0.32,5.65,8.01,24.45,17.41,1.45,7.30,42.92,-0.55
"2640","大車隊",39.45,185.30,115.94,103.15,60.38,7.76,47.03,6.68,54.64,2.01,0.80,12.02,19.51,67.78,14.80,5.21,67.08,139.53,13.97
"2641","正德",66.12,92.00,21.67,17.60,2.49,210.34,1.73,75.76,4.81,0.18,0.16,3.27,6.03,6.30,12.73,0.62,45.65,50.20,6.24
"2643","捷迅",39.93,938.00,256.57,242.96,44.03,5.50,66.36,"*****","*****",32.70,2.46,14.52,25.91,86.90,5.77,7.15,46.57,2.24,17.92
"2718","全心投控",58.55,256.99,149.11,23.30,-1.76,0.44,829.54,0.00,"*****",0.01,0.00,-6.34,-13.97,-6.29,-3863.47,-2.89,-25.10,-84.85,-21.94
"2719","燦星旅",67.91,142.86,130.09,112.11,-15642.36,10.87,33.57,875.50,0.41,2.28,0.62,-34.18,-120.76,-28.21,-54.87,-4.28,-507.19,-341.20,-104.73
"2724","藝舍-KY",99.22,1633.95,49.92,38.63,-680.72,5.81,62.82,1545.75,0.23,0.55,0.11,-9.04,-1069.60,-22.16,-91.14,-2.21,46.71,351.18,50.27
"2726","雅茗-KY",61.24,523.90,135.66,115.68,4.22,37.85,9.64,8.45,43.19,10.25,0.88,2.60,4.67,15.88,2.09,1.09,88.42,121.12,66.09
"2729","瓦城",61.82,228.09,108.29,101.68,13.91,16.96,21.52,17.36,21.02,2.83,0.79,6.70,16.81,185.72,7.81,15.95,69.06,119.77,22.51
"2732","六角",54.01,516.52,121.73,103.50,5.98,14.93,24.44,11.19,32.61,7.04,0.93,4.06,7.46,44.04,3.66,3.08,23.91,102.68,3.82
"2734","易飛網",57.95,228.37,249.08,199.30,-38.64,18.54,19.68,12.37,29.50,2.58,0.84,-15.21,-32.72,-24.63,-18.44,-2.51,-68.63,25.02,-18.90
"2736","富野",48.94,161.89,150.29,142.63,3.33,26.59,13.72,74.00,4.93,0.46,0.25,0.98,0.69,9.33,1.37,0.18,67.16,58.47,9.62
"2740","天蔥",60.15,277.52,142.25,130.59,-37.04,21.67,16.84,41.45,8.80,5.06,0.97,-24.62,-78.36,-30.67,-25.58,-3.36,-45.72,56.00,-9.68
"2743","山富",30.37,1101.35,268.56,254.34,-24.87,29.11,12.53,5.91,61.75,18.95,1.33,-3.57,-7.41,-12.12,-39.31,-1.25,-91.54,0.26,-24.35
"2745","五福",22.38,500.92,371.78,323.47,-93.21,6.50,56.15,"NA","NA",10.42,0.95,-7.54,-16.58,-33.27,-8.04,-2.88,0.00,173.21,-2.02
"2752","豆府",36.38,400.37,314.38,305.65,77.54,13.41,27.21,44.46,8.20,9.58,1.41,12.59,27.22,124.92,12.79,10.29,135.82,131.99,23.04
"2754","亞洲藏壽司",59.30,270.53,146.98,140.05,3.66,37.52,9.72,110.53,3.30,3.02,0.99,1.78,3.16,8.74,1.31,0.79,80.18,100.01,15.07
"2755","揚秦",52.91,142.87,130.14,116.04,20.81,71.89,5.07,26.47,13.78,2.50,1.36,6.83,15.61,45.33,4.77,3.90,54.54,103.06,16.91
"2756","聯發國際",75.48,150.61,143.44,131.00,9.81,15.67,23.29,8.05,45.34,2.54,0.92,3.13,9.57,22.21,3.01,1.47,46.39,89.04,13.51
"2916","滿心",21.38,577.88,451.03,176.22,82.31,5.15,70.87,1.24,294.35,7.70,1.12,7.25,9.54,20.23,6.41,1.61,95.20,88.90,10.33
"2924","宏太-KY",53.38,187.26,116.67,59.54,"NA",7.14,51.12,0.96,380.20,2.72,0.62,-20.73,-41.87,-37.70,-33.95,-3.79,-5.47,77.99,-4.33
"2926","誠品生活",92.19,98.04,71.02,54.80,151.34,6.14,59.44,4.10,89.02,0.40,0.29,0.97,4.15,23.68,1.10,1.16,30.58,152.75,5.22
"2937","集雅社",65.97,601.83,156.73,101.92,109.21,6.52,55.98,4.25,85.88,21.42,1.72,6.23,16.73,39.48,3.59,3.15,-1.32,26.46,-7.23
"2947","振宇五金",73.67,381.70,106.27,35.19,8.54,413.17,0.88,2.82,129.43,4.54,0.88,6.34,23.64,73.47,6.36,6.10,45.61,"NA",32.70
"2948","寶陞",60.03,2291.62,163.54,42.62,10.83,20.14,18.12,2.33,156.65,66.31,1.90,13.71,33.07,63.71,6.52,5.00,12.63,-2.90,10.97
"3064","泰偉",80.56,198.47,328.29,299.90,-4.58,18.41,19.82,0.11,3318.18,1.31,0.66,-11.12,-48.22,-26.61,-19.68,-2.34,-33.16,-491.55,-4.86
"3066","李洲",40.45,319.20,93.97,76.95,6.43,2.56,142.57,1.58,231.01,0.87,0.24,3.73,7.33,5.54,13.41,0.54,2.83,-238.63,0.71
"3067","全域",11.02,516.01,443.12,354.11,-108.00,6.05,60.33,3.30,110.60,1.25,0.32,-12.72,-14.47,-8.02,-40.40,-0.80,-36.09,-74.50,-4.59
"3071","協禧",49.32,375.09,166.64,140.01,42.70,3.76,97.07,5.85,62.39,4.62,0.74,7.00,13.10,20.24,9.26,1.82,28.79,154.99,9.01
"3073","天方能源",77.19,408.49,95.32,93.07,0.29,14.50,25.17,43.71,8.35,0.29,0.07,0.42,-4.34,-4.81,-14.52,-0.37,8.81,133.50,18.25
"3078","僑威",45.12,425.95,200.82,165.63,268.12,3.11,117.36,5.41,67.46,6.02,0.89,12.28,20.86,59.04,13.69,4.55,16.67,109.23,5.64
"3081","聯亞",16.23,195.75,463.84,421.23,176.56,4.34,84.10,5.72,63.81,0.95,0.50,11.85,14.04,78.10,25.58,6.50,195.91,92.11,10.10
"3083","網龍",8.39,27228.09,921.08,902.09,"NA","NA","NA","NA","NA",83.61,0.33,0.98,1.10,2.40,2.95,0.01,-16.28,5.90,-2.03
"3085","新零售",68.93,59.59,36.13,15.20,-2355.18,5.01,72.85,2.85,128.07,0.82,0.38,-23.29,-172.63,-17.76,-92.68,-2.45,0.00,0.00,0.00
"3086","華義",28.31,383.44,220.84,201.85,1.27,6.26,58.30,38.87,9.39,1.73,0.38,0.72,0.33,0.29,0.49,0.04,-30.02,-3424.85,-6.23
"3088","艾訊",34.86,257.20,227.38,149.50,4450.83,6.57,55.55,3.46,105.49,3.96,1.13,7.70,11.72,48.54,6.66,3.73,49.22,62.31,6.45
"3093","港建*",28.79,409.20,293.17,259.22,1621.28,7.88,46.31,11.51,31.71,5.83,1.14,14.52,19.99,57.90,12.74,4.86,73.83,122.62,16.23
"3095","及成",88.95,47.46,52.66,44.21,-496.60,4.55,80.21,6.89,52.97,0.78,0.45,-6.28,-51.68,-6.00,-16.15,-0.59,5.63,189.83,5.82
"3105","穩懋",34.68,204.93,260.80,167.42,62.52,11.50,31.73,3.03,120.46,1.24,0.53,13.51,20.49,188.71,25.32,15.45,130.62,99.36,8.86
"3114","好德",52.23,977.29,165.25,148.43,1334.39,3.13,116.61,13.00,28.07,27.90,1.31,4.63,9.46,21.30,3.27,1.76,6.66,45.41,2.17
"3115","富榮綱",12.17,1653.16,928.76,925.64,-18.18,3.28,111.28,17.93,20.35,11.62,0.93,-11.18,-15.52,-9.33,-12.50,-1.01,473.19,203.19,25.48
"3118","進階",31.51,480.23,270.98,240.64,168.22,4.63,78.83,6.57,55.55,6.10,0.87,7.68,11.13,22.35,8.63,1.79,37.06,125.13,5.52
"3122","笙泉",19.90,252.72,334.65,247.39,-69.40,7.11,51.33,5.83,62.60,3.09,1.00,-2.22,-2.76,-2.90,-2.25,-0.29,-26.49,3.62,0.00
"3128","昇銳",42.68,204.92,165.17,77.45,12.58,5.77,63.25,2.47,147.77,2.60,0.86,3.03,4.74,8.39,3.25,0.62,18.30,96.24,4.83
"3131","弘塑",46.03,309.54,159.82,96.21,87.00,7.50,48.66,1.19,306.72,2.38,0.46,7.76,14.04,174.57,15.95,13.92,29.46,80.90,10.62
"3141","晶宏",39.59,423.12,328.63,253.12,102.00,5.89,61.96,2.11,172.98,5.81,0.79,8.42,12.51,21.74,10.61,1.74,86.86,127.12,17.60
"3147","大綜",65.67,224.08,122.69,99.22,38.09,3.68,99.18,8.23,44.34,10.10,1.47,6.67,16.60,40.42,4.41,3.35,6.01,68.20,1.07
"3152","璟德",17.55,148.34,251.18,223.80,"NA",6.84,53.36,6.18,59.06,1.15,0.54,20.54,24.26,150.24,37.85,12.02,135.84,82.94,7.48
"3162","精確",66.29,188.16,111.16,91.21,2.40,3.57,102.24,5.14,71.01,2.82,0.74,1.63,2.21,1.31,1.13,0.07,14.34,75.15,19.47
"3163","波若威",38.33,411.11,297.86,262.00,50.72,5.77,63.25,6.42,56.85,5.42,1.08,8.16,13.26,39.36,7.43,3.14,71.70,239.22,15.52
"3169","亞信",15.30,1751.99,606.14,556.56,323.87,9.50,38.42,5.16,70.73,13.81,0.68,15.19,17.56,38.16,21.93,3.05,152.28,196.96,11.03
"3171","炎洲流通",47.61,156.22,154.79,144.24,25.84,3.41,107.03,22.21,16.43,2.20,0.90,7.82,14.16,22.17,7.77,2.12,21.11,292.58,4.10
"3176","基亞",26.87,264.68,323.59,285.77,-38.09,4.13,88.37,1.46,250.00,0.30,0.11,-15.11,-23.59,-63.32,-137.66,-2.43,-73.63,-188.95,-13.54
"3178","公準",56.56,134.64,129.63,78.30,6.49,5.14,71.01,3.93,92.87,0.97,0.56,5.18,11.13,17.72,8.33,2.34,55.42,69.04,8.98
"3188","鑫龍騰",66.89,56992.76,189.28,13.28,4.40,2320.38,0.15,0.17,2147.05,196.59,0.17,1.59,3.80,5.32,7.21,0.49,-12.80,-79.52,-15.01
"3191","雲嘉南",63.49,300.98,169.36,130.62,"*****",3.47,105.18,4.06,89.90,3.74,0.43,-31.70,-70.92,-30.90,-74.43,-3.12,-82.62,-242.23,-52.85
"3202","樺晟",59.40,434.85,173.12,126.51,3.97,3.30,110.60,3.99,91.47,9.77,1.05,-0.39,-1.37,3.05,-0.60,-1.35,-12.79,-4.24,-9.16
"3205","佰研",20.57,514.57,403.40,373.64,-223.24,10.75,33.95,11.40,32.01,4.55,0.72,-9.56,-11.80,-22.58,-13.34,-2.27,-51.20,33.20,-11.42
"3206","志豐",59.14,316.75,145.19,116.57,226.50,3.10,117.74,7.59,48.08,9.62,1.35,6.92,15.70,37.64,4.61,2.90,7.45,69.17,-0.34
"3207","耀勝",62.49,171.47,96.71,64.16,-4.27,4.13,88.37,6.89,52.97,5.37,1.34,-3.30,-9.17,-4.04,-2.84,-0.39,5.07,-18.05,4.91
"3211","順達",60.92,719.99,179.83,143.31,2868.38,4.58,79.69,8.71,41.90,12.35,1.08,6.03,14.47,91.16,5.35,7.02,15.16,54.45,2.27
"3213","茂訊",29.55,657.66,320.87,165.08,594.19,18.33,19.91,2.78,131.29,12.05,1.29,14.56,21.04,71.87,11.07,5.51,30.07,80.79,-4.46
"3217","優群",20.84,564.76,331.42,278.46,1700.39,3.13,116.61,3.79,96.30,4.40,0.72,16.86,22.05,84.31,23.54,7.20,87.79,117.34,8.75
"3218","大學光",35.65,244.84,217.95,197.96,56.04,5.70,64.03,11.45,31.87,2.28,0.71,16.95,25.93,79.10,23.58,6.35,109.78,135.87,20.28
"3219","倚強科",1.23,99985.03,9053.46,9042.68,7190.38,3.25,112.30,4.84,75.41,42.62,0.18,4.87,5.26,6.71,27.04,0.76,580.45,"NA",6.47
"3221","台嘉碩",32.93,278.30,213.99,157.63,-12.52,4.55,80.21,3.04,120.06,2.88,0.80,-2.36,-3.83,-7.86,-3.17,-0.68,16.10,80.63,2.46
"3224","三顧",38.83,559.75,244.84,215.26,-14.77,5.49,66.48,16.31,22.37,7.25,1.05,-5.19,-8.60,-15.89,-5.23,-1.42,-7.01,-14.28,-1.85
"3226","龍鋒",40.63,506.72,188.68,167.42,205534.69,4.63,78.83,12.19,29.94,9.68,1.29,16.75,26.09,62.49,12.97,5.02,54.96,116.31,18.58
"3227","原相",24.77,1393.56,310.28,275.24,320.10,7.16,50.97,4.01,91.02,13.67,0.77,13.72,18.04,125.52,17.66,10.60,69.59,122.36,9.76
"3228","金麗科",29.53,429.08,203.00,134.07,56.82,3.80,96.05,0.64,570.31,3.01,0.62,11.50,15.36,10.22,18.32,1.02,118.59,214.22,53.65
"3230","錦明",41.65,208.96,170.89,141.19,4.61,2.65,137.73,10.29,35.47,3.01,0.93,1.63,1.64,3.59,1.01,0.21,14.34,61.33,2.98
"3232","昱捷",42.41,263.96,331.57,271.72,7.86,3.64,100.27,4.29,85.08,3.57,0.91,2.08,3.15,5.01,1.99,0.35,34.39,50.04,8.77
"3234","光環",56.30,114.42,89.04,40.70,109.39,5.65,64.60,1.91,191.09,1.43,0.68,0.86,0.18,0.22,0.11,0.10,34.40,80.17,9.61
"3236","千如",50.77,167.13,163.74,123.42,14.90,6.79,53.75,5.88,62.07,1.84,0.75,3.09,5.64,11.71,3.65,0.79,23.36,75.00,6.30
"3252","海灣",47.87,625.69,130.70,35.29,-1.51,21.54,16.94,0.48,760.41,0.57,0.07,-1.71,-4.66,-18.64,-33.39,-1.84,-13.30,330.54,-1.34
"3259","鑫創",33.17,407.17,213.24,99.01,-80.53,9.28,39.33,2.91,125.42,4.62,1.16,-13.80,-19.09,-11.39,-12.05,-1.21,-28.45,-65.98,-11.02
"3260","威剛",65.80,316.64,138.55,78.02,13.32,9.62,37.94,4.43,82.39,6.19,1.22,5.62,16.47,83.52,4.22,6.10,6.56,34.74,2.70
"3264","欣銓",44.32,136.44,165.09,155.77,24.79,5.01,72.85,"NA","NA",0.78,0.47,9.06,14.97,45.88,18.42,3.78,118.91,101.49,9.21
"3265","台星科",16.93,284.37,596.22,581.53,30.69,2.93,124.57,28.21,12.93,1.34,0.43,3.58,4.35,16.71,8.01,1.54,187.19,258.05,5.93
"3268","海德威",44.79,1869.24,216.43,205.19,6.53,2.79,130.82,27.21,13.41,7.78,1.28,3.77,6.41,8.99,2.58,0.89,20.79,30.49,13.16
"3272","東碩",56.88,246.12,153.42,103.79,1406.59,3.54,103.10,4.52,80.75,5.68,1.21,4.56,10.29,39.47,3.51,3.47,11.61,39.70,8.13
"3276","宇環",64.56,139.47,75.26,64.43,-2.08,4.50,81.11,12.28,29.72,1.87,0.59,-1.00,-3.96,-4.09,-2.27,0.18,-6.55,10.61,-4.03
"3284","太普高",44.55,395.30,207.42,185.49,-11.29,2.16,168.98,9.62,37.94,3.02,0.56,-6.09,-11.57,-17.11,-11.76,-1.49,45.95,2.91,10.88
"3285","微端",33.97,740.40,306.43,248.92,1659.26,9.74,37.47,5.36,68.09,11.89,1.05,3.79,5.27,9.42,3.22,0.66,7.87,173.36,1.47
"3287","廣寰科",36.86,446.86,231.52,163.19,1661.36,4.32,84.49,2.76,132.24,5.85,0.98,13.08,19.43,21.15,13.28,1.68,26.42,-2.32,14.24
"3288","點晶",56.85,3930.96,207.75,51.04,-1826.98,6.84,53.36,0.37,986.48,31.98,0.35,-2.58,-6.19,-3.56,-8.02,-0.35,-6.45,750.10,25.33
"3289","宜特",46.72,151.70,141.13,134.73,4.98,3.01,121.26,0.00,"*****",0.75,0.37,3.47,5.71,27.49,7.56,2.80,71.05,42.52,10.83
"3290","東浦",53.94,197.39,156.17,134.10,10.27,2.22,164.41,5.67,64.37,2.19,0.59,2.54,4.41,13.66,3.62,0.61,8.38,85.13,2.27
"3293","鈊象",26.44,597.73,330.68,325.05,49633.99,7.48,48.79,3.14,116.24,7.42,0.93,43.44,58.47,577.70,40.47,48.38,171.48,199.73,29.34
"3294","英濟",59.21,289.41,155.97,132.84,8.69,2.88,126.73,8.37,43.60,5.17,0.91,1.88,3.57,13.91,1.70,0.65,5.12,94.23,2.01
"3297","杭特",31.44,177.81,135.09,117.11,-44.03,6.13,59.54,1.58,231.01,0.60,0.23,-7.85,-10.90,-18.47,-34.30,-1.91,-4.35,-77.84,-5.15
"3303","岱稜",45.09,175.16,202.77,135.54,21.64,4.45,82.02,3.85,94.80,1.79,0.76,4.90,8.13,19.91,6.10,1.54,31.32,92.43,2.85
"3306","鼎天",15.45,10636.93,315.49,269.66,210.33,18.05,20.22,7.65,47.71,62.68,0.60,1.02,1.22,4.01,1.69,0.35,56.47,151.79,7.49
"3310","佳穎",72.72,777.67,151.33,38.33,3.59,2.40,152.08,0.37,986.48,4.56,0.24,1.50,3.13,10.88,3.59,0.78,-12.05,79.15,-18.01
"3313","斐成",0.38,839.63,19858.49,19828.55,-1583.70,97.44,3.74,18.85,19.36,0.82,0.08,-3.15,-3.19,-3.21,-39.25,-0.30,-1309.08,93.68,-4.59
"3317","尼克森",18.11,690.26,454.74,358.17,1122.80,2.48,147.17,4.07,89.68,8.39,1.01,7.55,9.49,38.83,7.50,3.04,84.77,383.26,18.50
"3322","建舜電",57.66,186.16,139.17,103.05,0.96,3.67,99.45,6.87,53.12,4.53,1.12,-0.06,-0.86,-0.04,-0.35,-0.41,5.02,28.49,3.87
"3323","加百裕",65.83,483.41,140.01,105.24,44.66,3.42,106.72,7.96,45.85,23.93,1.93,5.38,14.25,54.12,2.71,4.07,10.92,-4.36,14.94
"3324","雙鴻",54.33,300.67,173.52,134.86,113.28,2.98,122.48,6.81,53.59,7.27,1.38,12.91,27.66,159.15,9.23,12.88,25.62,65.46,10.93
"3325","旭品",38.98,517.90,221.05,183.16,2965.02,2.85,128.07,6.69,54.55,9.37,1.23,8.98,14.91,24.50,7.03,2.06,14.58,71.63,2.42
"3332","幸康",19.92,609.11,452.69,371.44,2837920.00,7.37,49.52,2.23,163.67,4.65,0.65,7.57,9.10,29.50,11.62,2.54,79.90,131.28,12.79
"3339","泰谷",64.66,148.51,202.29,151.04,-5.57,2.42,150.82,3.62,100.82,1.06,0.58,-4.25,-13.12,-12.27,-8.34,-1.23,-14.03,317.48,-0.52
"3349","寶德",58.97,1242.00,167.86,120.95,"NA",4.82,75.72,5.58,65.41,19.65,1.14,3.00,5.91,6.74,2.63,0.65,13.14,63.66,19.95
"3354","律勝",28.30,269.71,254.52,157.79,-12.01,2.36,154.66,4.04,90.34,0.64,0.18,-3.02,-4.51,-8.45,-17.86,-0.74,14.32,113.94,0.82
"3357","臺慶科",42.26,157.81,154.12,125.94,83.21,2.80,130.35,5.50,66.36,1.80,0.78,13.01,22.35,95.54,16.41,8.07,38.85,90.62,9.50
"3360","尚立",61.74,1102.13,160.49,149.44,3.51,7.67,47.58,33.69,10.83,144.29,3.60,2.58,6.96,14.64,0.49,1.01,71.75,263.60,98.07
"3362","先進光",66.04,171.78,108.41,70.21,-111.16,3.06,119.28,3.45,105.79,2.68,0.80,-24.99,-51.38,-109.40,-31.51,-8.90,6.34,31.13,3.26
"3363","上詮",24.50,330.60,303.84,243.47,29.67,3.86,94.55,4.98,73.29,2.87,0.74,4.45,5.66,10.94,5.87,1.09,36.96,79.13,4.43
"3372","典範",19.05,177.06,288.04,145.26,-9.51,4.05,90.12,6.02,60.63,1.15,0.55,-0.47,-0.62,-0.64,-0.91,-0.06,0.13,-13.40,0.00
"3373","熱映",30.00,1001.00,286.00,187.00,0.00,15.97,22.85,3.56,102.52,21.20,1.93,54.40,73.40,212.30,28.10,17.01,136.00,142.00,47.46
"3374","精材",35.33,142.27,158.63,131.34,72.05,5.79,63.03,26.36,13.84,1.94,1.05,25.09,41.59,63.66,23.74,6.37,118.61,126.04,13.73
"3379","彬台",56.41,156.68,110.64,37.07,5.48,6.19,58.96,1.64,222.56,1.69,0.49,1.96,3.89,3.74,3.51,0.47,4.29,"NA",4.85
"3388","崇越電",27.00,808.00,337.00,281.00,108.00,4.17,87.52,8.49,42.99,18.79,1.43,7.52,10.56,70.84,5.20,5.32,45.10,116.22,8.94
"3390","旭軟",45.61,484.34,184.14,166.55,-25.33,2.13,171.36,3.45,105.79,2.97,0.35,-6.28,-11.38,-22.84,-18.83,-1.83,1.92,31.92,-1.15
"3402","漢科",52.03,344.22,171.71,100.09,299.61,4.80,76.04,2.11,172.98,6.25,0.93,7.17,14.81,39.82,7.43,2.90,37.73,48.99,24.27
"3426","台興",35.37,2027.91,384.77,364.82,89.18,4.59,79.52,9.09,40.15,17.52,0.60,5.88,8.83,29.13,9.63,2.16,25.14,180.16,0.79
"3430","奇鈦科",53.10,168.43,156.32,63.10,9.28,7.87,46.37,2.13,171.36,2.58,0.95,3.88,7.76,19.65,3.60,1.43,38.28,129.38,13.80
"3434","哲固",53.29,385.09,167.14,95.86,-4.50,3.43,106.41,2.77,131.76,8.39,1.02,-1.74,-4.09,-3.59,-1.95,-0.45,-5.94,255.75,-7.14
"3438","類比科",21.99,230.68,271.09,226.86,51932.90,4.61,79.17,5.09,71.70,2.26,0.78,6.75,8.17,25.38,8.54,1.88,67.68,161.67,15.43
"3441","聯一光電",28.59,1046.07,322.35,227.09,-2.81,3.07,118.89,0.94,388.29,4.27,0.29,-1.42,-2.13,-2.20,-5.66,-0.40,12.65,61.27,-5.85
"3444","利機",43.40,337.40,161.54,151.82,47.85,2.10,173.80,14.38,25.38,4.24,0.79,8.90,14.86,32.01,11.04,2.72,9.53,62.49,-2.38
"3455","由田",43.79,477.30,195.02,138.70,42.76,1.35,270.37,1.45,251.72,5.44,0.59,6.28,11.13,44.29,10.48,4.03,40.94,46.11,17.45
"3465","進泰電子",23.51,49848.97,157.79,157.79,347.38,5.73,63.69,157.71,2.31,731.81,0.96,14.27,17.38,14.54,14.77,1.54,-31.02,-7303.36,-9.11
"3466","德晉",33.71,297.81,224.00,178.71,-59.42,2.13,171.36,3.58,101.95,2.74,0.56,-8.24,-12.61,-24.89,-14.96,-2.49,0.00,80.64,-2.37
"3479","安勤",28.84,325.23,276.96,173.44,66.51,6.05,60.33,4.01,91.02,5.23,1.19,6.59,9.84,46.26,5.44,3.23,40.83,104.67,2.32
"3483","力致",57.86,225.39,135.49,107.64,1949.20,2.61,139.84,5.77,63.25,5.37,1.07,5.77,12.44,59.39,5.04,4.36,13.69,58.74,11.69
"3484","崧騰",54.98,272.79,163.51,103.28,26.70,5.13,71.15,3.20,114.06,5.19,1.14,9.17,19.07,57.34,7.79,5.20,22.02,140.17,11.72
"3489","森寶",65.20,393768.04,176.04,27.04,0.97,18.84,19.37,0.61,598.36,5072.97,0.51,0.77,2.06,4.01,1.51,0.32,-23.88,-81.83,-32.96
"3490","單井",24.96,155.77,229.19,178.04,1931.65,3.34,109.28,3.01,121.26,0.50,0.29,3.63,4.78,8.03,12.63,1.00,23.94,0.87,1.33
"3491","昇達科",27.60,251.04,223.43,196.32,8668.26,3.04,120.06,3.65,100.00,1.54,0.48,5.17,6.69,32.61,10.54,2.03,34.26,82.96,0.05
"3492","長盛",38.62,492.07,202.96,162.12,18.32,2.85,128.07,4.57,79.86,5.98,0.78,1.83,2.80,5.17,2.22,0.42,5.78,149.61,0.00
"3498","陽程",36.67,367.85,213.51,167.25,-8.98,3.12,116.98,2.51,145.41,2.56,0.53,-0.90,-1.58,-8.17,-1.91,-0.58,43.34,212.35,21.55
"3499","環天科",49.62,232.63,142.43,115.88,-6.58,4.68,77.99,2.14,170.56,1.63,0.36,-1.96,-4.48,-6.95,-6.53,-0.49,-11.49,40.99,-10.89
"3508","位速",48.47,416.63,48.55,26.07,-15111.00,2.22,164.41,8.24,44.29,0.29,0.04,-6.89,-12.95,-32.50,-200.82,-1.71,-4.33,166.46,-3.60
"3511","矽瑪",21.98,442.80,370.38,334.95,76.18,3.61,101.10,3.65,100.00,3.61,0.65,4.87,6.46,13.78,7.41,1.10,39.97,114.96,9.22
"3512","皇龍",65.15,797.09,146.67,36.78,190.33,5.99,60.93,0.69,528.98,12.17,0.58,4.87,16.33,24.75,8.41,2.63,22.94,-37.69,35.61
"3516","亞帝歐",26.79,224.95,236.82,197.47,7.53,2.37,154.00,1.89,193.12,1.18,0.42,1.21,1.44,3.61,2.57,0.35,3.24,68.10,0.65
"3520","華盈",50.89,455.62,199.41,169.90,12.59,2.49,146.58,7.95,45.91,9.62,1.22,2.67,4.76,5.93,2.00,0.31,-0.56,-89.65,0.36
"3521","鴻翊",57.69,383.87,192.90,41.32,-330.52,3.78,96.56,0.50,730.00,1.57,0.27,-2.73,-8.53,-9.91,-13.17,-0.89,16.98,51.44,9.40
"3522","御嵿",71.75,173.16,35.51,32.10,-15.50,33.38,10.93,17.74,20.57,1.31,0.30,-13.01,-40.90,-64.71,-45.51,-6.19,25.53,133.18,8.57
"3523","迎輝",60.09,109.27,73.96,22.52,5.22,2.65,137.73,4.36,83.71,0.42,0.22,-6.18,-16.63,-8.69,-33.61,-0.95,-21.05,-208.03,-3.61
"3526","凡甲",35.73,318.88,357.27,330.55,60.56,2.53,144.26,7.51,48.60,2.43,0.61,15.69,26.89,87.55,24.25,7.25,105.47,106.67,10.15
"3527","聚積",16.97,809.40,499.00,356.39,69.81,2.97,122.89,2.15,169.76,7.85,0.71,2.55,3.08,14.40,3.57,1.61,40.57,60.45,7.78
"3529","力旺",19.05,434.21,423.78,417.67,5036.12,13.49,27.05,"NA","NA",3.76,0.79,31.35,38.29,109.23,39.79,9.52,206.17,117.12,18.34
"3531","先益",33.43,504.41,277.07,224.95,3339.00,3.20,114.06,4.55,80.21,4.33,0.64,1.69,2.34,11.90,2.47,0.84,16.58,108.50,-0.04
"3537","堡達",41.91,461.99,226.71,202.07,46.07,2.99,122.07,11.11,32.85,13.23,1.68,9.36,15.60,35.27,5.21,2.81,10.79,103.44,-0.22
"3540","曜越",60.61,2043.75,160.60,98.26,44.35,5.09,71.70,2.55,143.13,55.22,1.31,12.12,30.37,88.52,9.08,7.06,32.46,100.13,39.22
"3541","西柏",34.73,278.06,207.28,153.66,46.84,6.54,55.81,3.03,120.46,4.40,0.89,6.65,10.74,25.83,7.30,2.35,16.14,89.52,10.90
"3546","宇峻",21.76,1436.09,421.67,409.50,2126.44,7.45,48.99,"*****","*****",16.80,0.98,17.89,23.00,75.04,18.25,6.20,105.12,168.16,18.61
"3548","兆利",48.00,213.72,163.90,140.61,36.52,2.55,143.13,7.74,47.15,2.66,0.76,4.28,7.54,61.24,5.45,5.03,18.61,106.96,7.95
"3551","世禾",28.21,178.31,245.99,231.11,34.38,4.61,79.17,9.57,38.14,1.11,0.52,6.60,8.91,59.35,12.21,4.44,116.44,113.57,16.55
"3552","同致",62.64,251.56,130.63,99.36,7.23,1.60,228.12,2.96,123.31,4.36,0.76,3.42,8.27,34.46,3.93,3.26,8.25,97.14,9.04
"3555","博士旺",23.01,46398.47,430.88,424.09,-5301.17,22.87,15.95,2.80,130.35,287.45,0.38,-15.47,-20.81,-15.59,-41.70,-1.78,7.96,3.69,2.36
"3556","禾瑞亞",23.65,15349.89,431.96,313.99,732.59,6.54,55.81,1.55,235.48,168.55,0.80,15.31,19.87,45.39,18.91,3.88,51.14,77.27,-2.51
"3558","神準",53.94,175.03,137.86,107.80,133.52,8.46,43.14,6.53,55.89,4.99,1.21,5.91,13.08,106.99,4.85,7.67,16.08,85.96,7.42
"3564","其陽",32.24,291.39,230.08,131.17,47.00,3.87,94.31,2.54,143.70,4.37,1.06,3.26,4.67,11.37,3.02,0.90,-10.35,-35.60,-7.41
"3567","逸昌",13.50,148.89,270.78,270.78,2079.88,3.77,96.81,"NA","NA",2.05,62.37,12.72,14.72,29.24,20.62,2.35,207.84,110.22,67.57
"3570","大塚",23.70,2759.46,423.27,375.96,0.00,4.66,78.32,7.82,46.67,44.53,1.23,14.85,19.96,96.27,12.06,8.00,111.02,160.76,15.85
"3577","泓格",24.11,161.18,245.79,99.99,21.15,9.85,37.05,0.85,429.41,1.09,0.57,3.16,4.05,9.29,5.27,0.76,44.64,72.37,4.47
"3580","友威科",39.79,640.02,222.40,194.72,61.18,1.80,202.77,3.28,111.28,4.93,0.51,6.91,10.27,19.39,13.14,1.84,18.06,130.83,1.39
"3581","博磊",46.02,667.42,197.69,149.63,23.10,2.99,122.07,2.35,155.31,9.00,0.75,7.66,13.41,30.90,9.72,1.50,2.01,34.26,-2.16
"3587","閎康",33.25,194.81,297.73,270.03,24.50,3.77,96.81,"NA","NA",1.62,0.70,9.22,13.59,72.49,12.58,6.18,146.02,81.12,12.88
"3594","磐儀",51.22,1460.34,187.46,121.24,193.79,3.12,116.98,1.87,195.18,10.37,0.54,0.87,0.60,2.65,0.56,0.16,-2.36,1.72,-1.34
"3597","映興",52.61,254.08,160.51,135.38,13.63,3.55,102.81,5.69,64.14,3.47,0.85,4.88,9.90,19.24,5.24,1.28,6.94,61.16,-0.12
"3609","三一東林",22.33,252.87,285.04,218.97,-3.46,6.34,57.57,3.07,118.89,2.27,0.68,-0.71,-1.20,-1.89,-1.28,-0.19,27.11,131.16,5.27
"3611","鼎翰",50.01,527.38,164.46,123.28,27.15,5.23,69.78,4.28,85.28,5.75,0.82,10.71,21.30,222.12,12.59,16.84,57.00,148.32,19.16
"3615","安可",27.92,255.84,357.40,318.41,3.34,3.25,112.30,4.94,73.88,0.77,0.26,1.31,1.34,4.02,3.71,0.29,19.75,127.90,1.48
"3623","富晶通",28.63,967.79,482.75,437.27,-9.81,7.86,46.43,6.22,58.68,6.99,0.52,-4.52,-6.96,-11.40,-9.99,-1.12,10.62,68.03,1.02
"3624","光頡",18.34,241.90,431.97,292.70,79.46,4.53,80.57,2.48,147.17,1.79,0.67,5.51,6.66,16.37,8.06,1.44,45.14,69.55,3.31
"3625","西勝",65.36,174.82,123.85,53.19,19.70,3.29,110.94,1.95,187.17,3.14,0.77,-5.41,-14.83,-17.11,-7.38,-2.11,-1.65,2.24,-4.35
"3628","盈正",50.10,214.23,148.24,62.15,10.88,4.24,86.08,1.48,246.62,3.06,0.81,1.63,2.88,13.49,1.80,0.93,9.03,50.08,4.10
"3629","地心引力",43.79,2196.62,119.34,117.88,32.81,7.05,51.77,"NA","NA",53.61,1.05,3.16,5.19,7.88,2.94,0.70,98.34,81.28,305.60
"3630","新鉅科",41.63,180.96,204.28,181.05,-7.40,3.95,92.40,9.02,40.46,1.18,0.38,-3.54,-6.29,-14.36,-10.28,-1.50,7.47,27.52,1.56
"3631","晟楠",35.54,299.92,294.97,247.71,-0.72,3.72,98.11,1.00,365.00,0.54,0.10,-0.21,-0.87,-1.49,-4.01,-0.13,16.08,32.21,4.33
"3632","研勤",68.46,184.96,134.95,96.33,-26.17,3.47,105.18,4.66,78.32,1.51,0.52,-27.44,-67.59,-53.07,-54.36,-5.00,0.00,55.94,0.00
"3646","艾恩特",34.95,511.67,243.10,158.19,47.04,4.64,78.66,3.67,99.45,6.32,0.84,6.67,9.70,14.49,7.81,1.16,37.53,121.45,10.71
"3663","鑫科",34.03,500.09,267.57,137.29,7.02,7.96,45.85,4.01,91.02,8.93,1.38,3.22,4.03,8.22,1.97,0.64,26.17,201.13,2.59
"3664","安瑞-KY",45.90,3554.16,329.35,305.94,-24.55,1.74,209.77,3.15,115.87,23.55,0.50,-9.82,-17.95,-17.27,-20.38,-2.10,17.33,28.27,5.86
"3666","光耀",32.69,971.45,277.98,250.92,26.93,2.31,158.00,8.53,42.79,10.33,1.01,7.43,11.19,22.34,7.14,2.71,3.72,121.90,1.23
"3672","康聯訊",48.21,420.33,193.39,122.49,16.17,10.14,35.99,3.23,113.00,7.01,1.18,2.91,4.57,10.69,2.23,0.52,-8.63,7.38,-5.76
"3675","德微",60.46,121.17,108.56,76.52,9.84,4.05,90.12,4.02,90.79,1.06,0.59,4.00,8.62,25.34,6.09,2.10,30.23,58.64,7.58
"3680","家登",54.88,217.18,184.63,127.07,18.75,7.21,50.62,2.21,165.15,1.62,0.45,9.40,20.93,73.43,19.57,6.18,11.13,31.10,0.60
"3684","榮昌",42.30,160.84,238.17,210.91,20.02,4.34,84.10,11.18,32.64,1.21,0.59,5.78,9.65,25.25,9.34,2.03,5.14,53.39,-5.15
"3685","元創精密",40.93,158.29,206.81,151.81,2.14,3.08,118.50,4.64,78.66,1.22,0.42,0.73,0.82,1.07,0.98,0.10,17.74,86.20,3.56
"3687","歐買尬",69.15,8262.33,143.80,143.56,66.54,74.93,4.87,24741.07,0.01,59.23,0.28,3.78,11.72,68.16,13.25,1.49,20.69,578.39,40.65
"3689","湧德",52.68,190.67,134.77,85.88,5.04,3.67,99.45,3.59,101.67,3.24,0.90,2.05,3.53,16.30,1.83,1.37,23.47,99.83,12.70
"3691","碩禾",56.12,215.62,136.17,95.46,1.94,3.26,111.96,4.72,77.33,2.44,0.67,1.37,1.22,19.22,0.77,3.18,20.31,70.63,11.80
"3693","營邦",44.56,262.61,167.66,80.70,13.79,7.01,52.06,2.30,158.69,4.78,1.06,3.17,5.23,27.43,2.75,2.14,3.49,29.07,2.26
"3707","漢磊",44.50,176.45,190.43,130.23,-11.99,4.47,81.65,3.76,97.07,1.79,0.65,-5.06,-10.32,-15.70,-8.44,-1.64,7.47,18.07,0.92
"3709","鑫聯大投控",73.91,2496.44,133.29,85.48,7.71,8.70,41.95,8.31,43.92,378.20,3.20,4.08,16.75,37.22,1.09,2.67,71.79,-140.28,190.29
"3710","連展投控",74.06,124.44,89.85,56.31,0.19,3.47,105.18,4.58,79.69,2.39,0.84,-0.32,-7.30,-6.68,-2.14,-0.78,2.58,37.52,1.85
"3713","新晶投控",32.54,196.76,165.36,41.01,8.16,2.53,144.26,0.90,405.55,0.59,0.59,0.66,0.77,0.59,2.25,0.07,-3.33,14.56,-1.04
"4102","永日",39.99,176.40,219.36,101.18,15.95,4.59,79.52,1.73,210.98,1.53,0.57,3.84,5.58,6.69,6.46,0.73,21.83,51.12,2.40
"4105","東洋",35.07,263.55,188.28,142.19,62.89,4.16,87.74,1.64,222.56,1.70,0.45,10.51,15.98,48.32,23.18,3.72,20.65,81.77,0.00
"4107","邦特",25.24,293.84,488.55,422.70,480.90,6.71,54.39,4.11,88.80,1.94,0.60,15.06,18.97,86.84,25.09,7.05,149.70,119.09,9.65
"4109","加捷生醫",8.23,202.02,478.79,455.43,5637.15,7.00,52.14,1.98,184.34,0.59,0.29,-3.40,-3.98,-4.60,-11.81,-0.46,34.17,-5.62,3.54
"4111","濟生",27.64,175.85,233.68,199.83,503.62,3.69,98.91,7.68,47.52,1.39,0.65,3.94,5.51,14.29,6.02,1.04,49.06,144.02,4.35
"4113","聯上",71.18,5854.81,144.04,17.94,-0.66,301.98,1.20,0.02,18250.00,5.70,0.02,-0.53,-3.05,-4.99,-48.15,-0.50,0.00,17.34,0.00
"4114","健喬",42.62,151.58,191.21,108.72,943.87,4.39,83.14,1.72,212.20,0.57,0.32,5.41,8.82,17.72,15.62,2.46,16.31,28.81,2.31
"4116","明基醫",37.76,175.76,165.90,115.71,27.31,7.35,49.65,4.48,81.47,1.98,0.80,5.01,7.57,23.71,6.00,1.39,32.36,84.29,6.03
"4120","友華",52.14,218.07,177.74,120.16,926.58,8.69,42.00,2.07,176.32,2.08,0.67,1.63,2.77,28.81,1.99,2.30,25.05,63.82,6.93
"4121","優盛",50.55,438.96,220.30,141.11,930.16,25.82,14.13,3.56,102.52,6.79,1.15,5.33,10.28,22.74,4.18,1.84,48.76,94.42,22.67
"4123","晟德",25.95,2941.72,52.04,47.78,72.72,4.24,86.08,2.15,169.76,0.62,0.02,19.44,26.96,130.58,678.68,8.50,-9.77,26.56,-3.52
"4126","太醫",33.79,149.45,256.00,146.25,38.57,13.22,27.60,4.51,80.93,1.08,0.55,8.55,12.73,58.22,15.14,4.53,105.99,77.97,8.31
"4127","天良",41.23,102.78,104.44,77.42,-2376.76,5.20,70.19,3.24,112.65,1.19,0.68,-7.86,-13.13,-10.62,-11.98,-1.13,-4.49,-263.55,-1.90
"4128","中天",7.71,1075.52,1095.04,1049.94,71.88,18.26,19.98,5.42,67.34,1.26,0.13,4.39,4.75,12.85,32.46,1.68,26.09,1.02,0.71
"4129","聯合",47.64,273.43,156.00,86.69,4.47,4.18,87.32,0.61,598.36,1.60,0.43,2.35,3.45,3.73,4.32,1.00,29.80,47.00,11.08
"4130","健亞",9.22,335.83,542.61,421.39,162.09,6.27,58.21,1.89,193.12,1.08,0.30,2.47,2.73,3.77,8.19,0.37,74.80,68.27,2.35
"4131","浩泰",50.00,184.00,144.00,58.00,-2964.00,3.09,118.12,0.80,456.25,1.31,0.33,-10.30,-20.70,-6.00,-31.00,-0.56,-19.00,48.00,-23.73
"4138","曜亞",31.72,1386.18,276.63,246.40,148.00,5.72,63.81,2.78,131.29,8.81,0.47,5.38,7.96,49.56,11.56,3.87,44.73,217.74,9.81
"4139","馬光-KY",52.77,294.84,105.47,68.94,9.22,5.81,62.82,9.90,36.86,3.77,0.64,7.86,14.03,25.25,8.48,1.81,61.59,485.80,41.60
"4147","中裕",34.26,458.94,601.91,327.97,"*****",3.01,121.26,0.37,986.48,0.74,0.14,-3.69,-5.23,-7.26,-25.37,-0.73,-43.75,"NA","NA"
"4153","鈺緯",11.17,426.23,645.00,431.53,484.42,3.72,98.11,2.02,180.69,3.17,0.66,1.45,1.64,4.46,2.36,0.26,-13.56,24.01,-1.60
"4154","樂威科-KY",50.64,591.35,146.51,134.31,-896.10,4.31,84.68,10.03,36.39,17.22,1.01,-4.71,-11.07,-12.17,-5.11,-1.16,0.00,28.75,0.00
"4157","太景*-KY",20.53,1796.50,412.62,396.29,0.00,5.16,70.73,0.36,1013.88,0.86,0.03,-53.88,-64.39,-59.70,-1728.32,-0.56,0.00,0.00,0.00
"4160","訊聯基因",23.76,1685.83,356.73,290.32,-9137.00,8.09,45.11,4.63,78.83,26.81,1.04,-3.63,-4.70,-6.36,-3.48,-0.65,27.53,26.48,8.09
"4161","聿新科",50.08,181.34,156.14,118.84,-6.52,2.63,138.78,2.51,145.41,0.87,0.32,-3.66,-8.27,-12.10,-12.81,-1.24,1.37,32.13,0.00
"4162","智擎",4.65,374529.70,2260.55,2241.41,1699.59,29.88,12.21,1.52,240.13,603.44,0.27,15.40,16.13,51.33,57.22,4.15,35.11,1.53,-0.20
"4163","鐿鈦",46.21,239.23,237.49,151.00,42.12,10.31,35.40,1.69,215.97,1.90,0.60,7.67,13.13,61.62,12.42,5.11,36.91,101.43,3.45
"4167","松瑞藥",31.15,233.62,447.56,241.04,1136.00,4.44,82.20,1.21,301.65,1.00,0.41,6.10,9.05,8.35,13.73,0.88,15.99,17.08,1.84
"4168","醣聯",2.19,146.82,1951.90,1874.63,-6422.00,56.38,6.47,"NA","NA",0.00,0.00,-11.20,-10.57,-16.55,-36082.26,-1.83,-569.32,"NA",-9.40
"4171","瑞基",30.85,354.59,325.78,227.14,89.79,6.41,56.94,1.18,309.32,3.38,0.85,26.66,36.35,83.50,30.77,6.33,69.27,47.13,16.95
"4173","久裕",54.89,27715.24,168.40,163.43,1056.34,4.37,83.52,15.57,23.44,248.29,0.32,1.36,3.11,8.41,3.78,0.72,27.72,627.33,25.98
"4174","浩鼎",9.40,666.41,1567.40,1505.45,-356.00,94.78,3.85,1.12,325.89,0.20,0.02,-25.14,-27.69,-74.95,-1057.52,-7.34,-647.69,-922.73,-28.42
"4175","杏一",80.03,164.24,71.75,25.33,6.29,42.54,8.58,3.99,91.47,3.45,1.17,2.45,10.05,41.32,1.76,3.50,21.11,"NA",25.00
"4183","福永生技",43.48,450.31,319.28,273.58,18.48,5.12,71.28,7.10,51.40,6.38,0.88,6.20,10.51,16.84,6.64,0.77,71.81,124.57,17.09
"4188","安克",9.36,793.12,887.33,838.32,-471.80,16.47,22.16,1.06,344.33,0.83,0.10,-6.18,-6.98,-8.08,-67.29,-0.67,-104.70,-150.32,-7.81
"4192","杏國",38.67,5760.70,213.14,159.26,-116.81,10.95,33.33,0.69,528.98,1.24,0.02,-47.23,-68.04,-37.43,-2991.29,-3.83,-90.96,-633.66,-51.60
"4198","欣大健康",76.47,347.40,219.62,120.24,-58.70,5.47,66.72,0.57,640.35,1.88,0.34,-38.67,-136.95,-17.51,-113.32,-1.87,-65.65,-1522.72,-18.53
"4205","中華食",17.00,303.00,517.00,498.00,204.00,9.55,38.21,22.47,16.24,2.83,0.85,17.66,21.50,52.44,20.62,4.21,126.43,127.51,4.59
"4207","環泰",47.68,151.13,157.03,102.23,13.82,4.23,86.28,5.42,67.34,1.58,0.75,4.65,8.01,18.61,5.61,0.92,35.40,125.49,13.69
"4303","信立",25.54,136.68,209.84,180.64,-13.66,5.97,61.13,4.30,84.88,0.52,0.28,-2.24,-3.04,-3.82,-8.54,-0.41,13.40,-11.40,-3.89
"4304","勝昱",81.64,232.51,122.80,100.35,-4.19,2.86,127.62,8.35,43.71,2.40,0.69,-5.85,-30.70,-11.21,-10.08,-1.14,7.15,398.71,4.53
"4305","世坤",12.50,353.62,703.84,621.16,1172.70,5.08,71.85,8.47,43.09,3.43,0.86,9.74,11.21,25.98,11.38,2.08,63.79,96.26,-2.26
"4401","東隆興",57.87,137.89,125.41,59.29,4.40,7.96,45.85,2.00,182.50,1.11,0.52,1.85,3.34,7.96,2.74,0.70,14.34,65.95,2.30
"4402","郡都開發",43.68,249.24,180.53,19.20,-12.64,2.52,144.84,2.09,174.64,0.85,0.21,-8.13,-14.45,-10.90,-41.90,-1.09,-20.51,-262.35,-6.32
"4406","新昕纖",29.77,255.08,233.60,157.09,-54.14,4.63,78.83,3.00,121.66,1.52,0.44,-5.71,-8.10,-9.57,-13.25,-0.94,2.29,-20.78,-0.25
"4413","飛寶企業",8.61,9135.24,1115.26,608.37,-14434.89,2.86,127.62,3.83,95.30,155.37,1.32,-8.11,-9.24,-8.91,-6.20,-0.89,-191.67,-125.86,-18.26
"4416","三圓",89.10,132772.26,123.75,28.26,-0.07,28.08,12.99,0.02,18250.00,30.31,0.01,-0.07,-8.57,-20.66,-80.17,-1.95,-17.63,-99.48,-19.91
"4417","金洲",32.41,238.43,273.48,159.60,37.91,3.69,98.91,2.00,182.50,1.82,0.61,9.91,14.76,62.79,15.61,3.76,48.24,93.58,6.67
"4419","皇家美食",19.91,406.87,236.01,228.32,0.00,1.99,183.41,1.49,244.96,0.05,0.01,-38.73,-44.37,-10.27,-3197.57,-1.33,0.00,0.00,0.00
"4420","光明",52.58,141.03,209.55,157.12,0.45,4.98,73.29,4.22,86.49,0.38,0.23,-0.19,-1.44,-2.29,-3.15,-0.46,-24.19,5.63,-6.26
"4430","耀億",50.81,161.51,146.01,101.36,-0.81,5.47,66.72,2.62,139.31,1.28,0.51,-0.04,-0.67,-4.79,-0.68,-0.24,"NA",30.01,"NA"
"4432","銘旺實",21.08,402.43,403.57,243.22,"NA",6.31,57.84,4.44,82.20,5.11,1.05,-0.56,-0.73,3.32,-0.56,-0.18,15.56,133.29,2.97
"4433","興采",40.78,144.08,176.03,111.69,32.00,16.06,22.72,3.03,120.46,1.50,0.72,11.87,18.51,77.09,16.02,7.82,14.24,59.61,1.82
"4442","竣邦-KY",48.50,264.57,162.48,142.32,58.01,9.29,39.28,43.70,8.35,9.28,2.22,13.49,26.98,48.20,6.19,3.43,75.68,"NA",65.25
"4502","健信",75.77,105.15,89.84,62.11,-2.25,4.73,77.16,3.81,95.80,1.24,0.64,-3.92,-19.25,-27.14,-8.48,-2.40,-0.27,77.19,-0.41
"4503","金雨",23.31,150.59,210.64,146.14,-13.12,2.14,170.56,2.83,128.97,0.60,0.30,-1.67,-2.42,-4.02,-5.91,-0.30,35.34,-39.32,6.26
"4506","崇友",42.22,420.61,156.26,97.18,1549.10,4.98,73.29,1.75,208.57,4.05,0.59,9.75,16.67,49.41,16.52,4.10,24.94,128.02,7.14
"4510","高鋒",51.76,269.36,168.80,121.57,0.25,2.69,135.68,1.95,187.17,1.48,0.37,0.25,-0.59,-2.01,-0.73,-0.11,16.11,75.64,7.13
"4513","福裕",66.26,326.77,171.43,70.16,0.49,4.36,83.71,0.97,376.28,2.46,0.48,-0.75,-4.81,-5.18,-3.48,-0.51,12.04,2.46,4.79
"4523","永彰",40.76,495.72,136.32,91.51,-34.08,4.16,87.74,2.12,172.16,1.81,0.38,-16.51,-27.43,-45.10,-44.89,-4.74,-4.48,75.85,0.00
"4527","方方土霖",44.00,317.00,221.00,167.00,33.00,2.70,135.18,4.30,84.88,4.70,1.00,8.00,15.00,34.00,8.00,2.72,44.00,124.00,12.00
"4528","江興鍛",47.02,128.33,135.62,107.59,18.12,5.45,66.97,4.94,73.88,1.06,0.57,6.24,11.40,38.28,10.30,3.05,29.96,138.78,4.64
"4529","淳紳",32.47,422.40,11.14,6.07,-29.06,"*****","*****",1.68,217.26,0.05,0.01,-24.25,-36.72,-31.44,-3284.72,-3.15,-52.27,35.81,-28.09
"4530","宏易",9.57,1502.64,1078.53,983.68,-60.00,4.82,75.72,4.68,77.99,1.93,0.11,-6.86,-8.06,-4.94,-60.99,-0.49,-53.56,123.86,-3.29
"4533","協易機",59.85,358.11,210.66,162.37,0.72,6.02,60.63,1.95,187.17,2.14,0.47,0.67,0.65,-0.48,0.59,0.10,17.80,130.29,7.43
"4534","慶騰",45.78,148.85,136.30,102.96,-8.02,2.90,125.86,2.91,125.42,1.73,0.65,-3.36,-6.74,-6.97,-5.65,-0.72,12.11,145.92,4.37
"4535","至興",15.53,256.03,421.83,345.84,312.50,4.19,87.11,5.34,68.35,2.14,0.74,5.02,5.85,23.84,6.78,1.36,87.51,167.12,5.16
"4538","大詠城",7.94,147.13,468.28,398.15,59.92,2.85,128.07,6.43,56.76,0.70,0.40,3.27,3.58,5.63,8.10,0.49,85.69,134.90,4.02
"4541","晟田",60.27,151.08,168.18,124.49,-405.19,3.28,111.28,2.01,181.59,0.41,0.22,-1.37,-4.55,-17.62,-8.55,-1.13,24.64,61.03,4.54
"4542","科嶠",45.64,510.55,238.64,164.19,8.95,2.52,144.84,1.13,323.00,4.17,0.53,2.13,3.40,6.89,3.51,0.67,15.28,39.99,3.17
"4543","萬在",31.69,158.31,201.77,152.09,4.13,4.66,78.32,2.56,142.57,0.85,0.38,0.70,0.71,2.88,1.32,0.19,18.65,71.18,1.73
"4549","桓達",26.18,231.89,481.11,396.34,134.21,5.44,67.09,1.80,202.77,1.70,0.56,12.84,16.54,69.90,22.83,5.49,134.80,101.29,5.99
"4550","長佳",53.47,233.10,133.97,91.88,308.91,4.10,89.02,0.53,688.67,3.28,0.76,4.97,10.49,27.74,6.44,2.27,2.88,166.33,-4.21
"4554","橙的",31.23,1172.04,308.55,257.85,13.46,3.14,116.24,2.12,172.16,7.70,0.63,1.07,1.31,5.46,1.44,0.24,16.69,75.85,4.73
"4556","旭然",52.97,232.04,378.81,269.51,509.08,4.28,85.28,1.20,304.16,0.94,0.36,1.82,2.63,6.24,4.08,0.50,4.13,19.14,-0.62
"4558","寶緯",59.85,190.83,204.11,138.93,1299.85,3.61,101.10,3.89,93.83,2.49,0.96,6.67,15.77,25.41,6.40,2.03,30.35,75.75,8.95
"4561","健椿",54.93,132.89,182.30,122.16,11.79,7.83,46.61,2.37,154.00,0.91,0.49,4.80,8.88,17.95,8.94,1.46,52.48,70.98,11.30
"4563","百德",64.66,402.55,207.83,132.42,-897.01,3.33,109.60,1.67,218.56,2.74,0.50,-7.65,-26.54,-79.59,-16.84,-6.70,34.36,27.26,12.91
"4568","科際精密",36.27,309.87,268.64,235.43,455.83,4.28,85.28,6.40,57.03,3.02,0.74,9.06,13.91,64.75,12.27,4.93,3.93,100.57,-5.66
"4577","達航科技",47.20,129.58,114.22,54.68,8.00,3.23,113.00,1.39,262.58,1.21,0.51,5.16,8.47,24.81,8.92,2.09,55.19,70.66,19.77
"4580","捷流閥業",41.80,249.46,195.76,125.56,47.63,4.76,76.68,1.99,183.41,3.19,0.90,11.39,21.24,103.91,12.30,7.54,40.59,51.60,6.15
"4584","君帆",62.16,175.30,122.54,96.16,12.42,2.04,178.92,3.24,112.65,1.90,0.62,7.04,17.65,66.28,10.32,4.09,20.40,82.11,10.98
"4609","唐鋒",74.72,360.17,151.83,130.77,-6.86,4.79,76.20,2.93,124.57,2.91,0.49,-5.55,-21.53,-10.59,-12.77,-1.06,-7.83,44.72,-3.44
"4702","中美實",30.45,1388.08,209.19,80.13,1245.33,10.41,35.06,8.51,42.89,11.73,0.69,3.38,4.54,6.34,4.54,0.60,0.00,0.00,0.00
"4706","大恭",15.86,710.68,568.98,386.20,139.97,3.96,92.17,2.04,178.92,5.86,0.76,5.68,6.64,14.54,7.43,1.22,68.84,110.26,4.52
"4707","磐亞",34.92,656.88,49.22,43.08,8.08,7.12,51.26,8.37,43.60,1.42,0.17,3.42,4.86,8.48,17.01,0.82,5.24,418.92,1.09
"4711","永純",18.63,332.68,512.94,389.39,5022.16,4.01,91.02,2.69,135.68,2.29,0.59,4.14,5.03,9.64,6.85,0.91,61.71,150.36,4.32
"4714","永捷",33.27,567.17,134.60,41.35,-203.87,2.86,127.62,0.49,744.89,1.46,0.17,3.29,4.63,-1.30,17.25,0.54,7.81,-11.46,4.49
"4716","大立",46.67,218.84,232.36,206.68,3.68,3.47,105.18,5.43,67.21,1.45,0.53,1.56,2.12,2.67,2.20,0.26,"NA",44.86,5.48
"4721","美琪瑪",26.14,363.15,262.48,185.90,35.06,6.91,52.82,6.62,55.13,6.97,1.42,6.88,10.29,21.48,5.52,1.64,92.37,66.78,16.90
"4726","永昕",30.86,192.41,135.72,110.14,-33.33,7.78,46.91,5.02,72.70,1.08,0.42,2.00,2.68,2.18,4.65,0.24,"NA","NA","NA"
"4728","雙美",34.84,250.43,327.84,319.24,116.87,79.72,4.57,4.65,78.49,2.41,0.63,17.45,30.41,62.02,27.82,4.37,97.44,209.94,18.11
"4729","熒茂",61.27,242.76,115.00,98.64,-3.42,6.11,59.73,6.25,58.40,0.97,0.26,-3.03,-9.02,-10.83,-13.83,-1.10,10.40,70.85,4.46
"4735","豪展",64.10,239.36,122.45,74.38,260.57,6.74,54.15,4.16,87.74,7.96,1.45,29.21,72.49,171.77,20.00,14.66,25.24,71.39,11.14
"4741","泓瀚",19.43,154.52,260.09,203.62,27.36,4.35,83.90,4.35,83.90,0.95,0.52,2.63,3.17,10.47,4.91,0.91,46.37,81.98,3.13
"4743","合一",10.56,2095.90,5814.97,5755.61,-4726.96,0.18,2027.77,0.22,1659.09,0.06,0.00,-2.20,-2.48,-6.62,-604.92,-0.68,102.89,22.80,1.29
"4744","皇將",53.62,352.88,283.48,214.18,8.17,7.52,48.53,1.36,268.38,2.50,0.54,4.03,7.56,18.00,6.60,1.52,19.51,87.32,0.96
"4745","合富-KY",36.22,1523.05,260.31,219.58,970.81,1.89,193.12,7.27,50.20,17.59,0.89,4.54,6.17,40.66,4.35,1.61,8.34,59.41,1.64
"4747","強生製藥",21.88,238.84,226.78,159.64,97.66,4.38,83.33,1.56,233.97,1.15,0.41,6.26,7.45,25.50,14.99,2.12,29.86,51.31,1.75
"4754","國碳科",49.88,159.16,230.53,177.43,29.52,11.89,30.69,5.18,70.46,1.43,0.72,8.00,15.97,31.98,10.68,2.52,42.95,51.91,5.12
"4760","勤凱科技",46.77,338.16,218.25,146.80,28.55,3.41,107.03,4.34,84.10,5.61,1.27,14.66,25.41,54.26,11.17,4.74,-22.15,29.06,-13.38
"4767","誠泰科技",41.51,526.56,343.30,253.23,22.22,3.66,99.72,3.39,107.66,5.25,0.80,5.66,9.42,27.59,6.76,2.31,18.93,113.14,1.82
"4768","晶呈科技",41.94,178.23,175.28,82.78,2393.11,6.95,52.51,2.14,170.56,1.54,0.65,10.02,16.06,35.33,14.75,1.73,24.72,43.64,8.98
"4804","大略-KY",65.13,122.64,83.49,78.34,5.03,5.61,65.06,274.21,1.33,1.28,0.30,4.63,4.65,-9.63,5.30,0.21,50.65,55.79,21.40
"4806","桂田文創",57.50,226.66,169.22,62.59,-27.93,2.02,180.69,9.90,36.86,0.54,0.16,-15.08,-32.07,-27.03,-95.64,-2.77,-5.62,120.54,-2.34
"4903","聯光通",32.95,451.01,270.21,232.70,-49.91,9.05,40.33,10.62,34.36,5.78,0.86,-15.97,-24.45,-21.34,-18.94,-1.82,-90.07,-244.81,-25.29
"4905","台聯電",1.71,2029.80,6000.73,5933.84,751.93,5.86,62.28,0.67,544.77,0.50,0.02,1.08,1.12,9.66,50.26,0.93,0.00,9.46,-2.08
"4907","富宇",75.21,805982.09,192.03,50.30,33.26,2.52,144.84,0.22,1659.09,1936.79,0.22,1.97,7.30,15.28,8.59,1.20,-3.28,-40.13,-7.33
"4908","前鼎",7.88,467.56,986.41,834.93,11704.00,6.43,56.76,1.64,222.56,2.22,0.45,7.39,8.05,17.95,16.38,1.55,77.05,173.06,0.68
"4909","新復興",12.63,756.62,757.21,724.71,-50.89,3.17,115.14,6.05,60.33,1.89,0.23,0.60,0.59,-6.59,2.18,0.16,3.70,113.78,-0.55
"4911","德英",1.18,180.46,1742.23,1499.50,"NA",5.75,63.47,0.92,396.73,0.07,0.04,-1.98,-2.01,-2.35,-50.66,-0.26,9.19,9.16,0.11
"4923","力士",27.92,11246.19,387.01,260.95,19.19,3.64,100.27,4.50,81.11,136.72,1.15,2.63,3.38,7.46,2.15,0.59,-6.97,39.04,-1.97
"4924","欣厚-KY",41.35,453.92,169.42,140.13,14.92,3.48,104.88,7.13,51.19,7.34,1.13,7.09,11.76,9.82,5.96,0.94,15.56,109.60,4.73
"4931","新盛力",28.86,1835.67,328.67,270.04,265.89,5.23,69.78,5.82,62.71,31.10,1.18,4.61,6.44,13.27,3.89,1.02,32.52,110.87,1.49
"4933","友輝",24.43,693.71,481.70,418.86,5619.57,5.76,63.36,4.42,82.57,5.64,0.70,5.19,6.48,29.35,7.32,2.53,82.04,210.26,8.46
"4939","亞電",45.35,269.69,175.94,151.41,12.29,1.78,205.05,5.37,67.97,2.86,0.63,6.33,10.64,23.13,9.09,1.61,22.68,102.27,10.07
"4945","陞達科技",11.48,7192.49,1015.50,899.31,177.29,4.85,75.25,5.00,73.00,52.32,0.68,8.96,10.31,22.09,13.16,2.02,55.11,139.65,-0.91
"4946","辣椒",54.61,22296.06,75.47,71.09,-137.74,3.04,120.06,"*****","*****",58.75,0.29,-31.16,-66.64,-58.01,-107.60,-4.90,-58.96,4.31,-48.29
"4950","金耘國際",18.37,2248.22,760.37,653.05,-59.97,2.50,146.00,2.88,126.73,5.46,0.15,-27.08,-46.31,-41.95,-188.51,-4.18,3.43,-163.81,0.41
"4951","精拓科",15.01,430.99,488.76,401.12,217.37,8.04,45.39,1.86,196.23,2.84,0.58,7.55,8.71,20.29,12.88,1.90,70.40,99.30,3.07
"4953","緯軟",35.92,313.85,246.14,244.71,9331.83,3.56,102.52,"NA","NA",6.13,1.46,13.44,20.97,82.34,9.13,7.06,59.38,85.17,16.53
"4966","譜瑞-KY",23.44,3506.82,328.69,285.17,0.00,11.00,33.18,5.66,64.48,47.41,1.00,23.10,29.28,457.91,22.94,44.86,102.44,221.48,19.81
"4971","IET-KY",5.37,138.89,605.52,365.48,226.64,5.53,66.00,2.04,178.92,0.66,0.45,4.39,4.61,18.85,9.88,1.84,106.10,57.87,2.03
"4972","湯石照明",17.44,414.54,429.30,348.12,234.15,5.78,63.14,2.90,125.86,2.82,0.59,5.78,6.95,25.97,9.77,2.08,79.39,111.66,5.60
"4973","廣穎電通",28.53,770.96,240.38,141.63,20.66,8.70,41.95,4.98,73.29,18.27,1.69,2.95,4.02,13.01,1.67,1.15,40.92,95.15,16.33
"4974","亞泰",31.03,923.41,318.90,273.96,1325.59,7.36,49.59,7.02,51.99,15.46,1.16,10.88,15.18,64.13,9.38,5.16,60.61,165.89,10.94
"4979","華星光",35.94,167.54,166.74,96.83,-9.00,7.38,49.45,3.61,101.10,1.06,0.52,-3.61,-6.55,-7.34,-7.56,-0.75,-1.60,-11.02,-8.22
"4987","科誠",25.95,287.93,354.85,213.75,101.88,5.50,66.36,2.02,180.69,2.85,0.81,7.85,10.59,51.12,9.59,3.76,114.87,71.70,11.88
"4991","環宇-KY",9.52,531.64,957.51,759.89,-29.72,5.68,64.26,2.08,175.48,2.01,0.37,-2.85,-3.23,-11.15,-7.68,-1.28,187.34,189.53,6.86
"4995","晶達",33.64,479.90,256.44,175.70,26.66,5.24,69.65,2.14,170.56,4.77,0.74,5.52,8.14,18.68,7.19,1.66,79.93,69.23,7.25
"5009","榮剛",57.21,176.00,230.16,89.54,2.84,4.57,79.86,1.41,258.86,0.78,0.38,1.87,2.94,5.92,3.38,0.50,41.86,57.87,3.98
"5011","久陽",68.82,176.50,126.35,93.74,-4.89,7.42,49.19,5.77,63.25,3.44,0.98,-3.04,-11.30,-16.97,-3.63,-1.66,10.02,32.15,6.95
"5013","強新",49.35,173.69,243.32,125.36,8.59,4.03,90.57,3.51,103.98,1.78,0.80,5.05,9.10,29.66,5.51,1.57,46.99,49.78,8.37
"5014","建錩",67.61,144.22,106.25,43.09,2.86,10.61,34.40,7.85,46.49,9.26,2.20,4.15,8.81,13.77,1.20,1.06,-5.20,-68.12,-6.41
"5015","華祺",44.17,381.12,205.18,121.80,19.74,7.45,48.99,2.82,129.43,6.85,1.07,6.19,10.18,22.51,5.52,1.94,15.56,90.60,0.00
"5016","松和",46.73,210.95,256.63,152.21,19.09,4.48,81.47,3.11,117.36,2.49,0.91,6.10,11.60,40.28,6.56,3.15,42.93,104.54,7.11
"5201","凱衛",26.68,4285.00,420.23,415.22,132.84,11.38,32.07,106.61,3.42,28.13,0.58,18.05,24.79,35.76,30.70,3.10,72.13,219.28,17.36
"5202","力新",13.05,1090.59,377.02,344.90,-7160.00,4.25,85.88,5.77,63.25,3.30,0.27,-2.12,-2.46,-2.82,-7.75,-0.55,0.00,54.20,0.00
"5205","中茂",92.62,556.11,96.76,82.97,"NA",2.86,127.62,267.76,1.36,38.43,0.97,-37.04,-209.88,-5.72,-38.22,-1.43,"NA","NA","NA"
"5206","坤悅",63.07,123337.44,157.96,24.33,6.44,605.87,0.60,0.29,1258.62,912.39,0.35,6.25,16.77,36.05,17.73,3.11,0.00,0.00,0.00
"5209","新鼎",75.35,569.19,117.21,115.94,58.17,10.08,36.21,33.97,10.74,22.47,1.38,6.72,18.78,52.62,4.79,5.74,13.22,278.20,25.15
"5210","寶碩",18.57,259.22,400.07,398.41,-99.18,4.07,89.68,13.28,27.48,1.21,0.35,-10.55,-13.07,-13.73,-30.71,-1.26,40.75,95.56,6.76
"5211","蒙恬",10.20,295.43,1228.74,1089.56,"NA",7.94,45.96,1.32,276.51,0.85,0.27,-2.12,-2.40,-4.61,-7.95,-0.31,-63.45,54.10,-3.12
"5212","凌網",40.70,671.28,227.79,217.84,94.63,6.33,57.66,23.70,15.40,11.72,1.18,13.59,23.30,38.36,11.36,3.20,60.06,180.54,19.53
"5213","亞昕",75.99,391.46,153.63,21.16,5.42,8.26,44.18,0.19,1921.05,1.43,0.18,2.37,7.47,19.21,10.91,1.76,-26.49,-25.62,-31.59
"5220","萬達光電",40.01,178.16,238.13,199.27,91.41,6.92,52.74,6.97,52.36,3.07,1.05,16.79,25.59,57.80,15.83,4.71,69.85,80.77,10.82
"5223","安力-KY",44.50,289.21,284.95,256.57,84.24,2.55,143.13,9.96,36.64,2.63,0.74,10.30,17.38,84.66,13.66,6.56,12.07,127.70,1.16
"5227","立凱-KY",26.17,245.66,183.47,146.64,-122.29,0.86,424.41,1.85,197.29,0.29,0.09,-40.84,-56.08,-42.44,-475.94,-4.73,0.00,51.14,0.00
"5228","鈺鎧",58.75,120.39,132.62,74.16,5.14,5.07,71.99,2.83,128.97,0.61,0.42,2.98,6.09,10.11,5.74,0.87,24.82,114.99,4.45
"5230","雷笛克光學",44.72,192.49,209.56,163.79,0.83,3.05,119.67,2.80,130.35,1.16,0.48,0.27,-0.25,-0.40,-0.30,-0.06,53.65,186.79,7.97
"5236","凌陽創新",30.18,27785.81,361.33,327.41,124986.39,7.22,50.55,5.22,69.92,419.78,1.16,29.78,41.27,110.24,25.64,9.09,97.33,258.48,27.26
"5245","智晶",31.98,118.86,116.71,79.07,2034.03,7.73,47.21,6.41,56.94,1.21,0.78,5.45,8.25,24.14,6.64,1.99,66.09,108.75,11.12
"5251","天鉞電",15.08,1038.84,565.26,442.02,-62.66,4.99,73.14,1.85,197.29,2.24,0.30,-7.97,-9.41,-19.38,-26.57,-1.60,-65.78,-35.68,-7.33
"5263","智崴",48.19,467.07,495.02,439.01,-43.27,3.96,92.17,"NA","NA",1.06,0.20,-0.55,-1.75,-7.50,-4.86,-0.88,-0.18,23.17,-8.20
"5272","笙科",17.92,216.66,475.22,317.28,-14.09,8.06,45.28,1.49,244.96,0.91,0.39,-2.77,-3.57,-5.93,-7.51,-0.61,88.37,55.11,3.15
"5274","信驊",19.05,2169.05,453.73,410.33,355.84,5.35,68.22,9.08,40.19,22.94,0.85,28.26,35.64,357.53,32.79,29.38,199.57,133.22,18.15
"5276","達輝-KY",37.96,283.60,176.79,125.35,61.88,3.99,91.47,5.03,72.56,3.69,0.80,1.05,1.44,1.95,1.20,0.19,6.78,62.61,3.08
"5278","尚凡*",42.37,27246.35,241.57,229.73,159.21,14.27,25.57,4.50,81.11,579.82,1.54,28.44,48.22,159.88,18.38,12.33,66.75,217.09,11.53
"5287","數字",36.81,227.93,143.03,142.43,4692.52,9.23,39.54,"*****","*****",1.91,0.54,22.04,34.54,181.37,40.40,14.74,75.03,114.74,16.14
"5289","宜鼎",21.76,369.23,385.04,310.72,510.20,7.74,47.15,5.77,63.25,5.20,1.21,15.88,20.10,143.57,13.15,11.46,112.16,131.67,13.39
"5291","邑昇",43.51,192.98,154.27,119.13,57.34,3.41,107.03,6.07,60.13,2.74,0.88,5.30,8.84,22.09,5.89,1.86,17.03,49.56,3.74
"5299","杰力",30.87,784.79,267.53,200.11,2206.68,6.57,55.55,3.51,103.98,12.48,1.10,20.26,28.33,113.77,16.71,9.26,77.11,106.48,17.45
"5301","寶得利",46.27,464.50,201.41,4.24,-18.71,1.78,205.05,0.16,2281.25,0.31,0.09,-21.11,-39.06,-32.07,-252.54,-3.51,-24.56,-92.82,-14.94
"5302","太欣",19.44,1189.44,33.43,27.41,-15.20,7.13,51.19,1.38,264.49,0.13,0.01,-3.14,-4.13,-3.78,-219.28,-0.37,-18.55,-2114.53,-2.72
"5309","系統電",51.06,390.71,287.23,249.51,-3026.62,4.38,83.33,6.08,60.03,3.22,0.68,-4.91,-9.10,-6.50,-7.41,-0.64,-0.71,-78.78,-0.24
"5310","天剛",64.83,5280.61,115.43,45.31,-68.07,3.13,116.61,0.98,372.44,22.57,0.30,-35.94,-86.06,-24.44,-121.11,2.61,-24.23,-200.01,-38.98
"5312","寶島科",54.01,364.37,69.24,26.92,18.89,174.77,2.08,2.02,180.69,2.78,0.56,5.85,11.87,62.03,9.97,5.13,43.15,130.16,7.17
"5314","世紀",10.27,453.55,2138.35,2015.83,0.00,10.12,36.06,0.42,869.04,0.46,0.09,-14.24,-15.98,-5.06,-153.39,-0.51,0.00,275.31,0.00
"5315","光聯",31.39,1414.24,337.14,255.06,797.93,6.94,52.59,4.05,90.12,16.07,0.96,4.99,7.02,9.14,5.18,0.90,11.72,106.81,-0.85
"5321","美而快",79.45,140.67,95.50,68.74,-258.97,6.53,55.89,3.32,109.93,2.72,0.79,-4.13,-29.17,-35.97,-6.16,-3.73,16.16,47.94,16.06
"5324","士開",78.16,546.15,140.57,47.49,-0.84,16.03,22.76,0.27,1351.85,0.65,0.09,-0.82,-6.19,-4.64,-16.61,0.11,0.00,57.26,0.00
"5328","華容",25.63,802.36,283.90,258.03,4.85,2.34,155.98,5.29,68.99,3.78,0.38,1.19,1.28,1.59,2.46,0.12,3.43,34.03,0.85
"5340","建榮",14.06,170.21,329.04,221.93,628.51,3.19,114.42,3.83,95.30,1.44,0.72,4.74,5.56,3.83,6.60,0.49,94.79,141.60,6.79
"5344","立衛",23.90,205.11,204.07,202.69,28.76,4.47,81.65,137.50,2.65,1.31,0.55,7.25,8.99,5.30,11.97,0.53,61.26,80.21,5.39
"5345","天揚",37.43,506.07,249.22,166.59,"NA",6.81,53.59,1.17,311.96,1.36,0.18,-68.77,-89.42,-31.68,-479.70,-3.34,-292.16,-454.04,-110.86
"5347","世界",32.31,238.58,194.35,165.96,114.75,6.19,58.96,7.07,51.62,2.46,0.76,14.70,21.34,46.17,19.03,3.81,94.15,94.35,5.12
"5348","正能量智能",16.81,3045.71,645.16,570.51,0.00,5.79,63.03,2.21,165.15,16.59,0.58,-10.95,-13.35,-7.07,-18.86,-0.71,-5.77,-620.89,-0.84
"5351","鈺創",52.79,642.42,225.77,129.23,0.00,3.58,101.95,1.36,268.38,4.73,0.57,-3.57,-10.23,-9.58,-7.56,-1.14,6.48,42.41,1.42
"5353","台林",27.41,294.26,291.74,231.97,381.85,6.82,53.51,4.09,89.24,3.21,0.80,3.99,5.79,9.14,4.98,0.88,10.00,81.07,-4.48
"5355","佳總",35.78,542.98,424.78,384.66,1.41,3.62,100.82,7.15,51.04,1.76,0.29,0.96,0.92,0.25,2.03,0.08,-10.43,135.26,-1.32
"5356","協益",18.77,695.62,519.46,454.36,3661.01,3.30,110.60,6.03,60.53,5.11,0.59,4.11,5.26,12.57,6.86,2.40,48.36,132.28,1.45
"5364","力麗店",77.77,130.60,48.08,47.26,-0.11,26.47,13.78,"NA","NA",0.64,0.35,-0.40,-7.73,-8.37,-4.35,-2.11,31.37,45.67,16.24
"5371","中光電",47.25,350.31,180.04,152.86,13.70,3.61,101.10,5.70,64.03,6.02,0.88,3.47,7.05,42.28,3.29,3.59,16.71,176.48,8.18
"5381","合正",5.44,12982.65,1968.13,1788.03,8.04,3.27,111.62,3.88,94.07,45.27,0.47,0.40,0.38,0.15,0.76,0.01,159.26,"NA","NA"
"5386","青雲",57.90,24937.61,165.83,109.39,1377.58,7.25,50.34,9.92,36.79,1316.15,3.01,3.63,6.52,12.75,1.10,1.02,-32.72,64.21,-47.50
"5392","能率",55.46,293.62,164.32,136.01,1.66,4.60,79.34,6.18,59.06,3.26,0.70,-0.10,-1.19,3.26,-0.76,-0.73,11.08,113.86,3.75
"5398","慕康生醫",12.43,11942.68,547.32,342.05,13048.52,3.57,102.24,1.62,225.30,58.23,0.55,2.55,2.98,3.53,4.53,0.34,-8.24,37.95,-3.62
"5403","中菲",65.85,158.91,94.65,53.30,101.67,6.14,59.44,2.06,177.18,2.33,0.60,8.72,21.90,66.74,14.42,5.20,11.48,91.57,8.21
"5410","國眾",54.52,533.22,132.06,96.75,125.13,4.95,73.73,7.20,50.69,22.69,1.43,7.02,14.66,24.46,4.87,2.01,3.14,84.83,0.00
"5425","台半",46.35,221.08,163.88,120.38,35.83,4.62,79.00,4.05,90.12,2.34,0.72,7.04,12.95,52.80,9.55,2.29,32.22,81.54,9.30
"5426","振發",29.68,151.78,219.88,183.13,-54.08,3.66,99.72,6.79,53.75,1.16,0.54,-1.55,-2.12,-2.94,-2.84,-0.26,-2.75,68.50,-0.62
"5432","新門",7.26,8537.57,1378.24,136.74,"NA",5.68,64.26,5.51,66.24,12.45,0.16,-1.61,-1.74,-1.28,-10.32,-0.28,6.26,77.24,0.48
"5438","東友",28.46,6917.07,153.08,122.45,3.54,3.43,106.41,6.05,60.33,51.85,0.53,0.10,0.05,0.44,0.06,0.01,4.25,69.93,-1.23
"5439","高技",34.14,195.04,197.78,146.15,324.72,3.20,114.06,5.06,72.13,2.74,0.99,11.78,17.31,42.74,11.83,3.43,42.91,83.31,5.67
"5443","均豪",56.16,388.36,165.26,133.52,8.01,1.59,229.55,2.49,146.58,5.28,0.55,2.89,5.84,12.46,4.64,0.93,48.70,87.10,36.48
"5450","南良",58.69,224.35,179.74,128.88,4.37,4.90,74.48,4.62,79.00,2.76,0.92,3.00,5.59,7.15,2.48,0.54,12.26,112.74,3.67
"5452","佶優",42.02,785.00,236.09,187.75,16.66,3.03,120.46,7.42,49.19,16.19,1.43,4.86,7.50,16.17,3.15,0.84,0.08,167.85,-1.13
"5455","昇益",21.24,1276459.52,435.14,250.28,-428.53,35.32,10.33,0.00,"*****",32.97,0.00,-2.10,-2.53,-2.10,-694.89,-0.21,-138.38,3.16,-40.70
"5457","宣德",63.77,181.22,110.29,95.86,52.47,2.64,138.25,12.53,29.13,5.07,1.20,11.60,31.29,104.51,9.47,8.35,27.14,74.92,32.76
"5460","同協",18.22,253.20,506.26,403.94,28.49,3.17,115.14,3.73,97.85,2.01,0.65,0.12,0.13,0.35,0.17,0.02,138.62,188.01,10.59
"5464","霖宏",72.90,201.08,118.50,106.63,-1108.26,6.38,57.21,5.46,66.84,1.61,0.30,-4.50,-15.83,-29.70,-15.50,-2.32,-15.52,8.55,-18.65
"5465","富驊",54.17,237.95,139.53,107.49,71.41,3.41,107.03,7.06,51.69,5.14,1.11,3.98,8.25,16.65,3.52,0.92,52.23,80.73,35.40
"5468","凱鈺",60.16,125.10,82.53,44.63,-4.18,16.68,21.88,3.60,101.38,1.08,0.51,-3.91,-11.55,-6.54,-9.09,-0.48,2.10,-54.37,0.85
"5474","聰泰",34.71,139.09,151.10,106.34,1176.58,270.28,1.35,5.71,63.92,4.91,1.42,32.38,47.06,229.68,22.75,18.49,111.53,97.19,45.84
"5475","德宏",67.23,184.40,109.53,89.71,"NA",1.63,223.92,2.53,144.26,1.17,0.28,-3.09,-15.57,-4.25,-15.02,-0.49,9.45,207.57,3.45
"5478","智冠",45.61,2008.49,203.37,199.52,656.38,15.54,23.48,29.44,12.39,18.46,0.55,7.54,13.70,97.68,13.72,7.76,28.23,280.03,17.24
"5481","新華",24.34,51262.49,251.67,232.29,255.58,20.25,18.02,4.48,81.47,19.76,0.07,31.05,41.18,66.97,441.07,6.18,-53.54,-7.89,-16.80
"5483","中美晶",54.83,182.30,161.84,136.22,153.71,7.26,50.27,5.26,69.39,1.48,0.56,11.67,25.87,277.00,20.70,10.82,44.79,159.60,8.90
"5487","通泰",19.20,572.91,704.07,594.90,15229.43,5.43,67.21,4.11,88.80,4.54,0.70,5.90,7.19,23.99,8.45,1.67,40.28,50.08,1.52
"5488","松普",34.32,540.65,331.14,275.46,-3.20,3.26,111.96,3.59,101.67,5.63,0.82,-1.89,-3.46,-2.95,-2.80,-0.32,9.05,161.53,-1.70
"5489","彩富",20.99,327.41,364.23,290.19,-392.79,3.95,92.40,2.10,173.80,1.78,0.40,-0.81,-1.31,-3.03,-2.43,-0.29,-4.15,92.17,-7.60
"5490","同亨",24.51,2256.91,451.74,396.55,49609.06,3.11,117.36,3.07,118.89,21.11,0.74,9.26,12.24,28.38,12.13,2.19,95.72,93.61,15.74
"5493","三聯",38.90,265.66,154.58,101.29,5642.52,4.11,88.80,4.76,76.68,2.87,0.76,7.32,11.67,77.45,9.44,2.85,27.18,77.68,5.92
"5498","凱崴",42.44,252.70,207.05,162.42,750.96,1.84,198.36,2.45,148.97,1.29,0.38,3.14,4.71,6.92,7.04,0.52,6.51,60.26,1.54
"6101","寬魚國際",3.96,296.25,1573.84,1476.89,-8804.69,17.82,20.48,"*****","*****",0.20,0.04,-8.59,-9.08,-9.83,-186.17,-0.98,-47.09,55.97,-1.93
"6103","合邦",35.69,924.25,321.83,291.27,0.00,7.27,50.20,2.10,173.80,0.79,0.03,-36.35,-116.60,-17.83,-1145.46,-1.77,411.24,26.34,102.27
"6104","創惟",40.12,167.83,149.61,93.47,103.18,9.98,36.57,3.47,105.18,2.78,1.07,13.80,22.03,39.97,12.84,3.69,26.32,66.69,4.06
"6109","亞元",50.31,784.10,182.19,133.20,-3.29,2.96,123.31,3.44,106.10,12.07,0.87,-0.65,-1.42,-1.48,-0.91,-0.15,2.91,100.82,1.66
"6111","大宇資",28.28,11995.68,203.89,184.91,35.27,3.55,102.81,0.43,848.83,26.45,0.44,4.77,6.73,21.90,14.87,0.91,40.71,-1.46,11.62
"6113","亞矽",51.11,19157.65,181.75,135.48,-2.42,6.93,52.66,9.93,36.75,565.95,1.68,-1.21,-2.91,-2.38,-0.90,-0.27,-51.54,-72.55,-34.63
"6114","久威",43.71,302.91,207.19,190.75,7.09,3.31,110.27,13.93,26.20,3.79,0.85,1.38,1.86,11.84,1.26,0.53,9.02,116.27,1.28
"6118","建達",62.06,695.71,149.95,80.68,8.24,6.75,54.07,9.46,38.58,59.06,3.28,1.61,3.73,4.29,0.42,0.40,6.98,66.07,10.64
"6121","新普",57.58,368.61,152.51,106.52,563.85,5.69,64.14,5.37,67.97,11.65,1.49,9.20,20.52,396.52,6.18,27.30,24.16,73.40,17.57
"6122","擎邦",44.84,796.04,200.12,107.80,17.28,21.72,16.80,0.31,1177.41,12.66,0.89,0.85,1.40,4.72,0.87,0.23,28.72,14.60,18.22
"6123","上奇",52.23,892.27,161.92,146.22,52.16,6.16,59.25,16.93,21.55,29.05,1.94,11.37,23.31,60.34,5.74,4.25,25.54,166.89,14.15
"6124","業強",28.14,191.66,202.91,170.90,28.00,3.07,118.89,6.32,57.75,1.54,0.59,6.82,9.02,20.60,10.24,1.50,44.37,37.05,14.55
"6125","廣運",48.28,202.18,151.68,84.37,-0.34,6.26,58.30,1.60,228.12,1.30,0.42,-0.37,-1.79,-4.14,-2.32,-0.39,24.71,26.61,3.43
"6126","信音",51.26,235.25,181.29,141.23,66.88,2.84,128.52,4.92,74.18,3.75,1.01,6.98,17.00,34.80,6.80,2.02,16.65,123.55,3.92
"6127","九豪",64.96,164.24,117.73,94.24,0.34,2.36,154.66,2.45,148.97,0.57,0.29,-1.24,-8.89,-4.94,-11.74,-0.95,7.91,55.95,1.68
"6129","普誠",15.91,427.96,514.25,423.05,-1079.25,4.82,75.72,2.88,126.73,2.43,0.48,-2.37,-3.08,-2.99,-5.29,-0.42,61.31,59.96,9.58
"6130","上亞科技",64.59,941.66,30.72,24.53,-0.79,9.37,38.95,5.27,69.25,1.55,0.15,-1.05,-4.53,-5.74,-12.50,-0.92,4.11,-9.04,2.01
"6134","萬旭",51.57,374.09,163.51,117.07,3.48,2.88,126.73,3.36,108.63,5.93,0.95,1.84,2.94,2.46,1.57,0.32,9.10,62.84,4.12
"6138","茂達",30.17,542.96,309.13,233.21,228.74,4.97,73.44,3.80,96.05,11.43,1.37,14.98,21.83,94.62,10.86,6.43,105.85,97.34,25.65
"6140","訊達電腦",65.64,16317.23,147.95,116.47,23.76,4.37,83.52,14.07,25.94,743.50,2.31,4.78,12.72,17.44,1.98,1.44,0.00,86.06,0.00
"6143","振曜",56.07,535.67,156.32,125.42,28.01,3.88,94.07,5.33,68.48,11.43,1.01,5.04,11.20,38.37,4.81,2.97,"NA",87.47,"NA"
"6144","得利影",17.29,755.47,599.01,469.31,15.85,7.47,48.86,1.87,195.18,3.97,0.52,0.54,0.63,0.68,0.99,0.06,67.48,77.16,9.59
"6146","耕興",23.39,179.89,266.59,254.00,224.23,3.10,117.74,6.23,58.58,1.60,0.70,15.64,19.92,106.04,22.28,8.03,120.44,95.67,10.79
"6147","頎邦",25.95,219.11,151.66,131.29,99.30,5.07,71.99,12.81,28.49,1.33,0.53,8.85,11.86,66.26,16.43,5.61,90.82,99.27,6.31
"6148","驊宏資",47.49,30993.22,201.82,173.11,37.50,10.19,35.81,3.76,97.07,413.23,0.75,5.20,9.77,13.10,6.75,1.11,52.03,458.04,21.54
"6150","撼訊",57.16,618.93,152.93,100.63,5.77,8.25,44.24,6.99,52.21,27.62,2.17,2.14,4.88,10.58,0.77,0.77,22.54,24.26,25.07
"6151","晉倫",40.72,191.16,167.52,117.33,78.92,3.23,113.00,5.22,69.92,3.03,1.09,7.83,12.44,26.25,7.10,2.11,4.13,78.72,0.00
"6154","順發",38.81,467.22,239.45,116.97,13.99,77.69,4.69,5.30,68.86,13.45,2.09,2.47,3.72,6.99,1.10,0.56,49.76,130.10,18.04
"6156","松上",57.00,274.86,162.59,144.49,10.56,2.73,133.69,8.11,45.00,5.46,1.06,3.94,8.31,19.51,2.70,1.32,18.81,141.87,12.70
"6158","禾昌",61.65,144.72,111.91,84.27,22.94,3.07,118.89,5.49,66.48,2.83,0.93,6.49,15.96,27.19,6.69,2.61,11.29,56.79,4.02
"6160","欣技",33.37,601.56,264.15,122.45,-2432.07,4.64,78.66,1.57,232.48,7.53,0.90,-5.20,-7.93,-12.29,-6.02,-0.90,-9.19,89.41,-2.97
"6161","捷波",22.98,294.82,305.39,207.08,240.05,14.81,24.64,2.62,139.31,3.35,0.84,7.47,9.63,20.13,8.84,1.57,74.89,152.05,12.84
"6163","華電網",60.95,864.03,146.58,82.62,156.61,3.14,116.24,2.59,140.92,19.73,0.99,0.30,0.14,0.62,0.06,0.02,7.44,14.84,6.93
"6167","久正",23.19,261.99,384.61,294.38,1739.04,5.86,62.28,4.79,76.20,2.35,0.78,2.23,2.81,2.86,2.72,0.25,119.60,13040.89,10.90
"6169","昱泉",29.99,14674.66,111.88,109.24,-23.60,4.04,90.34,"NA","NA",58.64,0.34,-7.76,-14.35,-11.52,-23.81,-1.19,31.00,-1591.86,77.48
"6170","統振",50.24,316.86,150.14,110.39,13.43,7.21,50.62,4.74,77.00,6.96,1.15,6.21,12.11,20.98,5.06,1.63,0.00,25.76,-0.76
"6171","大城地產",62.06,531233.00,160.00,31.00,15.53,1909.94,0.19,0.36,1013.88,5101.13,0.36,8.14,19.86,36.80,18.98,3.08,19.00,-8.00,30.00
"6173","信昌電",34.13,318.14,228.30,187.74,124.84,5.56,65.64,7.11,51.33,2.76,0.73,11.13,16.35,57.88,15.13,4.59,88.99,120.58,13.33
"6174","安碁",13.29,377.34,568.96,392.27,6.36,3.72,98.11,2.34,155.98,2.37,0.63,0.22,0.22,0.26,0.30,0.03,53.42,"NA",2.18
"6175","立敦",42.71,150.54,165.69,114.29,933.02,3.80,96.05,4.17,87.52,1.46,0.71,8.34,13.26,29.83,10.55,2.02,32.14,67.49,8.98
"6179","亞通",65.10,672.00,182.57,86.78,10.42,3.33,109.60,"NA","NA",11.31,0.91,5.36,12.78,30.56,5.33,2.36,0.00,0.00,0.00
"6180","橘子",40.77,201.21,122.43,107.10,8827.55,9.84,37.09,52.44,6.96,3.66,1.13,8.53,14.48,60.72,7.49,5.00,65.20,185.70,49.78
"6182","合晶",44.44,141.83,176.75,123.60,5.95,3.99,91.47,2.13,171.36,0.64,0.32,3.68,5.31,18.23,9.31,1.02,35.57,62.86,2.88
"6185","幃翔",18.36,266.42,973.54,865.34,"NA",2.74,133.21,5.70,64.03,0.71,0.24,-3.01,-3.86,-6.19,-12.57,-0.60,44.94,95.26,0.02
"6186","新潤",83.31,47959.29,134.49,10.44,63.06,10.25,35.60,0.20,1825.00,250.78,0.23,3.07,17.32,37.20,13.35,3.45,-59.49,-74.00,-179.56
"6187","萬潤",29.13,392.25,254.62,199.66,619.78,3.17,115.14,2.15,169.76,3.39,0.62,10.18,13.74,35.50,16.39,3.01,46.57,141.01,11.66
"6188","廣明",37.52,615.61,247.46,214.70,51.15,4.62,79.00,5.32,68.60,8.23,0.87,0.88,1.37,5.62,1.09,0.41,15.06,82.38,0.61
"6190","萬泰科",58.63,275.18,130.62,75.08,9.00,3.90,93.58,3.49,104.58,5.61,1.08,4.52,8.90,16.75,3.69,1.03,6.55,58.47,1.17
"6194","育富",18.26,569.07,491.15,428.10,1344.55,2.99,122.07,8.90,41.01,4.22,0.70,6.64,7.98,34.04,9.52,2.40,66.62,23.63,5.19
"6195","詩肯",59.99,226.55,110.22,64.78,13.22,26.40,13.82,1.93,189.11,2.59,0.76,8.70,20.71,62.69,10.60,4.88,78.80,239.54,27.65
"6198","瑞築",13.74,30520.60,550.64,466.04,-127.82,125.40,2.91,1.45,251.72,108.30,0.40,-11.04,-13.15,-12.03,-28.70,-1.20,-43.77,-1154.46,-5.82
"6199","天品",9.81,11394.99,1073.27,644.55,24011.67,1.51,241.72,0.04,9125.00,6.87,0.05,3.57,3.93,4.65,66.63,0.46,-29.54,89.36,-5.02
"6203","海韻電",46.78,1087.87,201.49,137.62,269.44,6.38,57.21,3.07,118.89,19.23,1.17,18.47,31.55,96.46,15.70,7.64,41.14,106.05,22.02
"6204","艾華",21.44,546.10,590.17,538.56,185.46,6.38,57.21,6.25,58.40,2.81,0.49,3.42,4.28,17.01,7.00,1.41,64.47,150.85,2.96
"6207","雷科",59.49,273.67,129.32,110.21,7.65,2.57,142.02,2.78,131.29,1.72,0.33,3.92,8.28,16.56,10.42,6.00,8.98,102.80,3.99
"6208","日揚",47.08,223.06,140.13,76.07,28.55,5.00,73.00,1.64,222.56,1.95,0.62,8.65,13.76,32.73,13.44,2.80,19.01,50.70,3.13
"6210","慶生",21.55,233.99,404.25,369.22,1133.19,3.13,116.61,6.55,55.72,1.99,0.65,9.95,13.06,40.06,15.25,3.24,93.12,79.21,4.36
"6212","理銘",73.68,"*****",135.13,24.23,5.82,28764.23,0.01,0.39,935.89,"*****",0.41,4.43,15.08,42.83,10.54,3.42,-11.04,-31.90,-31.10
"6217","中探針",41.86,429.87,210.76,160.68,34.51,2.61,139.84,3.41,107.03,6.05,0.92,2.95,4.83,13.17,3.10,1.48,13.50,0.59,2.92
"6218","豪勉",24.43,365.75,287.43,195.00,205.13,6.45,56.58,1.37,266.42,2.91,0.59,3.58,4.90,8.58,6.09,0.79,26.01,86.29,-0.66
"6219","富旺",78.24,18000.12,144.74,54.84,7.88,61.33,5.95,0.48,760.41,146.68,0.36,4.64,18.23,24.83,11.36,2.35,10.01,168.09,17.32
"6220","岳豐",70.87,315.55,138.10,68.59,5.23,5.00,73.00,3.16,115.50,8.67,1.29,4.36,12.15,32.32,2.67,2.40,-2.75,79.86,-5.20
"6221","晉泰",57.97,425.52,171.49,99.55,4303.44,7.83,46.61,3.47,105.18,11.99,1.50,8.32,20.92,58.29,5.38,4.29,1.33,56.15,-2.49
"6222","立軒",30.84,661.03,205.45,184.40,884.45,3.62,100.82,37.81,9.65,10.68,1.29,1.92,2.64,2.57,1.28,0.18,-25.08,233.40,-12.02
"6223","旺矽",37.07,202.88,211.53,106.59,52.79,4.77,76.51,1.41,258.86,1.93,0.69,8.48,14.24,91.74,12.05,8.41,45.80,74.74,10.98
"6227","茂綸",69.80,11456.56,144.28,94.70,2073.46,3.65,100.00,5.42,67.34,830.88,2.03,4.14,11.81,32.79,1.94,2.61,-5.70,66.48,-17.01
"6228","全譜",50.77,116.59,101.22,69.51,-10.24,10.07,36.24,1.38,264.49,0.38,0.23,-6.60,-14.50,-7.58,-30.68,-0.85,1.88,7.66,0.66
"6229","研通",48.02,2149.91,150.71,128.28,28.55,10.95,33.33,16.86,21.64,71.58,1.99,5.55,9.87,14.33,2.70,1.32,18.62,124.36,10.91
"6231","系微",34.06,4057.64,307.26,292.89,70.74,13.24,27.56,"*****","*****",57.70,1.01,13.93,21.21,52.36,13.63,4.05,73.93,240.75,20.47
"6233","旺玖",12.02,970.28,745.57,667.47,1441.58,6.13,59.54,2.43,150.20,3.80,0.36,0.91,0.98,1.11,2.36,0.11,22.59,68.45,1.84
"6234","高僑",38.93,310.30,196.57,154.38,17.41,3.83,95.30,1.57,232.48,1.45,0.29,3.09,4.47,14.27,9.28,1.10,9.72,136.35,3.57
"6236","中湛",12.47,3289.41,627.62,449.97,-12497.67,4.25,85.88,1.64,222.56,26.08,0.49,-11.98,-13.82,-3.42,-24.77,-0.34,-121.87,-328.95,-16.44
"6237","驊訊",9.95,647.60,513.10,458.83,3030.67,11.42,31.96,5.49,66.48,3.17,0.48,11.13,12.24,23.98,23.15,2.44,110.43,28.10,8.64
"6240","松崗",67.98,25821.23,56.10,56.09,66.98,0.90,405.55,208.33,1.75,7.12,0.01,-0.01,0.25,0.17,5.88,0.04,-0.60,689.16,1.44
"6241","易通展",28.82,3776.04,387.30,355.66,5483.19,48.15,7.58,5.79,63.03,51.16,1.14,5.52,7.89,5.40,4.76,0.54,50.30,12.85,14.49
"6242","立康",21.16,148.93,283.15,245.92,160.24,73.96,4.93,5.06,72.13,1.21,0.72,10.97,13.97,39.16,15.17,3.12,88.07,178.89,5.74
"6244","茂迪",57.44,198.93,248.87,202.07,2.56,4.77,76.51,5.84,62.50,1.30,0.43,2.08,3.53,3.53,3.04,0.31,-40.88,99.47,-6.96
"6245","立端",50.68,389.31,236.04,162.92,119.41,6.70,54.47,2.91,125.42,5.88,1.12,9.61,18.04,70.15,8.52,5.05,18.90,104.92,1.96
"6246","臺龍",73.92,288.33,125.54,96.79,3.11,3.07,118.89,7.18,50.83,11.22,1.44,2.18,4.20,7.78,0.89,0.43,-4.06,42.70,-4.74
"6248","沛波",71.11,278.50,154.04,130.75,802.12,4.82,75.72,22.22,16.42,20.78,2.36,4.65,13.04,22.03,1.71,1.74,2.11,-25.56,-6.99
"6259","百徽",25.98,7505.40,386.52,353.70,38.09,2.30,158.69,1.18,309.32,48.13,0.67,3.02,3.90,5.33,4.38,0.53,-15.98,2267.04,-4.39
"6261","久元",21.54,268.17,285.13,237.09,74.77,3.28,111.28,4.50,81.11,1.66,0.47,7.01,8.57,52.22,14.86,4.12,34.47,123.03,1.34
"6263","普萊德",19.67,18047.32,548.98,480.18,593.67,14.45,25.25,3.50,104.28,161.89,0.74,16.35,20.18,52.53,22.03,4.33,108.77,113.61,2.39
"6264","富裔",64.77,205.93,159.97,72.22,-1.25,7.10,51.40,0.49,744.89,0.26,0.09,-1.72,-7.04,-5.74,26.61,-0.59,-41.15,21.07,-20.15
"6265","方方土昶",15.06,1320.07,545.64,453.19,51.32,3.61,101.10,6.15,59.34,10.27,0.70,-1.97,-2.23,-2.47,-2.83,-0.25,-18.96,260.61,-3.80
"6266","泰詠",30.10,316.50,239.56,146.28,7510.89,6.34,57.57,2.81,129.89,4.23,0.95,6.38,9.29,19.80,6.61,1.48,36.06,50.52,5.12
"6270","倍微",25.66,2039.63,284.18,226.97,166.08,4.98,73.29,12.36,29.53,48.63,1.81,4.80,6.42,15.47,2.49,1.28,-8.05,-14.41,-5.23
"6274","台燿",43.10,358.80,312.00,262.82,64.56,2.99,122.07,5.89,61.96,5.03,0.97,9.65,16.81,84.74,9.84,6.67,44.71,87.30,4.60
"6275","元山",59.80,231.67,159.52,95.64,1365.86,4.34,84.10,3.64,100.27,5.12,1.30,5.89,13.83,25.45,4.18,2.01,31.81,79.43,18.28
"6276","安鈦克",52.25,2901.70,185.60,149.55,83.39,7.48,48.79,9.33,39.12,99.24,2.19,13.98,28.51,36.63,6.32,3.54,32.46,218.23,29.19
"6279","胡連",34.33,145.13,164.73,126.85,46.57,2.01,181.59,2.51,145.41,1.18,0.53,8.24,12.50,68.22,15.28,5.59,27.36,83.10,5.09
"6284","佳邦",31.72,285.24,276.72,235.54,82.20,2.92,125.00,5.78,63.14,2.74,0.75,5.24,7.35,34.56,6.89,2.59,19.16,85.57,2.92
"6287","元隆",93.99,50.20,71.56,40.18,-3.16,3.79,96.30,3.43,106.41,3.42,0.89,-8.63,-94.49,-3.20,-11.99,-0.34,-7.46,-103.60,-2.27
"6290","良維",31.16,518.71,226.65,148.50,82.47,3.28,111.28,3.37,108.30,7.94,0.98,10.52,15.52,59.33,10.57,4.71,47.21,84.17,6.85
"6291","沛亨",17.23,15798.85,523.71,411.54,1975600.00,9.09,40.15,3.61,101.10,182.83,1.14,12.05,15.77,7.32,11.00,0.74,57.77,-288.31,11.79
"6292","迅德",41.12,698.57,231.00,209.47,50.05,4.76,76.68,5.58,65.41,7.50,0.63,9.07,15.01,37.07,14.26,3.10,-7.67,127.88,-18.50
"6294","智基",55.83,2726.11,166.55,164.10,8956.79,96.98,3.76,0.63,579.36,31.62,0.67,18.95,43.22,141.54,28.16,11.32,61.91,179.69,24.99
"5508","永信建",57.11,35847.92,214.18,6.33,9.56,65.14,5.60,0.20,1825.00,187.43,0.30,7.74,17.63,38.71,26.18,3.71,-8.67,-23.36,-14.07
"5511","德昌",55.38,1633.24,173.45,155.29,112.72,21.18,17.23,0.37,986.48,20.93,0.58,5.22,11.27,51.85,8.84,4.20,9.49,69.75,3.65
"5512","力麒",59.11,394.34,153.17,48.68,2.52,5.82,62.71,0.34,1073.52,1.04,0.15,0.79,0.69,5.39,1.90,0.14,3.17,47.11,-0.33
"5514","三豐",17.68,805.88,359.50,88.71,5477.00,0.00,"*****",0.27,1351.85,1.96,0.20,6.25,7.62,12.99,30.69,1.10,-10.38,-12.07,-5.18
"5516","雙喜",67.47,341.11,134.44,86.27,876.58,11.36,32.13,0.56,651.78,8.33,0.90,7.34,20.42,30.29,7.41,2.99,0.00,49.80,0.00
"5520","力泰",26.60,246.04,247.05,220.86,103998.86,3.40,107.35,14.85,24.57,3.09,1.03,11.73,15.59,63.41,11.31,4.69,44.46,116.21,7.69
"5523","豐謙",67.79,170292.14,205.55,17.31,5.93,114.96,3.17,0.12,3041.66,355.52,0.14,1.19,2.80,2.98,7.66,0.33,2.80,0.00,0.89
"5529","鉅陞",51.24,452.99,327.69,81.51,-10.17,14.03,26.01,0.32,1140.62,1.27,0.23,-10.05,-22.10,-14.94,-47.02,-1.51,28.78,-310.96,6.47
"5530","龍巖",67.93,335.04,94.34,24.63,62.96,0.41,890.24,0.08,4562.50,0.60,0.06,2.17,6.81,41.26,37.66,2.96,9.10,136.28,14.94
"5536","聖暉*",58.33,1683.11,189.80,137.22,23734.33,3.36,108.63,0.63,579.36,30.04,1.03,8.88,20.23,312.64,8.57,17.90,9.20,75.64,-1.83
"5543","桓鼎-KY",58.13,304.87,127.04,101.41,511.02,3.85,94.80,4.90,74.48,4.08,0.70,2.33,3.55,10.39,2.64,80.00,-14.69,32.79,-15.31
"5601","台聯櫃",25.98,785.00,545.02,544.62,221.95,18.68,19.53,1.00,365.00,0.33,0.04,1.03,1.39,3.82,24.75,0.29,156.85,99.17,2.63
"5603","陸海",44.47,130.86,126.45,98.64,15.21,4.53,80.57,1.67,218.56,1.30,0.75,5.80,10.19,17.69,7.31,1.42,20.96,88.56,5.46
"5604","中連",19.10,143.69,908.45,908.43,1370.00,524.41,0.69,"NA","NA",0.05,0.04,27.05,33.50,89.89,764.10,8.80,69.95,-26.57,-12.50
"5609","中菲行",56.99,512.50,150.36,150.36,68.03,10.08,36.21,"NA","NA",39.23,3.86,18.75,42.54,98.87,4.80,8.62,55.17,200.05,59.73
"5701","劍湖山",79.05,66.10,8.81,7.31,-1.15,34.26,10.65,21.90,16.66,0.20,0.15,-2.86,-19.95,-5.38,-29.77,-0.54,1.56,"NA",0.38
"5703","亞都麗緻",52.73,90.43,97.07,90.04,-22.68,15.59,23.41,29.13,12.53,0.43,0.20,-9.01,-22.87,-25.98,-47.84,-2.36,-15.28,69.63,-0.31
"5704","老爺知",24.67,154.35,195.59,186.10,2229.70,25.59,14.26,82.89,4.40,1.25,0.61,14.68,18.87,28.67,21.72,2.41,99.11,125.88,8.69
"5864","致和證",38.53,568.92,205.71,205.60,"NA","NA","NA","NA","NA","NA","NA",8.20,12.49,20.65,64.27,1.86,"NA","NA","NA"
"5878","台名",30.99,1176.65,219.94,218.74,"NA",7.24,50.41,"NA","NA",17.57,1.14,10.79,15.95,43.55,9.50,3.47,60.49,112.11,11.97
"5902","德記",23.29,14022.28,239.30,210.60,309.91,8.41,43.40,15.22,23.98,224.52,1.30,11.39,15.06,15.99,8.75,1.37,60.83,3080.80,19.66
"5903","全家",88.63,242.57,62.52,43.47,13.66,"NA","NA",9.83,37.13,6.96,1.44,4.07,33.74,122.95,2.63,9.54,35.18,148.21,60.90
"5904","寶雅",79.17,178.85,113.14,44.94,20.76,"NA","NA",2.64,138.25,5.54,0.82,10.35,45.78,266.80,12.03,21.60,62.49,98.17,11.06
"5905","南仁湖",38.59,239.19,122.24,88.57,752.29,20.47,17.83,0.91,401.09,1.08,0.29,1.62,2.11,3.12,5.00,0.26,2.25,169.59,-0.12
"6015","宏遠證",75.33,10553.80,124.01,123.34,"NA","NA","NA","NA","NA","NA","NA",2.92,10.29,12.61,31.18,1.24,0.13,"NA","NA"
"6016","康和證",76.78,"NA",112.70,"NA","NA","NA","NA","NA","NA",3.24,0.11,3.56,14.00,19.21,32.64,1.83,"NA","NA","NA"
"6020","大展證",40.41,2167.95,219.02,218.97,"NA","NA","NA","NA","NA",2.21,0.07,3.99,6.37,11.17,57.73,1.03,"NA","NA","NA"
"6021","美好證",63.63,"NA",157.70,"NA","NA","NA","NA","NA","NA",1.30,0.05,1.01,2.20,3.44,14.46,0.34,"NA","NA","NA"
"6023","元大期貨",87.77,1957.90,110.32,110.31,"NA","NA","NA","NA","NA","NA","NA",1.25,10.33,45.71,27.60,4.23,0.44,116.70,-3.49
"6026","福邦證",51.26,16784.88,173.62,173.55,"NA","NA","NA","NA","NA","NA","NA",4.46,8.08,12.40,41.47,1.05,0.00,124.03,0.00
"6411","晶焱",19.60,349.64,367.59,312.49,399.61,4.60,79.34,5.18,70.46,4.11,0.79,12.67,16.15,67.38,15.93,6.46,55.55,122.78,2.80
"6417","韋僑",36.74,203.01,299.39,217.70,4140.62,6.94,52.59,3.79,96.30,1.98,0.76,7.42,11.87,33.25,9.66,2.69,84.69,76.30,12.59
"6418","詠昇",32.19,553.43,289.97,237.15,1055.00,4.04,90.34,6.45,56.58,8.34,1.03,0.90,1.20,2.37,0.78,0.17,16.54,117.06,2.71
"6419","京晨科",52.10,535.83,167.18,146.82,-81.90,16.41,22.24,3.81,95.80,5.68,0.62,-18.46,-32.49,-56.33,-30.08,-5.64,7.15,-6.14,4.83
"6425","易發",58.45,241.56,130.72,97.58,-1.79,2.27,160.79,2.42,150.82,2.79,0.59,-1.26,-3.97,-10.74,-3.11,-1.00,11.58,51.17,9.44
"6432","今展科",34.07,701.97,292.73,243.42,37.03,3.14,116.24,5.55,65.76,9.79,1.04,7.34,11.97,34.35,6.83,2.91,24.15,125.08,5.17
"6435","大中",32.00,497.38,254.47,167.45,33267.00,5.87,62.18,3.70,98.64,20.20,1.78,16.07,24.97,79.65,8.98,7.02,121.39,64.74,38.37
"6441","廣錠",60.42,297.98,336.98,251.92,-445.94,5.24,69.65,3.84,95.05,1.88,0.61,-1.62,-4.70,-13.97,-3.27,-1.24,-26.30,-6.96,-6.81
"6461","益得",49.31,113.27,265.19,205.37,-13.89,4.99,73.14,0.17,2147.05,0.01,0.01,-9.07,-17.28,-24.86,-1186.25,-2.50,0.00,0.00,0.00
"6462","神盾",29.52,5584.74,287.77,227.58,34.34,19.24,18.97,6.16,59.25,74.73,1.02,10.66,16.83,105.29,10.16,9.14,69.34,167.44,-0.33
"6465","威潤",53.34,231.33,601.23,528.50,-1853.92,17.57,20.77,3.36,108.63,1.12,0.40,-15.00,-31.74,-28.48,-39.07,-2.96,74.37,13.38,7.28
"6469","大樹",74.71,121.80,126.92,57.76,7.41,26.14,13.96,4.91,74.33,3.00,1.62,4.10,14.05,45.63,2.23,3.73,33.65,59.53,18.05
"6470","宇智",56.86,1369.98,178.71,165.14,5453.74,3.24,112.65,16.74,21.80,32.07,1.37,10.01,22.36,61.13,7.15,4.80,41.74,141.75,33.95
"6482","弘煜科",23.76,396.99,599.79,587.22,-198.34,2.61,139.84,"NA","NA",0.83,0.17,-17.26,-22.62,-32.20,-104.21,-3.39,-117.39,-16.17,-16.37
"6485","點序",21.94,1112.82,411.42,287.44,13.00,3.77,96.81,1.32,276.51,2.66,0.72,2.68,3.33,9.21,3.44,0.82,34.73,96.87,9.53
"6486","互動",61.04,246.22,133.14,98.91,29.89,3.97,91.93,2.00,182.50,5.03,0.66,8.56,20.87,76.89,12.60,6.33,12.12,83.40,-0.67
"6488","環球晶",53.45,176.55,169.06,142.50,226.58,6.84,53.36,4.65,78.49,1.54,0.58,13.75,29.37,379.99,23.67,30.11,49.65,154.48,3.26
"6492","生華科",2.88,23586.63,3889.84,3866.41,-1367.27,37.39,9.76,"NA","NA",0.07,0.01,-21.79,-22.50,-39.53,-57516.69,-4.49,-445.05,-21336.07,-11.56
"6494","九齊",26.73,1222.53,368.65,309.11,406.85,7.30,50.00,4.60,79.34,19.31,1.26,13.39,17.81,50.99,10.62,3.94,84.53,91.97,11.74
"6496","科懋",32.48,1233.38,652.67,541.49,22.40,4.80,76.04,3.27,111.62,10.78,0.85,1.84,2.75,9.70,2.45,0.76,209.45,135.00,27.69
"6499","益安",20.12,1615.14,1224.60,1192.60,"NA",5.51,66.24,7.55,48.34,3.39,0.20,-5.73,-6.93,-17.09,-25.93,-2.91,"NA",103.20,"NA"
"6506","雙邦",46.17,130.54,157.40,98.45,6.82,4.42,82.57,4.30,84.88,1.33,0.67,2.79,4.62,7.85,3.66,0.71,53.06,82.87,6.56
"6508","惠光",28.99,334.39,280.13,172.29,82.50,4.73,77.16,1.51,241.72,2.54,0.59,6.15,8.42,29.69,10.30,2.22,41.78,138.97,5.73
"6509","聚和",50.02,137.89,122.77,74.83,18.22,3.39,107.66,2.66,137.21,1.38,0.62,5.22,10.80,21.81,7.92,1.63,26.75,83.14,7.30
"6510","精測",13.33,181.30,384.33,346.94,92271.13,4.93,74.03,4.73,77.16,1.08,0.53,11.77,13.84,356.44,22.19,28.48,138.25,78.31,14.05
"6512","啟發電",9.54,500.07,870.94,730.27,-1416.54,4.40,82.95,2.33,156.65,2.62,47.02,-3.71,-4.15,-7.37,-7.89,-0.73,0.46,56.50,0.04
"6516","勤崴國際",14.23,3632.24,823.23,818.80,994.42,3.51,103.98,7254.63,0.05,8.31,0.25,0.56,0.55,2.24,1.97,0.14,96.56,250.12,10.57
"6517","保勝光學",36.16,539.91,347.45,227.05,53.72,6.57,55.55,3.41,107.03,7.13,1.17,9.71,16.02,14.38,8.16,1.30,81.24,84.14,12.19
"6523","達爾膚",11.76,12407.46,884.32,837.94,785.45,5.45,66.97,2.33,156.65,41.63,0.35,30.66,34.06,176.05,86.46,14.68,125.22,115.73,6.61
"6527","明達醫",23.88,1604.84,416.01,321.35,47.85,5.71,63.92,2.14,170.56,14.81,0.56,6.46,8.23,25.94,11.23,2.34,47.98,110.66,3.27
"6530","創威",11.28,7807.83,908.52,834.56,25235.00,4.89,74.64,3.99,91.47,43.49,0.50,5.15,5.72,9.61,10.33,0.76,101.53,235.02,5.22
"6532","瑞耘",18.02,245.56,520.32,423.44,2572.49,6.87,53.12,2.21,165.15,2.35,0.65,12.05,15.20,35.95,18.17,3.06,111.37,71.76,7.47
"6535","順藥",11.30,61561.03,706.85,684.69,"NA",0.14,2607.14,0.30,1216.66,5.60,0.01,-20.75,-24.54,-21.89,-1489.83,-2.67,"NA","NA","NA"
"6538","倉和",28.00,699.00,469.00,436.00,85.29,2.12,172.16,6.35,57.48,6.10,0.86,19.23,26.81,159.65,22.14,11.52,131.12,150.04,21.81
"6542","隆中",24.65,13906.37,318.94,309.58,64.06,7.49,48.73,145.95,2.50,148.08,0.82,6.55,9.11,17.00,8.02,1.20,67.14,119.92,21.30
"6546","正基",38.24,4957.47,235.88,162.21,462.01,6.59,55.38,5.26,69.39,97.34,1.39,14.94,24.66,58.66,10.75,4.76,44.67,152.49,18.49
"6547","高端疫苗",10.01,287.09,1248.44,1157.51,-40.07,5.16,70.73,0.09,4055.55,0.01,0.00,-22.93,-29.91,-31.94,-5859.73,-3.61,"NA","NA","NA"
"6548","長科*",55.39,397.36,230.55,147.25,25.03,4.70,77.65,5.76,63.36,4.33,0.85,7.24,15.12,265.38,8.16,2.19,30.70,107.37,3.22
"6556","勝品",44.97,159.66,151.25,112.81,16.17,4.11,88.80,4.08,89.46,2.03,0.81,3.42,5.94,27.33,3.98,2.23,35.84,50.82,12.66
"6560","欣普羅",35.35,12457.53,310.24,254.81,2106.64,5.04,72.42,7.53,48.47,166.65,1.43,21.07,29.89,77.04,14.77,6.22,2.57,47.11,-6.88
"6561","是方",37.09,1452.67,541.73,537.86,36.14,11.60,31.46,1.62,225.30,8.46,0.54,13.34,20.84,108.18,23.79,8.67,152.93,138.06,6.66
"6568","宏觀",15.48,638.15,534.04,480.25,778.53,10.10,36.13,3.88,94.07,4.70,0.62,10.78,12.84,82.85,17.12,7.43,67.57,131.06,1.66
"6569","醫揚",24.43,5450.22,273.40,203.26,426.66,7.79,46.85,4.25,85.88,60.94,0.97,11.93,15.91,73.65,12.24,6.07,68.45,140.57,9.63
"6570","維田",53.57,162.30,255.20,174.85,14.37,7.07,51.62,2.73,133.69,1.68,0.69,4.12,7.07,12.09,5.64,1.14,36.00,36.27,2.66
"6574","霈方",24.34,1952.12,404.22,347.82,54.72,6.44,56.67,2.29,159.38,22.12,1.01,5.12,6.64,26.48,4.95,1.91,64.78,120.29,14.15
"6576","逸達",12.88,2089.09,1386.79,1341.52,"NA","NA","NA","NA","NA",2.31,0.15,-32.91,-37.48,-41.29,-221.63,-5.04,-554.98,-595.26,-36.92
"6577","勁豐",26.78,2368.46,386.77,298.67,121.92,6.34,57.57,4.32,84.49,36.82,1.15,13.24,18.75,65.31,11.46,5.31,37.81,78.03,-5.22
"6578","達邦蛋白",33.74,141.50,170.35,116.69,5.49,14.80,24.66,10.21,35.74,1.09,0.61,0.94,1.03,3.86,1.19,0.24,4.95,30.43,-0.13
"6584","南俊國際",63.61,106.27,118.63,90.82,-0.12,4.51,80.93,10.04,36.35,0.60,0.45,0.21,-0.90,-4.72,-0.75,-0.21,11.83,46.65,1.17
"6588","東典光電",18.11,260.74,785.11,728.79,46.95,3.90,93.58,2.99,122.07,1.02,0.38,6.57,8.24,24.69,16.67,2.23,166.10,78.26,7.11
"6589","台康生技",50.31,172.42,232.70,195.19,"NA",7.92,46.08,1.98,184.34,0.57,0.30,-28.10,-55.40,-50.46,-97.19,-5.41,"NA","NA","NA"
"6590","普鴻",25.53,2787.01,329.78,299.58,131.11,2.37,154.00,0.60,608.33,23.81,0.69,13.70,18.60,53.24,19.63,4.09,46.75,75.08,4.83
"6593","台灣銘板",46.05,140.20,195.27,113.07,-0.66,8.73,41.80,4.15,87.95,1.04,0.64,-0.23,-0.98,-2.74,-0.87,-0.23,0.00,102.43,0.00
"6596","寬宏藝術",32.93,255.45,208.22,174.19,209.61,19.32,18.89,2.06,177.18,3.09,0.89,7.97,11.80,38.04,8.91,3.01,72.86,102.66,12.25
"6597","立誠",60.25,105.88,84.34,57.40,-6.19,3.13,116.61,4.54,80.39,1.96,0.82,-5.06,-13.91,-13.83,-7.28,-1.49,12.78,46.30,7.74
"6603","富強鑫",64.08,262.73,169.86,101.03,2.31,2.39,152.71,1.98,184.34,2.10,0.53,-0.24,-0.37,2.23,-0.26,0.08,11.35,76.60,5.80
"6609","瀧澤科",48.81,261.06,188.48,123.53,7.56,2.89,126.29,1.67,218.56,2.40,0.53,0.68,0.91,9.21,0.90,0.27,-0.29,64.67,-2.42
"6612","奈米醫材",17.17,698.28,667.13,562.52,76.58,4.58,79.69,1.40,260.71,2.96,0.44,4.56,5.45,21.87,10.18,1.55,112.70,81.48,7.87
"6613","朋億*",52.03,1957.56,203.00,159.84,27827.46,2.61,139.84,3.46,105.49,28.27,0.84,8.91,17.81,168.76,10.51,12.01,10.00,95.44,-4.40
"6615","慧智",26.44,931.64,312.23,258.34,19.96,8.04,45.39,7.38,49.45,7.02,0.66,4.85,6.40,17.53,6.99,1.63,55.26,60.26,1.41
"6616","特昇-KY",60.30,186.02,135.42,72.71,8.82,8.47,43.09,4.62,79.00,5.61,1.41,6.89,14.13,36.69,4.34,2.60,6.67,19.65,"NA"
"6624","萬年清",57.92,194.10,252.34,248.80,-5.14,4.56,80.04,0.29,1258.62,0.87,0.35,-1.82,-4.74,-10.63,-6.19,-0.86,-6.71,0.90,-8.20
"6629","泰金-KY",47.28,219.50,220.89,165.50,29.26,5.81,62.82,3.38,107.98,2.48,0.87,15.89,27.91,72.04,17.68,6.61,70.80,83.01,16.81
"6637","醫影",45.78,190.59,178.42,143.64,36.92,5.26,69.39,8.63,42.29,1.82,0.80,14.53,24.82,57.40,17.60,4.48,100.65,100.87,13.84
"6640","均華",51.09,330.09,186.29,129.26,9.75,2.65,137.73,1.83,199.45,340.05,0.50,2.85,4.76,20.67,5.07,1.57,12.43,89.54,0.57
"6642","富致",24.54,2033.94,404.67,340.18,299.53,3.67,99.45,2.56,142.57,14.00,0.59,11.63,14.93,30.71,18.52,2.57,84.30,317.96,8.97
"6643","M31",14.10,862.76,616.62,610.20,285310.61,4.44,82.20,"NA","NA",5.70,0.58,19.21,21.84,120.21,32.85,10.34,156.36,148.66,9.46
"6649","台生材",18.07,221.91,821.30,758.77,-52.34,3.64,100.27,0.59,618.64,0.10,0.03,-8.85,-11.15,-16.78,-306.31,-1.68,-154.82,-97.64,-8.09
"6651","全宇昕",48.50,2001.70,214.27,154.41,36.17,3.03,120.46,3.23,113.00,38.36,1.23,12.65,23.92,51.11,10.00,4.17,12.00,88.37,4.68
"6654","天正國際",33.54,775.18,314.34,253.95,28.53,1.50,243.33,1.81,201.65,4.05,0.39,5.21,8.25,24.79,12.82,1.98,3.66,83.82,-3.62
"6661","威健生技",29.85,1210.47,276.22,255.33,57.78,4.94,73.88,10.51,34.72,17.18,1.02,7.74,11.83,17.94,7.48,1.44,43.52,185.18,4.74
"6662","樂斯科",20.63,266.90,602.32,560.67,103.22,6.62,55.13,6.07,60.13,2.03,0.53,11.31,13.43,30.65,21.01,2.45,140.17,75.85,4.27
"6664","群翊",49.77,370.67,155.43,97.31,324.30,5.78,63.14,0.95,384.21,2.93,0.45,8.78,16.71,69.48,19.26,5.65,20.65,136.49,7.55
"6667","信紘科",47.08,198.28,269.66,108.39,12.44,6.40,57.03,0.78,467.94,1.78,0.72,4.43,8.48,22.33,5.65,2.04,27.40,21.77,2.42
"6679","鈺太",22.45,2893.34,431.06,278.88,927.61,5.01,72.85,2.65,137.73,38.17,1.31,21.41,26.61,93.17,16.26,7.57,69.46,53.60,11.08
"6680","鑫創電子",29.33,463.26,441.18,394.64,6464.86,14.46,25.24,6.25,58.40,4.16,0.76,7.74,10.38,25.97,9.98,2.16,55.84,96.97,2.25
"6683","雍智科技",26.92,465.26,287.71,182.78,3152.19,6.15,59.34,1.09,334.86,3.76,0.65,17.65,22.82,152.46,27.18,12.34,49.86,69.57,11.55
"6684","安格",24.67,1540.76,448.70,361.13,116.11,14.96,24.39,3.28,111.28,12.59,0.77,9.29,11.92,23.45,11.90,2.00,62.72,133.94,15.47
"6690","安碁資訊",33.55,3122.07,234.48,233.75,428.96,6.60,55.30,"NA","NA",46.89,0.91,9.32,13.74,60.86,10.23,4.93,115.20,144.24,47.11
"6692","進能服",47.44,1717.99,211.23,192.23,140.01,11.05,33.03,"NA","NA",31.76,1.16,13.11,24.69,64.62,11.25,5.10,15.53,142.57,3.48
"6693","廣閎科",55.64,261.69,172.66,95.01,14.61,6.71,54.39,3.88,94.07,6.73,1.08,3.90,7.30,7.20,3.40,0.72,23.10,-6.40,11.30
"6697","東捷資訊",43.73,3248.39,170.31,156.03,44.28,1.90,192.10,27.52,13.26,65.88,1.30,7.10,12.50,27.47,5.35,2.41,61.27,110.92,46.55
"6703","軒郁",17.44,8934.98,546.53,491.13,275.23,11.05,33.03,5.42,67.34,120.13,1.51,13.78,17.09,73.04,9.10,6.58,91.05,96.45,2.59
"6708","天擎",30.69,2961.50,385.74,322.70,18.54,8.27,44.13,2.26,161.50,22.02,0.60,3.67,4.86,6.51,5.78,0.56,14.03,301.52,3.93
"6712","長聖",9.04,633.58,1187.08,1073.13,"*****",8.18,44.62,3.76,97.07,0.84,0.10,-12.00,-13.13,-24.41,-151.32,-1.91,"*****","*****","*****"
"6716","應廣",25.37,8126.11,437.66,405.68,147.94,5.19,70.32,6.28,58.12,79.75,1.04,18.09,24.73,61.10,17.24,5.41,112.06,148.15,19.38
"6720","久昌",25.75,2461.07,378.42,292.26,29.04,3.91,93.35,2.96,123.31,21.34,1.01,4.34,5.34,8.47,4.15,0.63,0.18,7.41,0.00
"6721","信實",48.86,779.64,166.91,165.26,101.23,7.42,49.19,"*****","*****",47.63,2.86,15.20,29.43,68.87,5.27,5.47,35.18,139.24,17.24
"6727","亞泰金屬",65.64,266.97,130.98,82.62,4347.85,3.71,98.38,1.29,282.94,4.41,0.60,4.70,12.98,46.54,7.59,4.02,15.83,68.87,22.61
"6728","上洋",28.95,304.23,310.50,123.82,31.29,13.02,28.03,1.73,210.98,4.87,1.36,10.43,16.50,54.90,7.38,5.22,98.47,9.61,12.55
"6732","昇佳電子",26.80,1968.89,381.64,355.92,1125.90,10.67,34.20,7.74,47.15,31.97,1.11,28.85,42.86,316.91,25.78,28.81,125.57,212.19,21.63
"6733","博晟生醫",2.86,11903.55,2992.10,2813.06,-2911980.00,4.78,76.35,0.10,3650.00,0.19,0.00,-21.85,-22.51,-15.83,-10451.83,-1.67,-640.98,-385.28,-18.72
"6735","美達科技",32.81,187.18,342.11,288.36,773.85,7.22,50.55,1.13,323.00,1.80,0.49,17.03,23.29,43.03,34.90,3.37,107.49,76.88,16.15
"6741","91APP*-KY",53.03,5518.92,177.01,176.49,390.98,25.11,14.53,"NA","NA",52.19,0.54,12.72,27.35,47.45,23.68,1.92,39.97,"NA",42.25
"6747","亨泰光",16.39,294.75,432.62,399.90,140.08,7.48,48.79,5.46,66.84,2.06,0.63,14.56,17.32,64.67,22.98,5.68,141.73,166.28,7.80
"6751","智聯服務",39.86,7034.60,265.22,254.58,46.50,2.42,150.82,19.59,18.63,346.52,1.59,5.07,10.89,30.17,3.13,2.76,68.29,-83.13,39.59
"6752","叡揚",44.37,339.51,171.61,148.78,746.14,8.07,45.22,83.16,4.38,4.86,0.93,10.40,19.63,54.42,11.15,4.88,39.54,359.27,22.96
"6761","穩得",47.52,732.43,203.98,155.45,17.36,3.47,105.18,5.20,70.19,17.56,1.36,9.09,15.82,54.22,6.28,4.31,16.31,61.64,3.51
"6762","達亞",34.36,851.41,728.05,690.69,13206.65,7.43,49.12,5.74,63.58,2.97,0.50,18.14,27.27,119.75,35.68,10.67,157.16,120.59,9.35
"6763","綠界科技*",88.41,4096.46,113.95,113.88,85.46,91.69,3.98,"*****","*****",117.78,0.36,6.45,53.16,175.11,17.81,14.11,25.48,326.19,132.77
"6767","台微醫",12.75,645.93,672.90,532.71,-22.09,3.98,91.70,0.73,500.00,1.87,0.25,-3.14,-3.77,-5.04,-13.02,-0.51,-119.31,-182.09,-13.29
"6785","昱展新藥",0.89,9480.76,14330.55,14143.93,"NA","NA","NA","NA","NA",9.48,0.15,-35.60,-36.17,-25.05,-23799.50,-2.86,"NA","NA","NA"
"6788","華景電",25.92,434.53,460.90,366.96,224.91,4.41,82.76,1.78,205.05,4.05,0.76,16.83,22.91,64.49,21.91,5.19,138.47,118.22,15.63
"6791","虎門科技",42.51,436.58,220.78,208.88,49.20,6.28,58.12,7.96,45.85,5.75,0.88,12.91,23.84,42.12,14.22,3.66,38.51,140.10,10.06
"6803","崑鼎",42.84,222.27,164.96,157.25,3862.38,4.42,82.57,"NA","NA",1.79,0.58,8.95,16.57,185.77,14.94,12.53,12.84,93.07,-9.11
"6804","明係",60.51,105.47,107.18,43.05,4.77,4.67,78.15,4.37,83.52,1.52,0.81,1.95,4.13,13.11,1.89,1.04,7.26,43.11,3.18
"6811","宏碁資訊",78.01,21238.49,125.71,116.56,883.34,3.79,96.30,23.36,15.62,1157.67,1.72,7.36,34.49,79.64,4.27,6.35,32.37,203.31,86.89
"6821","聯寶",41.47,460.67,275.36,257.60,12.08,2.98,122.48,9.44,38.66,2.99,0.49,3.27,5.28,10.42,6.16,0.96,25.39,147.81,1.43
"6823","濾能",20.63,1824.52,418.15,219.98,368.47,7.38,49.45,4.07,89.68,41.43,1.98,25.55,35.59,83.09,12.89,4.81,62.90,77.10,2.49
"6829","千附精密",30.36,149.43,125.85,63.92,116.88,6.60,55.30,2.11,172.98,0.71,0.47,4.21,5.99,7.99,8.80,1.12,7.11,455.58,1.42
"6843","進典",41.71,282.93,174.77,115.71,32.21,3.35,108.95,1.91,191.09,2.97,0.72,7.13,12.19,31.17,9.57,2.16,49.24,195.99,16.97
"6855","數泓科",23.82,389.09,330.86,261.32,2947.81,6.61,55.21,2.75,132.72,3.66,0.76,15.36,20.45,63.30,20.09,3.92,63.01,115.29,12.83
"6859","伯特光",32.87,175.55,307.19,254.92,38.64,4.15,87.95,5.00,73.00,1.31,0.67,8.73,13.28,53.72,12.78,4.86,140.67,100.95,18.17
"6865","偉康科技",58.44,1589.14,175.01,173.54,8225.88,6.60,55.30,"NA","NA",54.91,1.43,21.62,52.90,101.09,14.90,6.48,35.44,"NA",37.27
"6874","倍力",60.28,4605.22,160.59,125.41,23.07,3.67,99.45,13.53,26.97,216.52,1.92,11.02,26.44,50.02,5.50,3.31,-27.62,65.76,-37.81
"7402","邑錡",22.76,3643.96,416.83,230.53,79.13,8.33,43.81,2.06,177.18,44.43,1.02,4.31,7.68,11.48,5.92,1.05,70.58,71.91,14.79
"7556","意德士科技",16.08,391.20,504.74,472.69,56.95,5.09,71.70,5.61,65.06,2.27,0.56,10.39,13.75,44.97,18.13,3.96,62.58,80.34,5.33
"8024","佑華",10.06,439.05,1013.12,917.18,0.00,5.27,69.25,5.06,72.13,3.18,0.65,-5.51,-6.17,-9.11,-8.72,-0.84,36.19,120.89,2.70
"8027","鈦昇",42.12,364.54,203.37,125.19,22.80,4.08,89.46,2.17,168.20,4.75,0.87,6.84,11.98,22.21,7.55,2.00,-4.25,-10.64,-1.70
"8032","光菱",38.47,1883.13,205.10,146.22,18.74,3.41,107.03,4.64,78.66,33.50,1.21,2.85,4.04,17.33,2.21,1.26,14.68,176.47,4.05
"8034","榮群",12.91,20717.20,805.21,513.10,20.76,2.00,182.50,1.07,341.12,95.08,0.42,1.66,1.86,2.20,3.77,0.19,108.87,71.32,13.03
"8038","長園科",47.53,252.64,845.63,561.90,-5.26,2.04,178.92,0.83,439.75,0.33,0.12,-4.45,-9.76,-10.47,-43.13,-1.00,"NA",1.23,"NA"
"8040","九暘",31.93,255.87,227.85,184.50,"NA",17.07,21.38,4.37,83.52,2.90,0.79,-10.87,-15.46,-17.95,-13.83,-1.71,12.54,143.06,3.84
"8042","金山電",49.24,303.52,181.09,133.29,287.79,2.37,154.00,2.48,147.17,2.24,0.49,0.49,0.28,4.90,0.29,0.09,30.52,66.34,16.89
"8043","蜜望實",47.55,2167.92,214.80,181.54,262.55,2.33,156.65,10.74,33.98,47.15,1.34,0.69,1.22,5.66,0.52,0.37,0.68,35.53,-0.99
"8044","網家",75.19,1405.24,149.56,124.90,6.56,86.79,4.20,22.10,16.51,76.99,2.66,1.67,5.63,25.74,0.50,2.16,16.71,37.96,13.02
"8047","星雲",20.25,517.41,396.44,261.38,23998.00,11.56,31.57,2.40,152.08,6.03,0.93,1.86,2.32,2.81,2.01,0.27,0.06,136.09,0.01
"8048","德勝",20.90,414.23,417.73,369.66,8918.47,5.57,65.52,4.77,76.51,3.24,0.63,11.45,14.86,28.66,18.16,2.69,30.76,84.30,-5.34
"8049","晶采",20.02,566.75,398.50,290.77,46343.03,8.99,40.60,3.81,95.80,6.45,0.87,11.97,14.64,25.80,13.74,2.06,111.49,105.80,6.16
"8050","廣積",41.09,393.07,392.30,256.98,3.11,5.77,63.25,2.55,143.13,2.22,0.49,0.96,1.08,3.72,1.40,0.74,-32.98,13.85,-7.68
"8054","安國",15.16,8680.90,499.96,439.52,-261.98,10.37,35.19,3.40,107.35,31.16,0.41,0.07,0.00,-1.19,0.00,-0.60,79.82,84.81,16.22
"8059","凱碩",21.80,9095.55,186.71,177.52,-8.85,2.13,171.36,9.62,37.94,58.76,0.51,-0.24,-0.38,-0.40,-0.58,-0.04,14.23,87.83,3.74
"8064","東捷",60.79,452.50,154.35,95.75,4.14,1.55,235.48,1.31,278.62,4.76,0.49,1.18,2.41,5.66,1.82,0.22,0.00,48.56,-3.81
"8066","來思達",65.71,1256.64,184.28,175.89,14.58,6.17,59.15,240.64,1.51,82.77,2.98,7.71,11.08,69.13,2.39,2.43,23.84,117.19,6.37
"8067","志旭",60.00,238.14,177.14,109.51,-5.25,5.19,70.32,1.40,260.71,2.27,0.53,-5.68,-15.24,-9.99,-12.12,-1.13,0.00,414.56,0.00
"8068","全達",49.94,11716.30,120.18,101.54,-2.99,5.29,68.99,21.77,16.76,54.90,1.65,-1.71,-4.12,-3.60,-1.30,-0.36,-18.61,-28.04,-17.30
"8069","元太",32.22,826.80,189.49,169.87,39.34,8.90,41.01,4.18,87.32,3.76,0.35,8.43,12.11,36.55,23.45,3.18,42.52,129.85,7.12
"8071","能率網通",69.30,181.47,112.02,88.66,5.34,4.69,77.82,6.58,55.47,4.70,1.03,1.71,4.00,18.20,1.21,0.28,-3.26,108.17,-4.97
"8074","鉅橡",40.49,140.98,135.94,89.00,1146.29,3.10,117.74,2.22,164.41,1.21,0.50,3.21,5.42,12.32,5.81,0.91,30.73,65.96,11.24
"8076","伍豐",41.96,1057.29,112.06,83.87,-1.05,3.08,118.50,1.67,218.56,6.28,0.35,-0.92,-2.15,-2.34,-3.71,-0.26,11.46,230.43,7.97
"8077","洛碁",80.32,374.14,45.06,43.11,-897.57,8.47,43.09,"NA","NA",0.41,0.09,-15.62,-66.92,-73.13,-194.41,-7.82,8.25,209.79,1.49
"8080","泰霖",92.24,57.21,52.30,44.08,1613.31,0.15,2433.33,0.92,396.73,0.91,0.13,-14.33,-164.11,-14.02,-108.44,-0.82,-12.11,-5270.70,-88.78
"8083","瑞穎",39.43,143.87,144.54,89.11,14680.00,3.50,104.28,3.03,120.46,2.20,1.00,20.89,32.45,138.15,20.67,11.10,14.95,71.57,-16.09
"8084","巨虹",60.35,494.18,163.86,87.84,-1229.93,2.85,128.07,3.38,107.98,8.77,0.87,-13.97,-35.83,-25.19,-17.13,-2.55,13.97,-11.24,9.62
"8085","福華",49.17,398.00,604.13,556.71,-277.00,3.45,105.79,5.96,61.24,1.25,0.28,-2.05,-5.11,-4.74,-9.17,-0.47,-18.43,-297.91,-2.09
"8086","宏捷科",10.57,354.82,738.99,653.95,246.13,6.29,58.02,4.97,73.44,1.99,0.56,9.95,11.71,36.67,17.58,3.75,107.45,89.75,5.75
"8087","麗升能源",18.54,152.86,494.43,442.52,-6.56,3.26,111.96,8.53,42.79,0.29,0.19,-1.55,-2.07,-1.84,-9.32,-0.20,69.27,397.91,2.48
"8089","康全電訊",33.39,1231.98,308.46,250.98,179.08,6.33,57.66,4.36,83.71,21.58,1.40,10.97,17.56,42.30,7.78,3.96,67.00,110.95,22.31
"8091","翔名",17.88,185.07,538.42,395.18,20518.43,5.82,62.71,2.48,147.17,0.97,0.46,6.26,7.37,50.76,13.49,4.00,104.42,100.32,6.43
"8092","建暐",61.00,156.00,183.00,47.00,-180.00,4.30,84.88,0.88,414.77,0.85,0.38,-1.75,-5.96,-5.11,-5.98,-0.49,7.48,-16.87,3.09
"8093","保銳",44.77,189.32,110.49,38.55,9.74,5.72,63.81,1.86,196.23,2.45,0.80,3.26,4.94,3.87,3.65,0.30,13.57,-22.26,9.96
"8096","擎亞",62.04,1857.77,155.02,106.88,1.84,9.15,39.89,18.50,19.72,204.31,4.33,2.46,4.03,9.04,0.36,0.71,-2.49,-54.27,-5.34
"8097","常珵",51.00,722.60,122.84,97.32,-0.72,8.31,43.92,5.12,71.28,1.30,0.14,-0.93,-3.45,-3.72,-12.35,-0.37,28.49,34.22,3.13
"8099","大世科",50.98,1393.37,184.59,123.47,116.92,5.94,61.44,4.49,81.29,40.37,1.49,5.10,10.91,20.20,3.39,1.64,8.03,66.33,0.38
"8107","大億金茂",40.41,197.53,173.20,144.09,1.74,4.09,89.24,5.66,64.48,0.83,0.36,0.54,0.36,0.87,0.65,0.06,25.80,47.20,0.56
"8109","博大",48.83,252.81,195.88,172.30,36.48,12.87,28.36,2.31,158.00,1.91,0.39,10.30,20.05,54.03,25.94,4.41,35.16,74.35,5.29
"8111","立碁",38.42,234.20,168.54,141.75,17.80,3.49,104.58,3.44,106.10,1.65,0.49,7.37,11.07,12.30,14.27,1.23,21.80,169.45,4.96
"8121","越峰",47.14,179.85,162.39,110.47,530.50,3.83,95.30,2.51,145.41,1.60,0.61,1.44,2.00,4.08,1.72,0.18,18.39,126.25,4.05
"8147","正淩",36.05,217.62,245.05,205.96,28.65,3.66,99.72,4.95,73.73,2.32,0.81,1.45,2.06,6.01,1.72,0.42,11.53,70.27,1.22
"8155","博智",35.87,219.07,196.80,167.31,178.86,4.11,88.80,6.69,54.55,3.39,1.07,19.63,30.61,130.01,18.24,10.69,64.86,116.08,13.92
"8171","天宇",41.69,1068.95,190.17,130.82,-1993.25,7.27,50.20,1.46,250.00,4.81,0.26,-7.09,-11.67,-14.24,-28.19,-1.37,-29.71,-198.06,-22.67
"8176","智捷",24.42,317.64,225.70,136.23,-1811.24,2.96,123.31,1.35,270.37,1.98,0.42,-10.68,-16.02,-16.63,-26.43,-1.27,6.11,119.17,0.08
"8182","加高",37.35,200.24,206.02,150.51,2676.40,4.03,90.57,4.04,90.34,1.78,0.64,4.97,7.43,27.62,7.41,2.08,24.69,67.99,3.79
"8183","精星",41.26,235.30,176.59,136.91,24.76,1.94,188.14,5.51,66.24,3.07,0.84,6.16,10.22,21.44,7.07,1.73,14.06,75.48,4.56
"8234","新漢",56.72,188.71,118.70,74.19,9.72,3.97,91.93,3.04,120.06,4.27,1.03,2.52,5.77,14.85,2.24,1.06,27.20,58.54,24.82
"8240","華宏",54.44,276.16,168.86,134.94,1075.00,2.89,126.29,8.00,45.62,5.70,1.21,3.17,6.19,33.43,2.36,2.21,5.20,81.72,0.99
"8255","朋程",28.49,250.00,156.84,124.92,12.47,5.18,70.46,4.32,84.49,1.29,0.40,3.89,5.12,23.58,9.18,3.10,29.83,72.15,1.10
"8277","商丞",13.72,262.48,630.76,488.61,-8621.00,9.49,38.46,5.95,61.34,1.46,0.52,-9.06,-10.18,-7.13,-17.48,-0.69,0.00,74.98,0.00
"8279","生展",23.54,216.94,325.91,231.45,108.20,4.41,82.76,3.40,107.35,1.83,0.65,10.73,13.83,97.18,16.44,7.95,70.58,63.64,6.26
"8284","三竹",34.29,463.51,237.10,234.08,1359.93,8.72,41.85,8.06,45.28,12.05,1.38,8.95,14.12,32.84,6.46,2.75,28.09,150.01,0.57
"8289","泰藝",34.70,320.89,264.75,155.98,424.63,3.91,93.35,1.73,210.98,15.35,3.21,1.42,1.38,6.17,0.28,0.06,12.96,57.67,3.26
"8291","尚茂",70.13,114.34,108.84,95.45,-1393.56,2.32,157.32,3.66,99.72,0.88,0.43,-10.12,-32.07,-14.41,-25.01,-1.44,39.00,56.25,10.04
"8299","群聯",26.09,760.80,317.33,230.49,1889.82,8.12,44.95,3.34,109.28,12.23,1.13,20.21,27.06,491.87,17.95,44.14,56.13,87.99,10.94
"8342","益張",41.23,129.86,130.60,99.19,36.01,7.19,50.76,9.97,36.60,2.37,1.03,13.17,24.21,65.42,12.45,5.63,19.98,65.24,"NA"
"8349","恒耀國際",62.12,191.44,143.34,80.09,5.01,4.25,85.88,2.41,151.45,2.17,0.72,2.99,6.43,31.50,3.25,2.52,19.75,77.01,5.19
"8354","冠好",50.44,107.98,111.79,94.44,3.59,3.59,101.67,2.59,140.92,0.35,0.22,1.43,2.21,5.49,5.02,0.48,14.92,28.03,3.99
"8358","金居",23.47,306.19,358.75,320.31,59.45,3.86,94.55,11.18,32.64,3.23,0.89,8.11,10.54,26.60,8.97,2.14,56.10,161.52,2.16
"8383","千附",26.26,209.10,201.70,99.57,220.98,6.20,58.87,"NA","NA",1.85,0.65,6.78,9.48,33.26,10.36,2.74,75.77,82.10,13.29
"8390","金益鼎",21.18,468.45,353.72,223.55,32.10,9.09,40.15,4.15,87.95,6.40,1.08,8.30,11.78,25.47,7.65,2.48,63.65,131.07,11.26
"8401","白紗科",39.07,169.39,216.00,200.43,13.75,4.47,81.65,20.08,18.17,1.38,0.85,3.38,5.07,9.72,3.68,0.75,52.17,129.17,6.93
"8403","盛弘",36.02,556.24,192.81,170.40,33.99,4.26,85.68,8.79,41.52,7.39,0.84,7.58,11.50,44.01,8.81,2.29,43.18,71.32,18.79
"8409","商之器",35.86,158.50,111.23,104.90,-34.88,3.88,94.07,5.14,71.01,1.18,0.49,-6.92,-10.70,-11.51,-14.40,-1.08,-4.31,"NA","NA"
"8410","森田",24.97,299.09,379.70,328.22,84.40,2.50,146.00,5.15,70.87,2.16,0.63,8.56,11.19,55.73,13.30,4.55,60.49,130.50,6.08
"8415","大國鋼",43.97,705.06,210.47,96.97,7.80,5.42,67.34,1.03,354.36,5.66,0.51,3.65,5.65,11.70,6.20,0.92,23.73,17.62,3.68
"8416","實威",22.37,542.64,402.05,381.41,2074.87,3.18,114.77,7.20,50.69,5.88,0.91,19.83,25.32,126.44,21.76,9.95,102.32,133.57,9.22
"8421","旭源",74.05,56.29,58.66,31.80,-2.23,3.41,107.03,2.84,128.52,1.00,0.49,-3.46,-17.69,-19.92,-9.46,-1.87,-0.23,85.40,-0.31
"8423","保綠-KY",36.14,144.46,258.54,210.31,11.63,6.62,55.13,6.73,54.23,0.87,0.52,4.29,6.21,12.48,7.47,0.92,46.68,236.55,3.85
"8424","惠普",12.35,154.64,351.87,283.10,2989.59,4.03,90.57,6.07,60.13,1.16,0.68,12.08,13.81,50.56,17.75,4.06,147.11,75.25,3.79
"8431","匯鑽科",36.80,211.63,159.20,154.74,16.33,3.01,121.26,56.87,6.41,2.25,0.70,9.72,14.85,32.90,12.42,2.40,25.90,25.61,9.17
"8432","東生華",8.38,4477.38,957.07,849.58,2861.44,3.91,93.35,2.38,153.36,17.40,0.36,4.94,5.47,20.11,13.75,1.60,11.77,63.02,-4.82
"8433","弘帆",54.96,445.21,105.48,100.92,25.78,5.18,70.46,391.76,0.93,6.74,0.78,6.22,12.66,38.81,7.69,3.35,32.62,87.23,22.26
"8435","鉅邁",21.34,426.22,453.77,404.98,399.05,6.14,59.44,6.03,60.53,3.81,0.75,11.99,15.19,48.46,15.75,3.54,89.21,120.57,3.77
"8436","大江",36.58,204.42,161.30,142.16,162.96,13.19,27.67,5.35,68.22,2.65,0.72,16.26,25.04,185.94,22.53,15.69,62.64,120.61,19.45
"8437","大地-KY",28.96,1022.84,207.51,194.53,10.38,1.63,223.92,0.76,480.26,1.87,0.11,3.94,4.95,33.88,32.27,2.72,12.30,87.01,-18.41
"8440","綠電",12.36,188.20,563.90,417.17,44.09,10.05,36.31,8.81,41.43,2.50,1.16,3.86,4.35,6.81,3.25,0.60,110.24,-627.14,5.03
"8444","綠河-KY",75.39,94.76,61.50,38.49,23.78,17.35,21.03,10.70,34.11,0.48,0.40,0.28,-1.42,-6.59,-0.97,-0.27,10.20,23.99,1.98
"8446","華研",52.90,34830.38,99.92,97.50,70.25,21.25,17.17,0.53,688.67,211.38,0.42,18.29,36.84,117.31,43.30,9.55,32.68,128.01,6.55
"8450","霹靂",15.09,666.31,795.26,617.01,-62.29,4.40,82.95,1.18,309.32,2.01,0.27,-8.58,-10.21,-28.91,-31.88,-2.89,-44.90,47.87,-4.21
"8455","大拓-KY",54.74,167.58,129.24,119.68,-1.09,2.42,150.82,13.61,26.81,2.52,0.79,-1.12,-3.57,-7.98,-1.90,-0.06,21.01,303.72,9.29
"8472","夠麻吉",51.96,10667.56,150.53,137.30,146.88,53.02,6.88,"NA","NA",497.32,1.67,4.05,8.40,33.23,11.33,2.61,16.79,101.29,11.89
"8477","創業家",49.97,12388.76,204.19,200.30,42.55,46.45,7.85,414.43,0.88,1005.14,4.21,1.88,3.76,11.24,0.43,0.49,-5.01,185.99,-10.30
"8489","三貝德",43.63,747.90,183.11,176.89,40.21,6.89,52.97,1.05,347.61,12.60,0.77,6.06,16.00,40.77,7.69,0.76,43.45,259.90,23.51
"8905","裕國",34.45,235.02,207.14,74.02,-807.94,7.71,47.34,1.22,299.18,2.27,0.59,-3.15,-5.56,-11.84,-5.87,-1.24,93.97,83.55,28.28
"8906","花王",66.47,78.74,25.90,22.43,117.64,3.32,109.93,11.69,31.22,0.22,0.17,0.47,0.68,0.72,1.33,0.08,2.90,"NA","NA"
"8908","欣雄",56.39,110.47,91.53,57.66,100.30,11.16,32.70,13.50,27.03,1.89,1.09,6.67,14.79,23.92,6.08,1.93,13.42,80.50,2.28
"8916","光隆",34.27,274.42,190.78,111.91,30.40,8.92,40.91,3.58,101.95,5.03,1.13,4.31,6.92,27.95,3.70,2.28,52.37,73.44,11.30
"8917","欣泰",53.03,146.81,194.29,188.77,1497.00,9.55,38.21,29.87,12.21,0.93,0.49,6.81,14.89,30.05,14.01,2.41,48.55,89.60,6.36
"8921","沈氏",15.95,284.42,213.66,162.08,492.82,4.99,73.14,6.85,53.28,1.79,0.55,1.91,2.26,4.29,3.48,0.42,36.55,102.97,1.35
"8923","時報",44.18,12665.83,163.22,120.35,49.07,3.16,115.50,1.74,209.77,90.53,0.55,3.73,3.27,11.65,6.68,0.94,21.62,176.04,14.40
"8924","大田",35.51,537.31,262.41,210.93,54.00,5.59,65.29,5.54,65.88,7.71,1.03,12.70,19.09,65.09,12.09,6.50,53.56,89.87,11.13
"8927","北基",64.43,78.48,52.14,27.78,4.73,201.14,1.81,7.89,46.26,1.29,0.75,2.57,5.40,7.52,2.73,0.63,18.34,32.43,9.23
"8928","鉅明",66.95,139.60,109.35,77.50,1272.19,2.58,141.47,3.80,96.05,3.08,0.87,5.57,15.15,31.08,5.69,2.50,23.02,43.91,13.74
"8929","富堡",33.15,444.09,304.52,259.90,20.46,5.75,63.47,7.83,46.61,5.14,0.77,1.44,1.93,9.83,1.66,0.50,44.87,194.00,8.48
"8930","青鋼",42.72,203.10,476.55,378.82,11.09,3.77,96.81,4.71,77.49,1.07,0.51,1.59,2.18,7.38,2.62,0.32,29.11,53.03,0.12
"8931","大汽電",54.11,110.27,57.07,45.61,29.27,8.53,42.79,8.79,41.52,0.92,0.45,4.62,9.56,17.48,9.88,1.49,27.37,77.28,7.92
"8932","智通*",49.63,351.24,138.33,84.66,-417.64,4.80,76.04,3.26,111.96,3.98,0.71,-3.34,-8.24,-12.51,-6.09,-1.00,6.62,97.02,2.26
"8933","愛地雅",69.29,284.33,113.76,64.19,116.59,4.89,74.64,3.20,114.06,6.80,0.90,1.02,0.86,0.35,0.28,0.05,22.97,21.25,48.40
"8935","邦泰",57.35,146.91,115.07,69.31,-0.07,3.42,106.72,3.56,102.52,1.26,0.60,-0.33,-2.93,-2.72,-2.17,-0.27,7.06,-32.92,2.87
"8936","國統",48.76,557.58,127.73,66.92,3.53,4.08,89.46,1.38,264.49,2.45,0.30,1.48,1.78,8.76,3.10,0.50,0.00,62.07,-1.62
"8937","合騏",24.27,501.18,323.36,261.28,-9.34,17.48,20.88,2.09,174.64,1.81,0.30,-0.33,-0.46,-0.75,-1.23,-0.05,-14.80,61.65,-4.45
"8938","明安",54.99,224.97,142.01,92.59,26.66,4.15,87.95,4.65,78.49,5.03,1.27,7.78,15.23,69.07,5.91,5.03,27.52,93.63,14.81
"8941","關中",55.32,841.05,119.04,74.65,1113.67,5.50,66.36,5.99,60.93,19.72,1.38,5.38,11.38,30.87,3.31,2.84,32.21,103.53,19.32
"8942","森鉅",31.12,250.96,190.47,156.48,-53.80,5.85,62.39,2.05,178.04,0.73,0.27,8.68,12.55,63.57,30.66,5.77,19.87,102.81,-0.92
"9949","琉園",18.78,353.49,469.90,213.09,-32.09,6.17,59.15,0.28,1303.57,1.20,0.30,-4.72,-5.92,-7.11,-15.96,-0.65,5.30,17.86,0.64
"9950","萬國通",77.90,93.75,70.74,25.93,-592.25,4.15,87.95,1.76,207.38,0.35,0.24,-6.41,-30.28,-22.76,-31.35,-2.32,-22.56,-28.05,-7.21
"9951","皇田",41.98,225.19,194.15,132.38,12590.11,4.11,88.80,3.14,116.24,2.85,0.86,9.38,16.78,81.31,10.81,6.69,50.05,121.76,14.97
"9960","邁達康",40.23,12223.24,308.50,270.66,26.82,28.69,12.72,3.66,99.72,83.74,0.63,6.13,9.99,17.94,9.32,1.41,51.81,223.34,14.89
"9962","有益",16.01,353.82,491.65,136.09,1.63,15.93,22.91,3.00,121.66,7.59,1.68,0.20,0.12,0.11,0.05,0.01,120.30,129.40,14.16