"公司代號","公司簡稱","財務結構-負債佔資產比率(%)","財務結構-長期資金佔不動產、廠房及設備比率(%)","償債能力-流動比率(%)","償債能力-速動比率(%)","償債能力-利息保障倍數(%)","經營能力-應收款項週轉率(次)","經營能力-平均收現日數","經營能力-存貨週轉率(次)","經營能力-平均售貨日數","經營能力-不動產、廠房及設備週轉率(次)","經營能力-總資產週轉率(次)","獲利能力-資產報酬率(%)","獲利能力-權益報酬率(%)","獲利能力-稅前純益佔實收資本比率(%)","獲利能力-純益率(%)","獲利能力-每股盈餘(元)","現金流量-現金流量比率(%)","現金流量-現金流量允當比率(%)","現金流量-現金再投<br>資比率(%)"
"1101","台泥",48.91,359.48,190.95,175.30,18.50,3.06,119.28,8.20,44.51,1.21,0.28,5.40,9.54,42.89,18.41,3.30,21.39,67.18,-0.92
"1102","亞泥",43.14,593.68,149.06,136.66,25.53,5.23,69.78,8.89,41.05,1.90,0.29,5.94,10.01,61.86,19.55,4.70,12.09,131.52,-1.29
"1103","嘉泥",35.62,709.16,399.98,392.65,612.51,9.12,40.02,18.01,20.26,0.39,0.05,2.16,2.94,10.58,33.67,1.02,0.00,10.30,0.00
"1104","環泥",22.76,302.60,117.89,110.32,43.34,3.93,92.87,17.02,21.44,0.89,0.24,4.63,5.83,18.97,18.32,1.66,32.56,93.99,3.01
"1108","幸福",42.23,217.60,168.78,39.84,11.64,4.19,87.11,0.89,410.11,1.64,0.47,3.58,5.64,8.43,6.96,0.65,2.71,55.70,-1.39
"1109","信大",15.80,359.02,385.52,331.96,4904.93,3.62,100.82,5.75,63.47,2.60,0.63,10.32,12.51,53.78,16.44,2.52,65.98,382.61,4.54
"1110","東泥",20.51,725.20,121.98,60.11,1443.25,4.88,74.79,1.98,184.34,2.55,0.18,1.37,1.55,2.61,7.25,0.25,15.84,19.38,4.62
"1201","味全",60.73,131.12,99.86,68.28,719.56,7.62,47.90,10.56,34.56,2.13,1.10,3.34,7.30,14.19,2.56,1.00,19.21,97.24,3.75
"1203","味王",34.76,267.68,239.40,161.62,64.98,12.95,28.18,2.73,133.69,2.00,0.61,7.49,11.09,38.21,11.96,1.88,51.41,134.29,4.47
"1210","大成",50.91,163.85,100.07,57.06,10.14,14.63,24.94,9.14,39.93,5.69,1.87,4.59,8.13,33.88,2.23,2.32,16.11,87.63,9.21
"1213","大飲",60.66,93.85,35.87,28.42,-6.21,4.89,74.64,13.05,27.96,0.61,0.36,-7.06,-19.31,-16.63,-22.05,-1.67,-5.58,-375.54,-2.45
"1215","卜蜂",62.93,129.65,99.43,66.83,17.13,9.83,37.13,13.33,27.38,2.13,1.16,6.46,15.16,61.37,5.29,5.06,9.98,41.66,-2.47
"1216","統一",64.79,238.38,106.48,77.29,1843.87,24.24,15.05,7.28,50.13,3.30,0.94,6.03,15.93,63.83,6.08,3.50,31.99,149.21,9.58
"1217","愛之味",46.53,355.88,88.40,53.65,3.31,7.49,48.73,4.20,86.90,1.62,0.34,2.32,3.41,5.76,4.60,0.41,4.38,73.49,0.87
"1218","泰山",34.28,424.75,193.95,134.88,56.96,7.81,46.73,12.63,28.89,5.31,1.00,6.05,8.45,12.71,5.95,1.22,-11.58,23.11,-9.53
"1219","福壽",51.10,160.97,184.84,110.92,10.56,9.09,40.15,7.69,47.46,3.99,1.67,3.51,6.38,10.99,1.90,1.00,-3.99,94.01,2.12
"1220","台榮",21.21,267.11,390.79,255.00,134.68,4.72,77.33,5.19,70.32,3.17,1.01,6.56,8.10,14.26,6.47,1.00,55.26,80.45,1.49
"1225","福懋油",57.49,159.67,133.49,80.17,24.54,7.87,46.37,8.22,44.40,4.19,1.56,6.04,12.80,27.28,3.72,2.07,-15.20,28.69,-13.70
"1227","佳格",34.68,445.46,227.64,146.09,65.33,5.71,63.92,4.82,75.72,8.04,1.22,9.06,13.71,34.46,7.29,2.70,42.40,107.39,6.96
"1229","聯華",21.27,1284.44,86.16,70.44,55.43,6.48,56.32,3.72,98.11,2.20,0.16,7.54,9.41,34.19,41.90,2.92,14.52,60.52,-0.39
"1231","聯華食",50.39,145.91,131.16,86.99,34.06,4.91,74.33,5.75,63.47,2.31,1.06,9.30,18.85,50.10,8.55,4.03,31.87,76.83,8.68
"1232","大統益",29.21,605.41,317.54,164.22,324.96,19.25,18.96,10.14,35.99,24.67,3.07,19.14,26.54,99.88,6.22,7.76,15.52,93.69,-7.58
"1233","天仁",36.77,168.10,134.06,88.88,9.75,7.86,46.43,3.04,120.06,1.99,0.75,2.04,2.93,5.84,2.45,0.48,18.20,116.92,1.75
"1234","黑松",20.38,343.88,353.39,109.50,114.85,13.17,27.71,1.30,280.76,1.51,0.41,3.57,4.40,24.91,8.64,1.98,51.31,50.82,2.26
"1235","興泰",22.72,1795.50,457.93,457.36,6.24,0.30,1216.66,4.63,78.83,0.18,0.01,1.93,2.48,8.00,199.76,0.81,15.34,164.48,-1.49
"1236","宏亞",38.42,202.60,122.45,83.95,-4.24,5.10,71.56,4.65,78.49,1.25,0.56,-0.73,-1.46,-2.81,-1.56,-0.25,22.77,155.80,3.34
"1256","鮮活果汁-KY",16.60,254.22,388.85,308.80,952.91,15.66,23.30,7.44,49.05,2.84,1.09,16.85,21.08,300.69,15.39,20.94,106.97,129.36,5.57
"1301","台塑",25.84,481.94,253.90,216.24,92.03,13.16,27.73,9.58,38.10,2.97,0.53,14.07,19.40,135.03,26.08,11.21,77.62,103.56,6.61
"1303","南亞",35.88,300.19,224.52,168.97,65.00,7.16,50.97,6.24,58.49,2.30,0.66,13.70,21.60,130.46,20.61,10.25,69.20,88.91,6.68
"1304","台聚",34.40,283.09,227.45,172.08,7607.60,8.42,43.34,9.08,40.19,3.01,0.89,12.60,19.32,107.27,14.05,4.84,57.45,79.81,7.76
"1305","華夏",30.27,182.39,263.60,151.50,625.68,10.25,35.60,7.04,51.84,2.82,1.31,17.08,23.77,56.91,13.01,4.25,73.73,85.39,4.90
"1307","三芳",48.09,212.86,237.81,161.97,4.04,6.84,53.36,3.40,107.35,1.51,0.56,1.03,1.49,3.68,1.38,0.29,-13.78,53.59,-3.39
"1308","亞聚",18.53,504.55,211.06,173.33,16536.73,8.84,41.28,13.32,27.40,2.88,0.53,17.40,22.50,62.96,32.42,5.22,141.42,230.79,9.39
"1309","台達化",28.69,418.49,311.13,251.07,46728.78,8.86,41.19,18.05,20.22,10.17,2.08,18.55,26.39,66.61,8.91,4.89,31.42,255.40,0.36
"1310","台苯",20.73,199.45,167.09,96.62,-1.13,13.05,27.96,18.41,19.82,3.00,1.28,1.18,1.42,-0.12,0.90,0.20,-22.62,67.84,-4.34
"1312","國喬",19.79,418.32,342.53,283.31,79108.80,8.98,40.64,10.22,35.71,2.46,0.53,14.28,17.28,79.40,26.95,6.47,92.03,225.09,7.97
"1313","聯成",44.40,287.19,257.82,125.99,1284.82,18.35,19.89,10.58,34.49,5.21,1.67,4.75,7.83,20.55,2.62,1.66,-0.61,45.49,-2.23
"1314","中石化",40.55,452.83,276.58,65.03,1332.60,12.33,29.60,1.06,344.33,1.45,0.29,3.21,4.75,10.54,10.23,1.09,-142.49,-51.49,-24.98
"1315","達新",9.29,670.38,929.74,671.45,148.20,5.52,66.12,2.95,123.72,1.46,0.18,0.06,0.05,28.33,0.27,0.04,22.07,26.43,0.00
"1316","上曜",49.07,407.12,187.76,62.38,0.63,7.27,50.20,0.15,2433.33,1.14,0.12,0.32,-0.71,2.73,-2.73,-0.50,-10.57,-75.84,-6.54
"1319","東陽",35.37,145.87,125.12,76.14,7.56,5.14,71.01,5.22,69.92,0.96,0.53,2.10,2.86,12.97,3.47,1.16,56.26,112.73,7.97
"1321","大洋",48.95,333.44,180.25,106.67,23.87,8.91,40.96,7.33,49.79,1.88,0.50,2.64,4.83,15.50,4.92,1.45,25.16,116.59,2.68
"1323","永裕",52.40,209.87,340.44,249.89,25.58,4.39,83.14,4.29,85.08,1.63,0.66,25.58,12.97,47.91,9.07,3.04,43.75,78.18,2.86
"1324","地球",23.79,281.39,318.96,213.17,75.03,5.13,71.15,4.29,85.08,2.97,0.87,0.06,0.07,1.17,0.06,0.01,-11.51,50.79,-2.95
"1325","恆大",5.24,256.40,1802.13,1638.65,2996407.69,5.51,66.24,4.13,88.37,0.98,0.30,7.07,8.07,45.67,23.30,3.26,-4.66,143.08,-21.44
"1326","台化",25.80,387.06,290.44,224.63,44.36,10.33,35.33,7.79,46.85,2.79,0.61,7.71,10.18,85.58,11.71,6.56,45.61,115.21,1.50
"1337","再生-KY",3.77,307.95,2100.12,2006.81,-50.97,5.60,65.17,6.56,55.64,0.53,0.18,-7.21,-7.00,-8.70,-41.63,-1.71,-216.14,39.40,-3.55
"1338","廣華-KY",43.63,223.45,185.21,144.87,10.22,3.00,121.66,4.52,80.75,2.00,0.62,3.51,5.33,53.90,4.79,4.04,11.46,64.33,1.05
"1339","昭輝",29.72,146.10,199.26,153.99,9.20,3.17,115.14,3.89,93.83,0.69,0.37,2.75,3.58,22.98,6.66,1.83,46.38,159.56,3.90
"1340","勝悅-KY",3.18,300.14,1755.85,1647.73,"NA",3.86,94.55,66.07,5.52,0.39,0.13,-9.56,-9.84,-33.69,-78.77,-3.35,-279.32,"NA",-8.74
"1341","富林-KY",46.24,216.63,184.93,91.45,36.67,6.23,58.58,3.12,116.98,3.84,1.23,13.64,23.92,74.79,10.76,5.99,2.18,50.01,-11.53
"1342","八貫",35.25,226.31,285.53,120.96,124.16,7.31,49.93,2.45,148.97,2.62,0.94,12.25,17.66,48.27,12.87,3.92,5.84,58.76,-5.98
"1402","遠東新",57.59,245.90,116.06,72.86,7.62,8.51,42.89,5.42,67.34,1.45,0.38,2.80,4.72,33.30,6.22,1.94,29.42,81.61,8.26
"1409","新纖",76.37,356.43,101.39,96.25,9.47,1.54,237.01,5.65,64.60,2.06,0.20,2.90,10.86,36.25,12.55,2.41,-1.97,26.05,-4.95
"1410","南染",17.03,704.96,934.53,875.42,1925.58,6.63,55.05,8.31,43.92,2.50,0.34,6.23,7.54,17.41,18.33,1.29,128.84,102.68,1.56
"1413","宏洲",59.53,178.53,121.82,41.02,8.24,22.41,16.28,5.09,71.70,2.53,1.05,4.21,9.72,8.04,3.59,0.80,44.46,85.37,5.11
"1414","東和",30.17,252.55,183.54,107.38,27.89,15.72,23.21,1.21,301.65,0.52,0.18,3.27,4.50,7.23,17.60,0.65,32.06,68.95,3.48
"1416","廣豐",10.22,4126.06,795.61,387.79,14.94,4.12,88.59,0.25,1460.00,3.36,0.05,1.84,2.33,19.93,28.39,0.44,125.38,70.72,3.10
"1417","嘉裕",32.61,323.34,208.48,148.53,2652.05,5.86,62.28,0.76,480.26,1.49,0.37,2.80,3.72,4.08,7.38,0.51,0.00,0.00,0.00
"1418","東華",66.03,558.70,2477.90,2335.34,-3.55,"NA","NA",1.06,344.33,0.06,0.01,-4.85,-20.87,-28.09,-428.93,-3.10,-922.29,-444.25,-8.77
"1419","新紡",37.95,2640.70,97.65,79.32,18.10,7.91,46.14,2.51,145.41,7.62,0.19,3.33,5.05,16.17,16.40,1.51,1.21,7.63,-2.00
"1423","利華",9.05,1010.14,2216.76,1287.72,3162.65,70.51,5.17,0.48,760.41,0.56,0.05,4.55,5.03,13.93,80.96,1.11,966.36,140.49,5.33
"1432","大魯閣",84.31,165.47,88.47,88.47,-1.76,21.59,16.90,1.97,185.27,1.37,0.16,-2.28,-19.92,-17.31,-20.02,-2.05,22.14,137.12,20.69
"1434","福懋",23.48,636.27,223.83,116.52,16.22,9.17,39.80,3.88,94.07,2.75,0.41,2.82,3.46,14.17,6.53,1.27,30.78,86.44,0.73
"1435","中福",11.93,1578.64,18936.07,18745.93,9190.54,103.29,3.53,0.02,18250.00,0.16,0.01,0.56,0.65,0.49,48.41,0.05,-1144.40,-7653.86,-5.23
"1436","華友聯",77.94,15637.72,142.25,17.98,433.32,1594.53,0.22,0.20,1825.00,69.24,0.20,4.29,16.98,51.04,18.86,5.08,-16.83,-51.14,-26.90
"1437","勤益控",43.14,829507.30,299.44,265.19,11.17,59.65,6.11,2.18,167.43,213.27,0.06,4.30,6.94,25.70,65.65,2.25,42.36,72.29,5.68
"1438","三地開發",78.82,10817.88,165.70,13.95,781.14,"NA","NA",0.00,"*****",0.40,0.00,0.85,3.60,-1.34,244.71,0.57,-53.07,97.12,-78.42
"1439","雋揚",21.60,1180674.48,261.37,124.51,2321366.67,10.74,33.98,0.14,2607.14,410.00,0.11,4.84,5.70,15.14,162.79,1.39,-375.87,-91.88,-30.59
"1440","南紡",44.26,189.65,131.30,66.97,22.21,11.33,32.21,3.44,106.10,0.92,0.41,6.37,11.15,20.30,14.70,1.77,12.81,53.74,1.29
"1441","大東",65.44,124.46,68.64,26.74,-608.00,15.71,23.23,3.95,92.40,1.54,0.65,-5.96,-18.19,-17.94,-10.50,-0.75,2.39,-122.41,2.11
"1442","名軒",58.51,53559.24,1276.38,43.87,40.16,71.30,5.11,0.21,1738.09,140.76,0.26,3.89,9.07,14.18,14.93,1.41,-83.33,32.32,-1.40
"1443","立益物流",81.57,86.24,48.77,44.64,336.46,4.15,87.95,8.73,41.80,0.16,0.13,4.86,20.74,15.66,23.54,1.65,16.54,0.00,5.06
"1444","力麗",42.31,184.06,105.12,49.56,19.13,10.78,33.85,3.72,98.11,1.54,0.57,3.58,5.57,7.22,5.99,0.68,-13.91,40.44,-4.22
"1445","大宇",18.11,202.18,423.49,231.83,-569.08,7.65,47.71,3.08,118.50,1.54,0.62,-1.26,-1.56,-1.66,-2.01,-0.19,-75.37,238.16,-4.06
"1446","宏和",64.67,150691.77,138.23,11.90,"NA",12.55,29.08,11.13,32.79,176.78,0.04,-0.19,-1.12,-0.52,-8.88,-0.12,-11.84,-95.45,-25.77
"1447","力鵬",46.32,233.01,128.99,80.75,9.21,9.64,37.86,8.82,41.38,4.39,1.28,1.64,2.62,3.73,1.13,0.31,1.63,109.36,0.45
"1449","佳和",76.93,1345.22,125.88,34.89,1.90,14.36,25.41,1.12,325.89,9.17,0.44,2.31,5.82,7.19,2.66,0.83,12.30,-21.59,10.49
"1451","年興",17.95,563.24,596.23,351.60,75.73,4.23,86.28,3.22,113.35,5.11,0.88,2.72,3.30,14.72,3.04,1.23,46.98,31.74,2.22
"1452","宏益",11.58,495.32,734.81,652.77,7726.19,7.58,48.15,6.13,59.54,3.46,0.71,11.83,13.17,30.87,16.76,2.65,0.00,89.84,-2.30
"1453","大將",26.10,1553.49,473.43,117.92,679.05,"*****","*****",0.02,18250.00,0.44,0.02,6.53,7.88,11.12,239.42,1.05,-67.84,-86.44,-14.80
"1454","台富",21.29,230.88,295.89,148.58,"NA",11.46,31.84,2.16,168.98,2.17,0.78,0.33,0.33,0.24,0.33,0.04,"NA",1.29,"NA"
"1455","集盛",32.17,161.99,156.03,82.91,73.23,7.87,46.37,5.68,64.26,2.37,1.14,9.45,13.30,18.89,8.20,1.73,2.20,78.72,-0.50
"1456","怡華",75.54,5961.42,152.01,15.40,443.02,25.19,14.48,0.42,869.04,34.26,0.34,8.11,29.99,48.74,19.23,4.85,5.93,14.35,2.27
"1457","宜進",57.37,484.59,133.38,95.36,4.17,9.54,38.25,4.93,74.03,1.22,0.23,2.57,4.68,13.15,8.83,0.90,36.80,76.58,9.40
"1459","聯發",46.87,214.94,196.89,178.56,2092.21,11.40,32.01,8.62,42.34,1.06,0.40,12.70,24.42,22.30,30.84,2.01,4.73,8.04,1.10
"1460","宏遠",53.33,150.77,132.36,41.29,4.09,6.05,60.33,1.56,233.97,1.79,0.71,1.82,3.42,4.17,1.82,0.39,-8.19,-5.57,-22.90
"1463","強盛新",16.76,550.61,429.09,340.37,0.00,6.01,60.73,1.51,241.72,1.06,0.17,3.13,3.64,5.72,18.06,0.49,-17.22,113.78,-3.24
"1464","得力",71.78,180.66,131.08,75.25,2.27,5.41,67.46,2.41,151.45,1.82,0.57,1.72,3.56,5.04,1.84,0.48,-0.11,7.04,-0.95
"1465","偉全",11.37,399.38,445.83,320.34,-9941.43,7.29,50.06,1.99,183.41,1.05,0.24,-4.89,-5.76,-9.10,-21.72,-0.93,0.00,3.86,-1.61
"1466","聚隆",52.34,152.77,153.45,80.40,9.94,7.69,47.46,4.60,79.34,2.12,1.01,5.58,10.68,17.67,4.99,1.60,14.52,111.27,2.78
"1467","南緯",63.95,262.24,133.42,85.81,1.78,5.53,66.00,3.76,97.07,3.27,0.79,0.40,-1.33,3.15,-0.64,-0.13,-9.39,51.76,-2.71
"1468","昶和",64.76,254.37,135.70,58.63,1.99,16.03,22.76,1.08,337.96,1.63,0.33,1.04,1.17,1.44,1.23,0.06,-29.89,-18.99,-20.17
"1470","大統新創",19.84,239.53,327.36,202.32,165.00,7.04,51.84,3.34,109.28,2.04,0.74,5.40,6.61,9.18,7.29,0.76,17.94,65.40,0.43
"1471","首利",13.64,1254.76,500.22,399.75,-10.79,2.15,169.76,2.54,143.70,2.33,0.26,-1.24,-1.79,-1.23,-5.21,-0.12,-79.91,-368.70,-6.16
"1472","三洋實業",88.63,709.93,91.54,89.73,0.58,14.09,25.90,36.21,10.08,2.97,0.33,-0.47,-4.16,-2.11,-1.45,-0.35,-8.74,-181.16,-19.06
"1473","台南",41.42,313.93,168.54,99.51,-9.33,5.00,73.00,4.99,73.14,5.38,1.12,-2.44,-4.26,-8.60,-2.34,-0.92,-26.32,41.41,-12.43
"1474","弘裕",51.02,190.12,166.71,97.38,13.61,4.95,73.73,3.25,112.30,2.67,0.86,3.75,6.91,13.68,4.03,1.11,11.37,58.67,3.15
"1475","業旺",21.07,260848.71,476.84,442.85,27447.33,2.96,123.31,11.00,33.18,572.57,0.72,12.43,15.65,12.47,17.20,3.66,-13.93,0.00,-3.55
"1476","儒鴻",27.77,184.44,225.18,105.41,27986.65,7.18,50.83,3.92,93.11,3.20,1.29,18.54,25.54,232.75,14.33,18.77,39.53,87.05,-0.94
"1477","聚陽",37.92,289.04,209.68,138.67,38.48,15.92,22.92,4.73,77.16,5.73,1.42,13.47,22.36,140.51,9.26,11.20,39.10,72.58,6.31
"1503","士電",40.18,214.61,136.04,82.27,99.34,3.81,95.80,3.40,107.35,1.95,0.63,4.42,7.24,47.48,6.90,3.46,15.71,106.37,3.49
"1504","東元",29.98,483.48,213.81,148.42,31.22,4.81,75.88,3.42,106.72,3.38,0.43,4.68,6.74,28.76,10.47,2.38,17.84,126.64,0.88
"1506","正道",55.37,176.83,148.09,89.30,2.67,4.56,80.04,2.20,165.90,1.05,0.45,2.85,4.93,2.12,4.61,0.26,18.29,37.30,4.50
"1512","瑞利",95.71,124.77,91.27,47.20,-368.37,3.30,110.60,3.27,111.62,1.20,0.50,-6.48,-118.38,-6.05,-15.36,-0.65,-6.22,47.98,-1.11
"1513","中興電",66.01,198.43,161.17,91.94,29.52,9.41,38.78,1.87,195.18,1.66,0.56,6.40,17.50,52.09,10.94,4.19,38.52,54.70,8.56
"1514","亞力",55.95,300.34,138.71,91.09,31.81,2.25,162.22,2.84,128.52,4.65,0.79,5.30,10.62,18.76,6.48,1.60,0.00,59.78,0.00
"1515","力山",66.05,149.53,111.54,84.91,169.53,8.86,41.19,10.32,35.36,6.00,1.66,9.63,26.36,72.69,5.75,5.80,37.14,153.04,32.87
"1516","川飛",11.22,1033.25,792.15,792.15,340.18,4.63,78.83,"*****","*****",26.93,2.41,12.50,14.26,19.30,5.17,1.72,-91.97,-78.34,-14.34
"1517","利奇",33.03,354.35,269.12,162.18,2940.57,3.79,96.30,3.12,116.98,4.07,0.92,9.41,13.77,26.45,10.12,2.00,-2.22,9.91,-2.38
"1519","華城",64.53,240.42,151.07,80.78,12.96,3.04,120.06,2.54,143.70,4.59,0.91,3.35,8.14,15.01,3.19,1.11,-8.94,29.60,-10.75
"1521","大億",48.90,190.49,137.51,60.92,26.37,5.54,65.88,4.29,85.08,4.92,1.41,2.41,4.72,11.48,1.65,1.08,5.65,63.98,-0.45
"1522","堤維西",65.95,208.22,130.90,53.05,3.42,6.22,58.68,2.72,134.19,2.04,0.71,1.48,3.18,9.61,1.43,0.62,5.83,69.56,1.11
"1524","耿鼎",58.40,129.81,161.66,88.16,401.94,5.57,65.52,2.52,144.84,0.60,0.36,1.54,2.79,4.63,3.16,0.38,10.13,65.13,0.72
"1525","江申",16.62,929.03,268.22,222.37,355.00,6.02,60.63,5.73,63.69,2.47,0.24,5.80,7.00,51.24,24.05,4.18,-0.21,-51.74,-2.85
"1526","日馳",54.45,295.81,173.39,98.19,98.73,6.86,53.20,1.75,208.57,3.55,0.81,11.36,21.72,54.76,13.93,4.38,-9.25,66.65,-11.23
"1527","鑽全",16.93,464.82,490.35,379.82,0.00,4.96,73.58,3.50,104.28,4.75,0.88,9.15,11.16,42.24,10.42,3.37,38.45,104.02,-0.07
"1528","恩德",55.10,265.46,161.52,99.75,9.50,3.79,96.30,2.19,166.66,3.29,0.71,4.85,9.79,13.94,6.10,1.14,5.73,15.94,3.35
"1529","樂事綠能",35.35,348.46,224.73,218.65,1243.34,1.72,212.20,8.34,43.76,0.53,0.16,5.79,8.29,8.58,34.76,1.03,54.42,55.70,8.05
"1530","亞崴",49.15,174.20,136.60,79.06,17.47,4.16,87.74,2.04,178.92,1.91,0.59,2.18,3.96,24.62,3.36,1.35,16.94,75.48,5.56
"1531","高林股",25.30,395.82,366.98,228.80,117.87,3.29,110.94,2.35,155.31,2.89,0.63,3.72,4.77,13.23,5.82,0.94,0.00,60.54,-0.68
"1532","勤美",66.49,282.19,161.45,59.73,673.30,4.79,76.20,0.76,480.26,1.79,0.38,3.99,10.29,48.20,8.90,3.22,10.34,50.29,4.82
"1533","車王電",62.61,213.67,154.90,97.07,1.88,3.85,94.80,1.24,294.35,1.58,0.41,0.54,3.53,3.83,0.44,0.88,0.00,34.15,0.00
"1535","中宇",52.94,507.76,147.41,78.75,316.99,8.93,40.87,0.31,1177.41,13.34,1.24,5.96,13.05,39.02,4.76,3.26,7.35,132.94,1.91
"1536","和大",58.57,112.58,107.58,62.18,4.45,2.66,137.21,1.94,188.14,0.55,0.34,2.09,4.50,14.45,5.09,1.23,7.66,25.97,1.16
"1537","廣隆",27.93,558.62,389.91,211.22,1108.77,6.90,52.89,2.67,136.70,7.10,1.08,11.60,15.94,99.61,10.69,7.57,55.76,125.81,-3.90
"1538","正峰",89.18,671.91,166.94,104.17,-53.35,5.95,61.34,3.92,93.11,3.71,0.68,-34.67,-131.16,-51.33,-51.05,-5.13,-24.99,-182.83,-3.07
"1539","巨庭",65.88,142.44,123.15,88.05,7.60,4.43,82.39,4.42,82.57,2.68,0.75,2.41,6.82,17.53,2.81,1.35,-4.00,3.55,-4.28
"1540","喬福",15.07,422.62,571.54,201.08,3.63,18.91,19.30,0.66,553.03,1.15,0.23,-0.13,-0.16,-0.71,-0.59,-0.04,18.19,63.79,-0.46
"1541","錩泰",65.96,277.83,135.81,85.37,35.55,2.90,125.86,4.87,74.94,9.77,1.37,6.81,17.18,47.10,4.82,3.80,-21.29,9.50,-17.14
"1558","伸興",37.53,280.76,215.88,153.34,76.73,6.93,52.66,4.17,87.52,4.08,0.97,6.72,10.53,111.89,6.84,8.68,22.12,79.70,-0.10
"1560","中砂",50.30,156.13,177.84,119.96,2254.35,5.82,62.71,2.92,125.00,1.19,0.61,7.69,14.75,62.10,11.97,4.78,49.71,76.05,7.64
"1563","巧新",56.34,159.61,287.26,93.43,6.33,8.86,41.19,1.00,365.00,0.83,0.45,2.42,4.72,21.01,4.55,1.75,43.38,50.84,4.09
"1568","倉佑",53.68,156.28,179.06,124.53,4.09,3.02,120.86,3.35,108.95,1.22,0.57,1.19,1.99,3.38,1.62,0.29,26.70,83.91,6.80
"1582","信錦",49.31,368.20,207.31,165.29,1038.94,2.61,139.84,7.01,52.06,4.74,0.86,2.26,3.94,31.09,2.36,2.03,3.57,61.35,-5.76
"1583","程泰",49.77,212.82,147.15,89.60,22.32,3.93,92.87,1.65,221.21,1.96,0.52,3.63,6.69,59.77,6.49,3.30,13.73,79.07,5.90
"1587","吉茂",57.49,161.23,123.80,56.18,12.15,6.55,55.72,2.04,178.92,2.40,0.82,3.96,7.94,21.90,4.35,1.49,1.36,46.56,-3.94
"1589","永冠-KY",52.17,178.20,170.93,134.19,5.72,2.63,138.78,4.71,77.49,1.38,0.51,1.49,2.50,4.52,2.39,1.95,18.29,28.40,5.07
"1590","亞德客-KY",26.27,155.14,209.49,150.75,4475.66,3.49,104.58,2.92,125.00,1.09,0.57,14.79,22.35,419.22,25.36,33.67,68.55,74.70,10.05
"1597","直得",39.80,178.25,242.88,177.64,3782.68,4.31,84.68,1.91,191.09,1.15,0.51,8.60,14.04,55.09,16.63,3.82,83.36,109.25,11.74
"1598","岱宇",64.12,236.12,131.50,63.88,9.02,4.70,77.65,2.30,158.69,4.06,0.92,3.92,9.62,40.97,3.78,3.48,14.75,44.21,-2.95
"1603","華電",33.27,199.76,193.29,126.33,33.41,2.23,163.67,1.96,186.22,0.78,0.29,3.42,5.03,18.37,11.03,1.78,14.40,67.39,2.81
"1604","聲寶",33.54,169.45,144.13,72.77,130.32,10.48,34.82,5.07,71.99,1.82,0.69,13.60,20.68,47.61,19.46,4.52,10.35,20.17,-5.29
"1605","華新",41.02,347.64,178.41,81.32,4675.29,12.95,28.18,5.18,70.46,4.13,0.93,9.31,15.63,55.72,9.73,4.27,3.38,45.36,0.00
"1608","華榮",34.10,318.45,189.03,84.16,9102.31,8.71,41.90,2.89,126.29,3.33,0.80,12.81,19.51,29.30,15.75,3.27,0.00,42.82,0.00
"1609","大亞",66.42,229.02,141.46,97.53,783.76,6.85,53.28,6.30,57.93,3.13,0.92,6.34,16.01,30.96,6.02,2.30,-11.14,1.51,-6.22
"1611","中電",22.65,573.40,234.78,183.93,37.18,5.49,66.48,2.31,158.00,2.14,0.30,4.89,6.48,9.10,15.69,0.86,17.41,36.27,2.01
"1612","宏泰",10.56,567.07,798.56,530.51,424.32,10.67,34.20,3.25,112.30,4.38,0.85,36.33,41.15,89.09,42.78,8.54,0.78,15.32,-3.77
"1614","三洋電",19.99,152.70,272.20,151.32,338.97,17.72,20.59,4.47,81.65,1.47,0.86,5.52,6.81,17.29,6.39,1.42,41.99,96.48,1.69
"1615","大山",30.53,239.97,198.30,147.07,60.54,6.98,52.29,6.26,58.30,4.05,1.30,13.16,20.08,37.47,9.97,3.27,95.67,78.24,15.32
"1616","億泰",49.07,258.17,162.33,74.60,14.50,5.68,64.26,2.91,125.42,4.56,1.03,3.48,6.10,7.02,2.95,0.50,2.47,72.71,2.13
"1617","榮星",46.40,189.58,158.74,129.48,26.00,5.43,67.21,11.64,31.35,4.48,1.39,6.49,11.02,17.65,4.46,1.45,6.32,59.74,0.23
"1618","合機",7.47,262.00,667.92,362.81,1354.20,8.45,43.19,2.95,123.72,2.02,0.58,4.85,5.26,15.10,8.31,1.04,4.25,49.08,-1.29
"1626","艾美特-KY",72.29,135.12,107.42,61.98,-11.05,4.35,83.90,3.74,97.59,3.50,1.02,-2.94,-10.42,-24.24,-3.02,-2.11,0.67,48.75,-1.11
"1702","南僑",59.76,192.24,244.03,186.27,8.52,10.33,35.33,4.58,79.69,1.61,0.72,5.12,13.18,65.88,6.23,4.32,18.23,84.42,2.19
"1707","葡萄王",25.83,149.38,151.33,127.90,603.07,38.52,9.47,2.70,135.18,1.35,0.72,14.37,21.16,169.81,19.88,8.81,77.17,108.29,7.67
"1708","東鹼",50.25,103.56,88.91,63.19,16.43,8.57,42.59,6.70,54.47,0.54,0.40,5.94,11.34,32.90,13.99,2.69,31.64,66.87,5.07
"1709","和益",31.85,216.45,175.62,67.45,46.78,7.94,45.96,2.59,140.92,2.21,0.81,8.25,11.95,21.17,9.99,1.99,19.35,63.93,0.28
"1710","東聯",52.86,171.41,72.52,51.24,6.15,21.53,16.95,20.85,17.50,1.88,0.81,4.11,7.70,15.53,4.32,1.03,42.53,158.05,9.46
"1711","永光",35.58,219.13,205.90,98.98,12.91,5.35,68.22,2.08,175.48,1.81,0.67,3.81,5.51,10.91,5.24,0.86,22.16,131.53,2.80
"1712","興農",53.12,153.24,128.69,66.42,27.48,9.14,39.93,4.45,82.02,2.93,1.20,6.23,12.72,27.46,4.99,2.19,9.22,154.05,0.26
"1713","國化",6.08,730.75,1585.32,1005.40,0.00,5.03,72.56,2.60,140.38,1.86,0.25,6.22,6.61,10.63,25.21,1.04,-162.62,-6.68,-5.97
"1714","和桐",30.75,387.53,305.40,236.74,18.16,6.55,55.72,6.99,52.21,4.06,0.84,6.43,8.85,19.58,7.22,0.72,56.55,397.06,6.58
"1717","長興",59.25,250.54,189.72,131.36,16.18,2.64,138.25,4.30,84.88,3.05,0.86,6.37,14.55,35.73,6.90,2.86,3.83,53.03,-1.76
"1718","中纖",91.04,"NA","NA","NA","NA","NA","NA","NA","NA",0.64,0.02,0.81,5.57,27.70,24.76,0.00,"NA","NA","NA"
"1720","生達",32.70,277.93,212.96,154.24,134.01,4.35,83.90,2.30,158.69,1.93,0.54,9.82,14.30,56.73,18.18,3.95,30.45,122.92,5.44
"1721","三晃",43.01,181.73,190.32,108.34,-3.40,4.25,85.88,3.20,114.06,1.69,0.64,-1.35,-2.91,-2.85,-2.46,-0.38,-13.90,37.83,-4.62
"1722","台肥",33.67,532.30,199.50,125.19,89758.87,10.07,36.24,4.16,87.74,0.94,0.17,3.90,5.83,38.69,22.21,3.10,79.22,50.63,1.04
"1723","中碳",35.07,240.84,164.13,105.27,45.47,14.00,26.07,6.54,55.81,1.97,0.68,9.58,15.20,55.43,13.74,4.73,61.11,74.82,5.07
"1725","元禎",38.36,501.73,228.40,219.33,3004.55,9.16,39.84,72.48,5.03,15.56,1.72,5.32,8.22,20.36,2.99,1.75,-2.59,79.71,-5.44
"1726","永記",17.98,292.18,396.96,254.64,1069.34,3.91,93.35,2.88,126.73,2.65,0.79,8.20,9.81,65.68,9.95,5.45,35.30,57.87,0.77
"1727","中華化",42.97,140.01,149.60,108.41,35.79,3.34,109.28,5.65,64.60,1.56,0.82,8.66,15.14,15.28,10.33,1.86,40.59,157.94,10.18
"1730","花仙子",32.05,378.19,294.00,209.74,25155.00,4.94,73.88,3.00,121.66,7.62,1.19,11.05,15.73,58.00,9.21,4.14,55.04,64.32,4.79
"1731","美吾華",25.49,446.12,361.50,298.01,40.86,5.15,70.87,2.11,172.98,2.49,0.47,6.52,8.46,15.93,12.74,1.24,69.55,141.10,5.19
"1732","毛寶",27.47,259.03,286.86,210.06,119.31,5.87,62.18,3.23,113.00,3.14,0.92,2.96,3.98,5.63,3.13,0.46,27.30,204.54,3.43
"1733","五鼎",34.34,237.32,223.93,142.54,15.76,5.33,68.48,2.75,132.72,2.63,0.80,7.98,11.90,18.50,9.49,2.02,10.06,116.25,3.58
"1734","杏輝",50.54,146.27,176.17,120.42,-6.44,4.65,78.49,2.24,162.94,0.75,0.39,-3.00,-6.59,-11.00,-8.42,-0.23,8.83,39.22,1.49
"1735","日勝化",61.46,141.13,114.72,70.30,1.36,3.38,107.98,3.75,97.33,2.74,0.94,0.70,0.68,0.64,0.31,0.10,-13.47,42.75,-8.60
"1736","喬山",73.40,321.08,111.34,51.17,1.63,4.00,91.25,1.72,212.20,7.57,0.93,0.69,1.11,5.39,0.32,0.13,0.00,12.03,-29.17
"1737","臺鹽",23.07,203.66,260.05,220.42,86.81,6.30,57.93,7.11,51.33,1.20,0.50,5.12,6.40,25.49,10.06,1.97,45.96,68.60,3.81
"1752","南光",34.67,140.27,139.00,71.69,68.12,4.85,75.25,1.64,222.56,1.05,0.53,5.95,8.82,23.25,11.02,1.94,51.88,96.29,9.00
"1760","寶齡富錦",34.54,153.60,172.11,92.45,13.44,5.41,67.46,1.82,200.54,1.38,0.63,3.85,6.58,21.30,5.49,1.32,54.18,56.04,11.17
"1762","中化生",33.93,200.71,213.65,93.08,150.83,5.11,71.42,1.42,257.04,1.13,0.51,10.72,14.87,64.15,20.72,5.17,34.50,42.74,2.13
"1773","勝一",37.99,144.87,133.15,73.84,898.70,7.61,47.96,6.49,56.24,2.33,1.16,16.88,25.77,100.14,14.51,8.08,50.89,62.09,6.92
"1776","展宇",36.22,410.07,308.18,220.09,19.89,3.65,100.00,3.71,98.38,4.25,0.79,8.70,13.92,13.89,10.69,2.05,27.31,57.55,2.06
"1783","和康生",9.75,251.96,675.08,563.96,495.75,4.93,74.03,2.45,148.97,1.10,0.46,7.90,8.75,12.65,17.12,1.21,101.31,179.26,4.60
"1786","科妍",35.90,150.90,217.38,192.80,1538.82,6.91,52.82,2.54,143.70,0.41,0.24,5.21,7.13,17.53,20.12,1.54,23.14,55.57,1.83
"1789","神隆",10.09,276.09,1072.51,813.33,4716.46,7.40,49.32,0.85,429.41,0.64,0.22,2.11,2.31,3.82,8.81,0.31,91.64,152.95,0.66
"1795","美時",47.84,664.68,192.63,119.92,7.29,4.35,83.90,2.65,137.73,5.34,0.61,8.00,14.16,71.15,11.09,5.50,2.76,43.35,0.33
"1802","台玻",41.91,164.92,169.26,126.50,29.03,3.36,108.63,3.51,103.98,1.25,0.59,13.34,23.39,47.91,21.82,3.95,38.87,113.49,6.19
"1805","寶徠",59.13,8017.54,235.68,69.50,-1.04,5.63,64.83,0.18,2027.77,3.87,0.13,-1.47,-5.61,-3.25,-18.16,-0.34,-11.00,-255.25,-6.71
"1806","冠軍",31.75,212.27,196.73,157.14,29.45,2.92,125.00,2.33,156.65,0.94,0.33,10.64,16.50,29.41,30.93,2.29,1.13,183.52,0.48
"1808","潤隆",83.02,6304.59,145.80,32.88,5.59,19.91,18.33,0.29,1258.62,43.56,0.27,5.33,28.46,52.52,15.95,4.26,0.00,0.00,0.00
"1809","中釉",22.94,206.76,259.34,169.19,541.84,3.83,95.30,2.38,153.36,1.33,0.50,0.83,0.86,2.15,1.33,0.25,-6.29,21.70,-1.96
"1810","和成",35.84,225.94,178.63,123.80,37.03,3.95,92.40,2.49,146.58,1.51,0.46,16.12,26.23,53.51,32.86,3.33,6.59,96.74,0.94
"1817","凱撒衛",33.95,214.11,239.89,108.36,41.67,8.42,43.34,2.13,171.36,2.27,0.89,8.73,12.78,39.63,9.48,3.07,41.11,67.69,4.22
"1903","士紙",31.99,769.27,283.12,281.40,4.90,6.53,55.89,1.02,357.84,0.25,0.03,1.07,1.42,3.41,25.84,0.32,7.47,0.00,3.07
"1904","正隆",57.25,143.26,144.49,81.34,13.73,6.48,56.32,4.30,84.88,1.41,0.71,6.67,14.54,45.00,8.92,3.58,20.58,76.41,1.94
"1905","華紙",48.09,126.33,109.15,72.80,-2.17,6.13,59.54,4.87,74.94,1.34,0.65,1.61,2.68,4.76,2.10,0.45,3.77,26.70,0.96
"1906","寶隆",23.75,19345.28,17.56,15.52,12.32,21.69,16.82,87.44,4.17,49.60,0.20,2.28,2.79,12.86,10.01,1.22,8.05,75.41,1.36
"1907","永豐餘",51.77,200.23,143.29,99.16,1899.13,5.18,70.46,6.47,56.41,1.76,0.66,6.30,12.51,58.85,9.10,3.13,21.98,109.84,3.86
"1909","榮成",64.96,107.95,76.41,45.74,3.12,5.00,73.00,9.46,38.58,1.27,0.73,4.67,8.91,22.48,4.16,1.84,12.24,50.37,3.25
"2002","中鋼",43.76,141.92,129.69,36.06,48.93,27.76,13.14,2.84,128.52,1.17,0.67,10.62,19.41,53.52,15.62,4.02,44.03,115.87,5.98
"2006","東和鋼鐵",46.33,180.03,136.53,30.18,49.57,15.13,24.12,3.01,121.26,3.23,1.06,12.10,20.62,100.67,10.07,5.95,-4.58,21.05,-4.65
"2007","燁興",43.31,197.95,86.82,33.77,1.13,21.02,17.36,4.03,90.57,1.41,0.54,0.84,0.18,0.30,0.19,0.02,0.49,1.51,0.10
"2008","高興昌",59.47,241.45,65.55,43.78,211.02,15.37,23.74,2.22,164.41,1.02,0.21,1.24,1.46,3.11,4.37,0.21,-3.19,-33.75,-1.45
"2009","第一銅",22.24,623.55,148.95,37.47,5894.00,12.97,28.14,1.91,191.09,3.04,0.44,5.97,7.69,12.97,13.13,1.18,3.68,43.12,0.00
"2010","春源",48.80,242.79,160.70,102.37,25.71,4.88,74.79,3.88,94.07,5.02,1.14,6.26,10.90,24.10,4.73,1.88,0.00,19.59,0.00
"2012","春雨",63.22,288.04,223.77,101.09,12.99,4.77,76.51,2.41,151.45,3.79,1.01,8.13,19.87,38.89,7.40,2.81,5.64,44.19,-0.54
"2013","中鋼構",62.72,375.51,127.26,27.98,22.75,12.87,28.36,1.89,193.12,9.66,1.12,3.60,9.89,28.91,3.09,2.49,13.29,131.89,5.59
"2014","中鴻",39.80,272.02,173.51,29.37,154.41,55.83,6.53,5.38,67.84,5.04,1.66,19.78,33.60,48.85,11.82,4.42,20.59,84.74,2.87
"2015","豐興",17.76,247.03,301.77,123.00,636.15,22.49,16.22,6.12,59.64,4.29,1.43,16.20,19.41,86.46,10.52,6.94,24.59,55.57,-2.55
"2017","官田鋼",45.60,227.20,132.50,58.10,9.50,13.00,28.07,1.80,202.77,1.20,0.40,6.60,11.00,18.90,15.60,1.98,-8.20,40.20,-2.70
"2020","美亞",55.43,455.86,138.31,62.35,19.37,11.70,31.19,2.72,134.19,6.46,0.88,10.97,23.00,23.49,11.87,3.52,4.97,38.51,-3.70
"2022","聚亨",27.67,210.48,202.98,85.71,12.19,14.81,24.64,3.69,98.91,3.20,1.27,6.08,8.06,11.38,4.43,0.89,31.08,21.32,6.28
"2023","燁輝",65.42,140.18,98.02,41.11,5.63,32.90,11.09,7.01,52.06,1.94,1.01,7.04,17.19,33.41,5.80,2.75,13.87,38.40,4.34
"2024","志聯",37.67,120.69,129.68,59.32,2629.00,6.07,60.13,3.17,115.14,1.39,0.78,7.58,12.01,18.34,9.39,1.47,29.65,84.03,10.24
"2025","千興",64.22,203.79,119.26,46.32,21.25,272.45,1.33,5.78,63.14,4.06,1.33,15.49,48.77,9.83,11.18,0.98,46.58,"NA",8.88
"2027","大成鋼",50.10,629.96,375.32,84.62,12.91,14.55,25.08,1.37,266.42,6.90,0.94,12.16,25.31,76.75,11.93,5.76,62.48,36.30,11.91
"2028","威致",45.54,186.63,211.50,48.29,4233.53,21.42,17.04,4.28,85.28,3.93,1.79,22.57,43.29,59.82,12.25,5.11,8.47,58.44,1.63
"2029","盛餘",15.20,428.64,561.61,341.88,254.50,15.85,23.02,5.35,68.22,5.79,1.32,11.79,13.58,49.57,8.93,3.94,14.08,42.64,0.25
"2030","彰源",65.66,173.16,145.51,50.39,16.71,11.38,32.07,2.37,154.00,3.43,1.17,9.88,27.18,59.10,7.90,4.29,-7.49,21.55,-5.85
"2031","新光鋼",55.22,434.02,155.00,81.64,30.49,3.61,101.10,2.04,178.92,3.06,0.62,12.49,28.12,103.02,19.65,8.62,5.53,12.32,-0.61
"2032","新鋼",19.02,355.24,561.08,368.01,261.43,4.73,77.16,7.62,47.90,6.19,1.62,7.77,9.48,15.72,4.78,1.28,21.79,13.44,-0.51
"2033","佳大",20.23,229.21,219.71,117.62,12.33,4.02,90.79,3.49,104.58,1.85,0.64,1.28,1.41,2.26,1.74,0.18,-26.44,105.49,-6.00
"2034","允強",50.71,232.23,131.50,42.38,4609.53,14.59,25.01,3.09,118.12,3.76,1.10,7.99,13.62,38.86,7.08,2.86,-19.95,65.48,-16.53
"2038","海光",56.45,124.27,105.03,44.52,15.82,11.11,32.85,4.23,86.28,2.67,1.18,5.48,11.88,30.77,4.33,2.54,32.48,-15.64,11.58
"2049","上銀",40.30,135.92,133.93,72.85,27.45,5.12,71.28,2.11,172.98,0.99,0.55,6.65,11.30,131.31,11.57,10.36,58.91,79.69,20.17
"2059","川湖",18.33,562.33,723.46,666.72,266.06,4.51,80.93,4.30,84.88,2.59,0.41,14.44,17.47,272.38,32.67,21.75,90.39,136.35,6.15
"2062","橋椿",54.14,147.14,156.89,107.72,878.90,3.31,110.27,4.68,77.99,1.37,0.72,3.66,7.44,26.61,4.52,2.48,-25.79,19.49,-6.95
"2069","運錩",61.82,164.61,143.01,46.60,7.64,13.13,27.79,3.99,91.47,3.51,1.45,8.70,19.71,55.38,5.19,4.73,-25.18,-19.21,-14.82
"2101","南港",69.86,233.74,131.34,52.84,-1.38,3.91,93.35,0.57,640.35,0.97,0.23,-0.49,-2.21,-2.63,-3.01,-0.29,-16.01,54.69,-1.41
"2102","泰豐",54.12,154.68,275.98,98.44,-3515.50,1.77,206.21,2.47,147.77,0.20,0.11,-17.58,-36.57,-48.61,-150.51,-5.11,-42.69,1.32,-4.69
"2103","台橡",38.70,239.11,180.88,110.62,51.87,8.09,45.11,4.95,73.73,3.15,1.05,14.66,24.81,68.22,13.72,4.76,31.61,92.56,5.88
"2104","國際中橡",38.76,256.04,193.24,171.87,28.53,5.55,65.76,7.07,51.62,1.43,0.45,6.60,9.94,54.38,13.94,3.50,26.25,93.62,6.82
"2105","正新",45.58,135.27,169.25,108.87,1399.00,7.74,47.15,4.07,89.68,1.19,0.67,3.80,6.52,22.08,5.21,1.63,43.85,94.21,4.86
"2106","建大",59.56,220.97,212.86,102.79,10.64,8.47,43.09,2.74,133.21,2.37,0.75,2.38,4.85,18.51,2.63,1.01,-9.56,26.00,-4.37
"2107","厚生",8.98,1506.05,952.80,697.59,205.76,14.54,25.10,0.70,521.42,3.37,0.22,6.16,6.73,24.05,27.84,2.27,185.49,371.31,9.09
"2108","南帝",19.27,601.07,468.16,426.93,2550.02,11.09,32.91,10.18,35.85,8.64,1.33,42.64,53.45,198.94,31.86,14.92,254.96,265.43,30.88
"2109","華豐",46.27,189.08,198.98,131.50,17.75,6.39,57.12,3.82,95.54,1.60,0.68,7.27,12.43,20.01,10.09,1.30,20.83,72.44,6.11
"2114","鑫永銓",14.75,287.73,483.66,411.73,10051.40,8.70,41.95,3.74,97.59,1.77,0.58,29.32,34.15,136.60,49.99,12.42,95.37,89.39,3.08
"2115","六暉-KY",42.74,204.26,308.10,217.57,49.44,4.30,84.88,3.43,106.41,1.83,0.69,8.24,14.06,56.02,11.75,4.02,45.24,47.06,5.45
"2201","裕隆",78.17,272.36,103.46,97.65,21.29,0.50,730.00,4.64,78.66,2.20,0.25,2.60,11.42,96.98,9.92,4.82,-8.90,-297.22,-19.52
"2204","中華",15.37,771.73,288.55,215.77,49336.73,14.58,25.03,6.80,53.67,4.89,0.57,8.07,9.57,91.73,14.15,7.67,63.76,73.87,0.59
"2206","三陽工業",63.85,236.38,132.84,86.91,12.96,15.14,24.10,5.38,67.84,3.28,0.92,4.69,11.95,29.35,4.72,2.30,8.67,62.84,0.79
"2207","和泰車",72.98,225.76,109.20,101.13,203.02,1.05,347.61,15.71,23.23,3.97,0.64,6.14,21.93,457.19,9.62,29.68,0.00,43.46,-7.10
"2208","台船",69.66,181.09,117.59,23.69,1.05,9.83,37.13,7.05,51.77,1.58,0.47,0.36,0.10,0.11,0.04,0.01,3.90,19.32,1.94
"2211","長榮鋼",23.79,919.74,260.62,194.39,118.54,9.58,38.10,5.40,67.59,4.11,0.46,5.53,7.45,46.54,11.79,3.11,32.62,42.96,0.95
"2227","裕日車",22.93,1301.44,224.12,219.47,252.76,68.96,5.29,"NA","NA",13.53,0.94,11.59,14.87,126.69,12.26,10.08,-6.48,9.86,-22.91
"2228","劍麟",30.01,241.97,382.11,280.20,33.94,4.13,88.37,3.76,97.07,1.89,0.67,4.47,6.38,30.06,6.49,3.14,36.61,68.37,4.18
"2231","為升",51.28,309.65,163.83,120.44,19.16,2.58,141.47,2.05,178.04,2.31,0.48,6.01,11.85,47.78,11.95,4.23,19.53,10.05,10.68
"2233","宇隆",36.30,232.03,236.31,177.03,67.09,5.03,72.56,3.05,119.67,2.06,0.70,11.67,17.73,108.10,16.39,9.01,66.81,85.11,12.29
"2236","百達-KY",43.02,603.56,287.74,202.89,11.65,3.43,106.41,2.49,146.58,5.25,0.62,3.52,5.57,24.11,5.15,1.47,22.95,271.91,1.86
"2239","英利-KY",53.07,191.92,131.97,84.49,7.14,3.52,103.69,3.52,103.69,2.01,0.63,3.48,6.87,98.52,4.84,5.64,12.35,73.15,5.75
"2241","艾姆勒",45.31,144.38,205.48,134.68,-12.96,3.08,118.50,4.00,91.25,0.79,0.43,-3.86,-6.63,-12.75,-9.64,-1.23,-47.66,-23.17,-9.69
"2243","宏旭-KY",87.99,181.31,92.92,30.81,0.00,1.85,197.29,0.77,474.02,2.23,0.38,-2.29,-15.25,-17.32,-5.30,-1.82,10.81,23.76,27.66
"2247","汎德永業",40.60,312.50,240.55,183.54,40.84,108.91,3.35,11.11,32.85,8.64,2.20,6.64,10.75,194.03,2.94,15.36,118.49,91.08,35.46
"2248","華勝-KY",39.13,413.38,171.20,125.31,36.93,2.42,150.82,3.22,113.35,4.98,0.75,7.78,12.64,24.76,10.01,2.28,0.07,140.95,0.03
"2250","IKKA-KY",53.98,265.11,187.59,141.61,15.51,4.56,80.04,6.63,55.05,4.72,1.17,5.26,12.26,81.48,4.12,6.06,5.99,157.48,-0.25
"2254","巨鎧精密-創",70.56,105.63,97.17,78.19,33.49,81.41,4.48,6.49,56.24,1.28,0.75,16.81,54.02,111.90,21.66,9.47,66.81,"NA",29.90
"2258","鴻華先進-創",2.89,1322.33,1573.81,1473.13,"NA",5.00,73.00,2.31,158.00,0.06,0.00,-5.14,-5.29,-6.31,-1187.69,-0.51,"NA","NA","NA"
"2301","光寶科",60.30,400.37,136.32,104.59,80.33,4.18,87.32,4.45,82.02,8.84,0.92,7.84,19.03,75.00,8.45,6.01,11.27,93.06,-0.37
"2302","麗正",16.29,364.30,207.86,140.59,57.34,4.62,79.00,3.24,112.65,1.48,0.35,4.02,4.80,5.45,11.39,0.51,17.91,103.71,-0.08
"2303","聯電",39.45,247.06,221.21,196.55,34.08,6.82,53.51,6.19,58.96,1.62,0.51,13.45,21.59,50.04,25.87,4.57,85.68,145.64,5.93
"2305","全友",22.32,572.39,455.54,375.91,1155.00,10.49,34.79,2.63,138.78,1.35,0.22,0.84,0.90,2.20,3.19,0.06,-3.65,0.00,-0.32
"2308","台達電",49.02,294.50,182.01,118.63,12170.71,4.67,78.15,3.57,102.24,4.34,0.90,7.71,17.82,137.16,8.52,10.32,26.18,76.06,5.31
"2312","金寶",76.04,171.25,105.04,58.94,2.22,5.34,68.35,4.95,73.73,5.68,1.35,0.79,0.87,6.15,0.16,0.01,-5.25,6.26,-6.19
"2313","華通",55.04,153.56,178.03,130.82,2784.54,4.24,86.08,6.03,60.53,2.02,0.91,7.72,16.71,56.47,8.15,4.31,42.97,94.29,8.31
"2314","台揚",70.05,569.90,139.07,71.58,-21.81,3.69,98.91,2.04,178.92,7.17,0.66,-7.20,-20.54,-20.10,-11.45,-1.97,-43.26,23.04,-48.40
"2316","楠梓電",44.36,441.53,168.02,121.03,18.77,3.78,96.56,4.14,88.16,2.40,0.40,4.24,7.09,35.58,9.97,2.94,-14.40,-0.08,-4.12
"2317","鴻海",59.75,616.30,151.90,116.81,9.88,5.66,64.48,8.67,42.09,20.07,1.58,4.51,10.10,139.63,2.57,10.05,-4.92,36.40,-7.19
"2321","東訊",76.57,1025.18,98.47,78.29,207.02,5.29,68.99,3.47,105.18,11.30,0.54,1.76,3.76,2.45,1.68,0.12,0.00,247.06,0.00
"2323","中環",23.65,432.50,386.52,282.71,5.99,4.66,78.32,1.86,196.23,1.68,0.36,0.72,0.69,2.40,1.51,0.14,"NA",32.32,2.47
"2324","仁寶",77.37,499.63,121.10,92.13,17.65,4.73,77.16,11.31,32.27,50.36,2.46,2.90,11.57,39.64,1.11,2.90,0.00,27.41,-4.11
"2327","國巨",62.01,305.94,114.85,85.85,31.89,6.87,53.12,3.22,113.35,2.52,0.54,11.98,30.99,605.57,21.50,46.46,30.26,107.04,13.36
"2328","廣宇",42.05,654.64,186.19,134.12,121.18,4.19,87.11,6.00,60.83,12.67,1.08,5.21,8.65,29.89,4.80,1.87,2.01,65.26,-0.75
"2329","華泰",47.28,209.54,156.70,122.93,59.48,5.51,66.24,8.77,41.61,2.98,1.01,9.88,18.47,26.36,9.60,2.24,52.36,162.53,10.36
"2330","台積電",41.73,151.18,217.32,190.61,123.48,9.20,39.67,4.65,78.49,0.90,0.49,18.56,29.69,255.73,37.61,23.01,150.39,97.84,13.56
"2331","精英",56.44,418.76,140.80,106.77,6.53,5.15,70.87,7.11,51.33,11.69,1.33,0.49,0.86,3.03,0.29,0.13,-15.40,-19.91,-15.25
"2332","友訊",37.93,923.58,220.26,141.21,16.24,4.65,78.49,3.25,112.30,15.49,1.02,2.23,2.55,6.58,1.54,0.38,-36.41,15.61,-17.36
"2337","旺宏",39.09,182.65,217.98,143.24,57.34,8.60,42.44,2.26,161.50,1.59,0.71,17.04,28.85,71.81,23.65,6.48,90.23,94.85,9.00
"2338","光罩",69.78,235.25,132.44,123.27,12.72,5.57,65.52,14.86,24.56,1.68,0.48,7.67,21.32,46.08,14.59,5.65,-19.88,-3.74,-16.95
"2340","台亞",21.45,379.05,341.99,280.91,64.66,4.16,87.74,3.44,106.10,2.29,0.53,7.33,9.54,23.09,13.50,2.11,77.28,142.48,6.37
"2342","茂矽",40.25,746.30,408.99,375.22,30.29,6.18,59.06,4.74,77.00,5.27,0.56,7.41,10.98,15.88,12.70,1.58,42.95,125.97,1.10
"2344","華邦電",41.05,203.16,253.12,193.89,89.51,9.07,40.24,3.79,96.30,1.62,0.71,10.87,18.67,45.78,15.06,3.42,106.04,95.71,9.35
"2345","智邦",55.59,1113.07,180.14,103.85,136.21,6.22,58.68,4.50,81.11,39.87,1.80,14.33,31.33,102.36,7.89,8.44,7.75,23.99,-10.92
"2347","聯強",67.33,731.69,128.33,87.65,4839.97,5.44,67.09,9.83,37.13,42.66,2.26,9.78,29.23,139.28,4.22,10.35,-7.67,12.65,-24.65
"2348","海悅",71.07,34865.57,371.90,112.61,19.06,5.19,70.32,0.38,960.52,130.18,0.41,12.02,37.62,168.66,27.53,15.58,-103.84,-53.86,-38.84
"2349","錸德",45.44,170.36,164.82,128.31,0.97,4.76,76.68,3.51,103.98,0.83,0.39,-0.14,-1.21,-0.06,-1.69,-0.49,9.41,85.48,1.38
"2351","順德",49.92,191.77,213.41,95.17,19.83,4.99,73.14,2.62,139.31,2.38,0.94,8.10,14.51,64.10,8.16,4.68,14.67,60.22,1.11
"2352","佳世達",64.66,299.29,124.44,66.53,19.87,6.50,56.15,4.54,80.39,7.15,1.26,6.16,16.76,66.06,4.64,4.22,2.39,54.60,-1.41
"2353","宏碁",69.26,2104.73,135.29,87.56,46.85,5.35,68.22,5.54,65.88,80.54,1.60,5.80,17.64,50.64,3.54,3.63,5.02,63.59,2.66
"2354","鴻準",36.34,2466.04,191.70,182.12,40.60,3.78,96.56,18.06,20.21,21.87,0.61,2.64,3.99,39.63,4.24,3.17,7.35,81.01,1.53
"2355","敬鵬",34.22,206.70,203.88,142.77,22.02,4.76,76.68,4.74,77.00,2.47,0.79,1.54,2.20,11.58,1.85,0.85,-2.35,122.24,-1.33
"2356","英業達",77.22,245.88,115.29,80.55,11.43,5.31,68.73,9.30,39.24,18.92,2.10,2.83,10.41,21.46,1.14,1.82,-6.96,0.92,-0.20
"2357","華碩",51.12,1369.52,146.40,72.44,346.47,6.22,58.68,2.92,125.00,26.47,1.19,10.38,20.22,795.53,8.71,59.98,13.73,35.04,4.77
"2359","所羅門",36.91,1140.50,173.50,114.20,2560.35,5.11,71.42,3.02,120.86,8.25,0.54,3.13,4.40,15.09,5.55,1.16,-10.34,41.76,-6.59
"2360","致茂",35.87,355.40,186.87,133.86,119.11,3.49,104.58,2.38,153.36,3.80,0.61,14.62,24.17,125.25,23.77,9.96,32.89,62.77,3.39
"2362","藍天",54.75,3059.85,115.21,77.65,4.52,9.37,38.95,4.83,75.56,7.45,0.29,2.49,4.43,34.64,6.66,3.03,3.74,66.02,1.12
"2363","矽統",0.49,3111.19,831.39,694.06,436.38,9.46,38.58,0.85,429.41,0.33,0.01,0.90,0.90,2.87,73.24,0.29,-337.43,-185.61,-3.50
"2364","倫飛",74.66,113.84,65.94,38.09,3.40,12.92,28.25,2.90,125.86,3.08,0.76,3.00,9.51,10.49,2.97,1.14,0.10,204.11,0.09
"2365","昆盈",17.75,490.69,698.54,533.12,16.96,11.35,32.15,3.39,107.66,2.05,0.38,1.50,1.72,3.73,3.72,0.23,-40.18,45.91,-5.29
"2367","燿華",58.84,125.80,109.68,72.85,179.00,3.33,109.60,6.34,57.57,1.03,0.58,-0.64,-2.53,1.48,-1.79,-0.39,-6.81,68.65,-1.56
"2368","金像電",54.36,251.38,176.77,125.92,44.09,3.34,109.28,5.12,71.28,4.72,1.14,12.79,28.32,53.56,11.00,5.38,23.26,118.45,5.24
"2369","菱生",35.30,181.40,220.11,172.63,66.79,5.00,73.00,10.18,35.85,2.06,0.82,11.06,16.58,27.25,12.05,2.35,57.60,97.09,11.12
"2371","大同",77.20,191.73,72.33,42.96,2.05,5.93,61.55,1.64,222.56,0.93,0.27,4.13,10.43,11.34,8.68,1.57,5.64,-0.48,1.36
"2373","震旦行",51.09,442.26,152.24,124.71,45.52,8.59,42.49,4.36,83.71,5.59,0.75,8.61,17.10,85.54,11.24,6.19,22.48,72.42,1.07
"2374","佳能",26.20,207.23,200.87,153.69,94.41,4.72,77.33,2.43,150.20,1.11,0.40,8.05,11.52,32.05,20.15,2.42,-27.36,-12.02,-7.08
"2375","凱美",54.76,377.83,133.92,109.77,21.85,3.25,112.30,3.33,109.60,2.99,0.43,6.66,13.33,98.73,14.76,8.62,8.43,98.21,4.09
"2376","技嘉",45.79,913.09,196.09,105.88,2985.51,13.03,28.01,4.29,85.08,29.53,2.06,22.50,41.11,253.48,10.94,21.01,27.17,77.32,13.17
"2377","微星",53.60,836.18,173.89,99.29,110389.06,7.87,46.37,4.92,74.18,37.23,2.24,18.83,40.96,244.19,8.38,20.03,23.48,75.22,13.97
"2379","瑞昱",61.52,672.87,146.62,117.36,171.22,7.07,51.62,3.78,96.56,19.62,1.17,18.90,49.26,344.14,15.97,33.00,31.19,128.26,23.78
"2380","虹光",61.31,261.81,126.05,51.77,0.00,6.95,52.51,2.64,138.25,5.45,1.07,-3.99,-11.98,-6.98,-4.45,-0.69,-27.10,0.00,-13.76
"2382","廣達",76.57,347.22,124.71,86.41,39.92,4.87,74.94,6.12,59.64,20.30,1.57,5.10,21.58,112.45,3.04,8.73,"NA",58.44,"NA"
"2383","台光電",45.92,247.13,178.41,140.68,91.56,3.32,109.93,6.20,58.87,4.55,1.05,17.26,30.11,207.62,14.29,16.50,27.76,78.25,6.03
"2385","群光",56.96,209.81,127.75,77.07,159.40,4.08,89.46,4.36,83.71,7.32,1.34,7.79,21.14,126.82,5.73,8.71,9.39,84.46,1.03
"2387","精元",58.59,168.58,128.17,91.29,18.89,3.02,120.86,5.41,67.46,3.82,1.09,5.00,11.86,72.76,4.32,5.31,9.31,33.29,2.86
"2388","威盛",0.35,8.29,3.21,2.82,89.24,12.46,29.29,2.32,157.32,3.50,0.35,0.22,0.35,0.94,0.62,8.01,0.32,0.00,0.06
"2390","云辰",10.64,1622.78,822.72,661.92,704.23,8.00,45.62,0.89,410.11,2.33,0.17,41.77,45.56,71.83,241.19,6.67,-23.52,-167.75,-2.36
"2392","正崴",60.90,252.90,167.88,104.81,7.31,5.13,71.15,5.15,70.87,4.15,1.05,1.95,4.28,42.03,1.54,1.90,-11.85,58.81,-6.55
"2393","億光",38.38,247.37,186.13,169.75,52.70,3.41,107.03,10.79,33.82,3.18,0.82,6.70,10.86,57.78,7.98,4.37,37.52,140.43,8.46
"2395","研華",33.66,403.29,222.29,141.41,65554.06,6.15,59.34,3.59,101.67,5.81,1.09,15.40,22.63,132.42,14.17,10.67,55.33,90.04,8.92
"2397","友通",55.30,215.89,184.81,98.67,41.15,5.48,66.60,3.72,98.11,6.04,1.30,7.86,14.84,85.96,5.92,5.38,-23.20,34.02,-19.86
"2399","映泰",26.23,1854.26,330.45,195.87,8137.82,19.21,19.00,2.53,144.26,20.87,0.84,11.85,15.79,22.84,13.03,2.03,11.02,2.96,0.75
"2401","凌陽",23.19,669.36,339.05,280.00,14635.18,6.39,57.12,3.26,111.96,4.07,0.54,12.19,15.54,34.76,22.06,2.01,65.89,84.13,8.46
"2402","毅嘉",36.77,230.36,206.08,165.38,22.22,2.61,139.84,5.66,64.48,2.37,0.71,2.52,3.90,8.70,3.44,0.75,14.30,85.36,2.39
"2404","漢唐",58.88,793.93,143.61,117.94,301.74,4.85,75.25,0.22,1659.09,24.17,1.08,11.14,28.32,186.55,11.01,14.53,15.85,129.59,-13.71
"2405","輔信",21.16,383.87,381.33,287.29,92.97,8.30,43.97,1.92,190.10,2.56,0.43,4.66,5.58,8.17,10.64,0.58,10.68,42.83,2.29
"2406","國碩",50.33,243.66,161.04,123.97,-1.51,3.63,100.55,4.76,76.68,1.97,0.54,-1.24,-4.14,-9.25,-3.27,0.09,15.38,67.61,5.30
"2408","南亞科",9.63,230.59,678.45,594.32,1174.25,8.80,41.47,3.77,96.81,1.09,0.47,12.80,13.98,89.65,26.69,7.40,281.09,115.92,12.42
"2409","友達",44.00,161.10,155.20,125.70,31.60,6.80,53.67,9.10,40.10,2.10,0.90,15.70,29.40,69.00,17.10,6.44,84.60,145.50,9.10
"2412","中華電",23.74,155.23,141.57,120.33,21214.92,8.32,43.87,4.31,84.68,0.74,0.41,7.33,9.53,59.38,17.67,4.61,116.43,110.18,3.70
"2413","環科",62.24,259.16,164.19,76.26,3.18,5.69,64.14,2.70,135.18,3.28,0.85,1.37,2.56,4.61,1.09,0.35,-17.52,0.03,-6.18
"2414","精技",51.62,313.92,162.20,114.82,78.06,6.62,55.13,13.50,27.03,17.90,3.07,7.49,15.75,45.28,2.40,3.44,12.60,91.47,5.17
"2415","錩新",71.76,432.09,132.74,116.97,7.52,5.84,62.50,2.83,128.97,3.26,0.26,3.67,9.29,53.53,8.92,2.73,9.80,95.17,13.09
"2417","圓剛",33.50,268.82,202.32,130.88,6601.00,5.41,67.46,1.80,202.77,3.01,0.66,5.04,7.15,33.46,7.52,0.27,22.57,102.85,2.26
"2419","仲琦",50.78,309.86,158.43,92.93,10.83,4.80,76.04,2.16,168.98,5.29,0.82,2.09,1.48,9.38,2.29,0.22,-4.84,16.53,0.00
"2420","新巨",39.81,368.19,211.19,122.97,50.21,5.71,63.92,1.98,184.34,2.11,0.47,10.57,17.48,47.98,21.92,3.82,74.40,112.67,7.33
"2421","建準",62.09,256.31,134.48,91.64,21.78,4.06,89.90,5.18,70.46,6.51,1.24,4.10,9.58,23.32,3.17,1.71,3.06,67.53,-8.02
"2423","固緯",30.39,266.77,236.87,132.76,109.92,3.53,103.39,1.60,228.12,2.78,0.73,8.15,12.17,27.91,11.10,2.00,49.38,113.99,8.27
"2424","隴華",53.51,129.89,65.74,51.01,-2532.38,4.53,80.57,9.38,38.91,0.04,0.03,-46.72,-103.65,-65.75,-1706.78,-8.57,-43.28,-86.33,-80.64
"2425","承啟",39.52,8882.72,220.57,165.71,37.37,4.76,76.68,14.58,25.03,225.22,1.92,5.30,8.16,20.51,2.50,1.27,45.11,166.84,29.39
"2426","鼎元",28.79,307.84,339.97,263.53,40.99,3.31,110.27,2.75,132.72,1.86,0.51,11.86,17.20,27.31,22.95,2.41,22.75,50.87,0.43
"2427","三商電",50.10,307.90,141.71,61.45,1590.44,8.51,42.89,1.68,217.26,4.47,0.78,3.54,6.63,9.92,4.28,0.81,3.06,95.14,0.42
"2428","興勤",34.67,395.49,383.25,292.34,187.71,3.23,113.00,2.65,137.73,3.12,0.63,13.50,20.23,168.54,21.20,12.31,68.16,100.03,7.08
"2429","銘旺科",61.71,142.68,113.08,77.24,59.13,10.04,36.35,9.30,39.24,2.80,1.08,-0.07,-2.98,-1.12,-0.96,0.05,"NA",72.50,"NA"
"2430","燦坤",67.29,300.78,96.76,54.56,12.61,235.11,1.55,7.98,45.73,7.01,1.52,4.76,13.11,48.79,2.88,3.93,45.61,210.49,23.60
"2431","聯昌",28.88,1537.87,316.63,255.89,6217.59,3.84,95.05,3.92,93.11,14.41,0.72,5.35,8.05,14.21,7.32,1.03,-16.33,-75.26,-5.13
"2432","倚天酷碁-創",54.28,56088.24,145.02,123.07,191.64,5.25,69.52,13.41,27.21,2273.07,1.71,3.42,7.17,11.69,1.98,0.95,10.71,0.00,11.46
"2433","互盛電",38.89,217.56,183.49,167.97,4951.77,10.42,35.02,4.06,89.90,1.38,0.49,7.25,11.67,46.22,14.58,3.80,80.47,72.31,14.30
"2434","統懋",18.84,150.93,331.38,277.89,-2069.95,3.88,94.07,4.41,82.76,0.34,0.22,-3.01,-4.35,-5.11,-13.92,-0.54,-7.29,-165.94,-0.24
"2436","偉詮電",30.30,1247.60,324.58,272.07,182.68,3.51,103.98,4.29,85.08,12.04,0.75,15.78,21.97,46.49,20.86,4.25,13.13,33.42,-2.12
"2438","翔耀",16.18,276.87,482.31,426.76,55.48,3.59,101.67,7.63,47.83,1.13,0.39,1.94,2.22,5.08,4.86,-0.07,70.80,954.59,4.33
"2439","美律",64.11,441.81,139.78,107.28,21.50,3.26,111.96,6.86,53.20,9.46,1.06,3.98,11.04,73.08,3.57,5.40,16.77,68.04,9.82
"2440","太空梭",43.95,631.81,192.75,160.96,845.12,3.69,98.91,13.40,27.23,18.77,1.68,5.15,7.86,10.82,2.49,0.75,-9.47,-40.96,-7.35
"2441","超豐",21.41,152.06,209.81,184.42,"NA",4.95,73.73,12.35,29.55,1.58,0.81,19.16,23.71,101.08,23.65,8.09,137.02,0.98,15.60
"2442","新美齊",63.65,8548.37,152.50,41.59,75.57,236.98,1.54,0.13,2807.69,25.70,0.13,4.09,11.46,20.04,31.28,1.99,0.44,-34.50,0.68
"2444","兆勁",52.93,200.31,128.29,52.46,-2.26,4.02,90.79,2.16,168.98,3.94,0.95,1.12,1.40,1.28,0.69,0.12,2.16,0.00,7.05
"2449","京元電子",51.71,128.13,169.14,154.15,20.96,4.94,73.88,18.56,19.66,0.80,0.51,8.25,16.30,56.06,15.50,4.23,123.14,87.72,7.86
"2450","神腦",44.62,816.14,175.73,113.43,88.17,16.94,21.54,11.78,30.98,37.76,2.91,5.66,9.87,27.68,1.92,2.31,14.43,92.46,3.52
"2451","創見",11.60,1031.76,698.43,225.62,2507.93,9.36,38.99,2.26,161.50,6.78,0.66,11.74,13.16,72.92,17.70,5.90,101.81,62.14,6.31
"2453","凌群",53.36,565.66,163.93,136.41,56.71,4.32,84.49,10.22,35.71,15.83,1.39,5.14,11.11,27.19,3.66,2.16,8.98,121.40,1.88
"2454","聯發科",34.38,886.42,164.30,128.74,65962.61,10.74,33.98,3.57,102.24,11.20,0.82,18.75,27.66,793.37,22.67,70.56,22.30,96.92,-3.30
"2455","全新",32.42,144.61,167.76,130.80,158.66,6.87,53.12,4.67,78.15,1.53,0.79,18.77,27.67,56.93,23.70,4.62,85.88,84.52,10.21
"2457","飛宏",57.12,229.25,157.82,104.41,-6.39,5.75,63.47,4.14,88.16,4.20,1.02,-2.34,-5.91,-7.94,-2.54,-0.92,-15.42,-11.44,-9.08
"2458","義隆",35.19,1268.50,248.72,200.38,616.66,9.12,40.02,3.76,97.07,20.08,1.17,32.09,49.66,199.46,27.43,17.64,108.44,132.81,19.69
"2459","敦吉",46.39,399.94,292.41,265.36,34.08,3.99,91.47,9.79,37.28,3.96,0.77,6.82,12.10,81.94,8.53,5.01,28.32,161.76,3.43
"2460","建通",57.23,186.53,143.89,98.02,9.37,3.28,111.28,3.31,110.27,2.69,0.80,5.17,10.67,22.64,5.63,1.47,0.24,49.90,0.12
"2461","光群雷",48.01,417.51,228.61,166.92,13.91,3.90,93.58,4.09,89.24,4.88,0.76,4.54,13.93,24.65,5.57,2.42,11.80,100.62,0.70
"2462","良得電",53.44,276.06,142.29,99.65,10.95,2.56,142.57,4.37,83.52,4.81,0.94,2.45,4.54,9.05,2.38,0.83,0.00,0.00,0.00
"2464","盟立",64.23,226.08,145.42,65.15,53.89,13.95,26.16,5.29,68.99,3.88,0.86,4.70,12.77,31.53,5.39,2.70,17.14,141.52,9.77
"2465","麗臺",62.61,447.83,152.11,83.39,3772.58,26.72,13.66,12.98,28.12,45.64,4.79,24.26,81.17,101.81,4.93,8.12,10.64,102.49,10.55
"2466","冠西電",58.24,316.75,89.96,58.64,2.81,4.04,90.34,2.47,147.77,2.00,0.33,2.09,3.32,4.11,4.09,0.35,3.45,36.20,1.51
"2467","志聖",58.44,486.95,152.86,113.60,5390.36,2.54,143.70,2.78,131.29,7.35,0.78,9.61,23.04,57.49,11.54,4.35,12.36,117.44,0.34
"2468","華經",38.19,391.52,200.27,168.54,34.80,5.30,68.86,9.14,39.93,7.15,1.13,2.42,3.91,8.07,2.08,0.64,26.86,22.81,12.55
"2471","資通",38.67,3176.15,306.31,282.01,201.92,3.73,97.85,0.00,"*****",44.92,0.61,8.76,14.47,29.38,14.36,2.42,5.57,110.66,-5.21
"2472","立隆電",31.90,194.28,227.34,169.04,3744.18,3.57,102.24,4.95,73.73,2.11,0.80,12.25,18.02,115.61,14.81,6.12,20.57,78.66,0.58
"2474","可成",38.66,847.18,218.88,214.71,2599.04,3.04,120.06,5.90,61.86,2.03,0.16,3.55,5.55,158.48,20.91,11.31,10.67,114.51,0.20
"2476","鉅祥",36.56,531.52,280.93,237.43,71.74,4.63,78.83,4.92,74.18,5.24,0.74,8.75,15.16,55.30,11.73,3.49,21.35,72.26,2.52
"2477","美隆電",48.85,478.36,280.10,222.42,135.47,4.88,74.79,3.47,105.18,2.53,0.40,17.45,40.80,131.36,43.22,8.27,-38.02,24.86,-14.73
"2478","大毅",35.44,202.25,226.10,136.73,89.01,3.71,98.38,2.24,162.94,1.81,0.66,10.08,15.48,80.89,15.09,6.60,42.64,89.05,6.15
"2480","敦陽科",47.82,699.49,187.13,93.92,551.20,6.20,58.87,2.52,144.84,14.62,1.14,11.09,21.82,75.06,9.70,6.00,21.05,60.34,3.29
"2481","強茂",50.81,276.66,176.28,145.08,27.01,3.25,112.30,4.69,77.82,2.37,0.62,9.26,19.43,65.69,14.27,5.66,12.57,89.76,2.04
"2482","連宇",28.71,627.16,456.67,316.73,3.18,11.81,30.90,2.18,167.43,4.47,0.71,0.84,0.83,1.42,0.79,0.11,27.94,66.60,4.23
"2483","百容",41.59,174.07,151.35,101.82,24.00,5.13,71.15,4.03,90.57,1.25,0.53,3.94,6.27,20.34,7.12,1.40,-16.58,8.99,-4.68
"2484","希華",32.08,299.97,351.45,239.52,5843.74,4.03,90.57,3.11,117.36,2.22,0.61,7.86,11.35,32.56,12.56,2.54,68.26,64.02,4.31
"2485","兆赫",25.10,219.71,255.80,143.54,-3283.39,3.62,100.82,3.31,110.27,2.15,0.73,-4.30,-5.76,-12.30,-5.91,-1.11,-28.87,13.31,-8.89
"2486","一詮",49.94,317.24,243.75,166.69,1197.36,3.00,121.66,4.20,86.90,3.04,0.82,5.72,10.72,20.43,6.40,1.79,-19.61,21.36,-5.58
"2488","漢平",48.83,617.73,198.67,155.09,51.82,7.44,49.05,3.74,97.59,6.31,0.67,3.91,6.80,24.88,5.71,1.79,-3.33,61.50,-6.04
"2489","瑞軒",36.87,595.78,269.13,230.58,629.59,4.83,75.56,7.07,51.62,7.13,0.83,21.94,34.14,83.04,22.59,6.30,10.85,22.72,4.20
"2491","吉祥全",13.57,10710.93,750.81,635.08,178.28,7.58,48.15,0.35,1042.85,18.79,0.15,5.46,6.10,15.67,33.72,0.63,0.00,7.93,0.00
"2492","華新科",43.16,238.50,191.06,145.00,52.12,3.81,95.80,3.78,96.56,1.57,0.47,10.35,19.11,219.22,21.28,16.35,52.79,98.98,7.83
"2493","揚博",36.48,498.36,245.32,148.19,6238.65,3.54,103.10,1.91,191.09,6.05,0.78,9.17,14.32,37.06,11.68,3.00,36.20,6.84,17.57
"2495","普安",28.06,710.72,334.05,307.73,16.60,6.14,59.44,1.83,199.45,2.02,0.22,2.88,3.66,5.83,12.28,0.53,3.71,149.52,-0.62
"2496","卓越",34.97,300.03,75.53,72.99,36.04,73.14,4.99,117.48,3.10,2.27,0.53,4.71,7.07,38.87,8.55,3.02,44.66,1.64,23.71
"2497","怡利電",56.19,186.20,129.98,73.67,1232.06,4.27,85.48,2.18,167.43,2.69,0.82,3.58,7.06,14.43,3.90,0.81,-5.00,8.99,-2.73
"2498","宏達電",38.00,396.00,181.00,168.00,-58.00,9.95,36.68,1.76,207.38,0.69,0.12,-6.86,-10.86,-37.65,-59.05,-3.75,-30.86,-2617.72,-12.46
"3002","歐格",27.95,449.31,885.70,742.74,9.79,4.19,87.11,1.99,183.41,2.28,0.33,-0.09,-0.16,0.33,-0.33,-0.02,-28.52,47.81,-3.33
"3003","健和興",33.82,480.52,300.33,192.55,9571.78,5.31,68.73,1.76,207.38,3.89,0.63,10.40,15.10,70.17,16.35,4.98,2.69,73.83,-1.74
"3004","豐達科",58.79,114.35,163.47,71.22,-3.37,4.18,87.32,1.67,218.56,0.44,0.32,-1.78,-5.30,-20.01,-6.78,-1.84,10.89,72.20,0.84
"3005","神基",44.31,273.99,186.61,115.91,127.18,4.01,91.02,2.87,127.17,3.45,0.86,12.33,22.46,91.18,14.17,7.20,9.58,68.67,-3.38
"3006","晶豪科",37.44,980.56,238.52,165.61,29372.19,13.14,27.77,2.64,138.25,22.94,1.43,30.43,48.49,209.01,21.14,17.76,111.01,144.61,51.08
"3008","大立光",18.87,406.64,379.85,354.82,11827.71,4.45,82.02,3.87,94.31,1.37,0.27,10.79,13.22,1716.61,39.76,139.28,63.78,158.26,5.13
"3010","華立",61.39,537.46,160.96,123.50,24.70,3.83,95.30,12.91,28.27,16.54,1.67,7.66,19.06,170.16,4.41,12.05,11.35,26.10,4.84
"3011","今皓",50.61,360.59,162.99,123.78,-20.39,2.82,129.43,4.24,86.08,5.62,0.77,3.26,6.80,9.06,4.25,0.59,-17.88,-129.92,-9.01
"3013","晟銘電",68.92,138.83,117.36,73.53,-5.73,2.68,136.19,4.32,84.49,1.88,0.73,-1.65,-4.99,-7.67,-2.17,-0.74,1.72,31.93,0.23
"3014","聯陽",27.53,1016.76,262.94,210.08,1291.70,7.69,47.46,3.93,92.87,11.46,0.94,23.89,32.62,137.01,25.13,11.21,47.26,80.57,0.96
"3015","全漢",36.03,924.19,171.38,119.10,85.66,3.68,99.18,4.56,80.04,10.85,0.84,4.00,6.40,51.30,4.81,4.03,0.45,7.55,-6.40
"3016","嘉晶",30.29,282.52,276.83,216.35,38.96,4.37,83.52,4.77,76.51,2.61,0.80,6.21,8.79,16.90,7.55,1.35,45.23,74.38,6.94
"3017","奇鋐",72.31,221.54,138.09,76.64,5402.00,7.95,45.91,2.87,127.17,6.11,1.02,6.49,25.23,134.95,6.13,8.21,10.16,54.02,7.10
"3018","隆銘綠能",82.24,424.80,131.57,113.79,-17.24,4.45,82.02,0.16,2281.25,9.12,1.00,-18.28,-77.62,-29.22,-18.90,-4.18,-19.95,42.37,-19.77
"3019","亞光",29.75,632.54,296.39,234.26,161170.29,5.09,71.70,4.93,74.03,8.23,0.98,8.76,12.14,74.26,8.93,5.34,24.98,170.06,5.01
"3021","鴻名",55.00,320.00,1.51,0.90,23.05,4.39,83.14,3.13,116.61,7.94,1.23,5.03,10.36,22.52,4.00,1.41,1.00,45.81,-6.00
"3022","威強電",30.69,743.48,262.47,202.13,2356.35,5.85,62.39,3.15,115.87,5.22,0.56,7.72,11.07,58.82,13.86,4.90,27.47,123.44,3.73
"3023","信邦",58.98,429.29,153.42,77.87,39.36,3.55,102.81,2.29,159.38,9.23,1.00,10.04,23.80,129.32,9.74,10.00,9.36,30.70,-0.86
"3024","憶聲",34.98,2073.77,224.11,145.01,7.80,8.63,42.29,2.03,179.80,9.04,0.38,5.37,7.69,2.14,13.65,0.75,-7.66,-1256.04,0.00
"3025","星通",18.75,568.50,676.07,388.17,30.80,2.75,132.72,0.85,429.41,3.22,0.50,3.30,4.00,5.62,6.41,0.47,90.50,-18.68,2.84
"3026","禾伸堂",38.02,271.18,235.95,167.52,16154.00,5.26,69.39,4.82,75.72,4.20,1.02,11.96,18.71,130.95,11.06,12.36,34.07,78.76,2.00
"3027","盛達",39.77,302.02,162.05,110.21,1168.16,7.54,48.40,2.18,167.43,1.84,0.42,1.63,2.34,7.58,3.39,0.28,2.21,77.43,0.95
"3028","增你強",75.70,1427.35,128.29,72.21,1029.14,4.39,83.14,4.93,74.03,97.04,2.04,4.72,17.39,50.54,2.08,4.10,-8.08,-54.58,-26.55
"3029","零壹",48.62,1243.71,184.20,139.56,286.25,5.13,71.15,8.02,45.51,41.18,1.96,8.18,16.21,44.30,4.16,4.24,9.34,67.68,-0.77
"3030","德律",23.89,273.71,352.49,241.49,1007.14,2.60,140.38,1.73,210.98,2.52,0.70,15.81,20.09,65.94,21.14,5.02,37.17,70.07,-2.65
"3031","佰鴻",17.37,691.14,404.40,340.61,70.40,2.74,133.21,4.53,80.57,3.25,0.43,7.17,8.65,16.74,16.50,1.45,31.47,140.34,0.48
"3032","偉訓",54.84,241.43,140.91,88.24,28.38,3.28,111.28,3.81,95.80,5.00,0.95,4.56,10.55,45.92,4.61,2.63,6.02,43.79,-1.46
"3033","威健",70.86,6861.49,145.16,88.91,15.50,5.97,61.13,7.41,49.25,539.87,2.87,7.37,24.42,60.72,2.38,4.54,-3.86,-0.92,-12.85
"3034","聯詠",41.57,1226.22,278.79,238.33,2445.12,7.05,51.77,5.08,71.85,20.07,1.51,43.51,70.41,790.69,28.71,63.87,116.18,154.64,36.61
"3035","智原",32.25,1647.29,210.86,168.20,257.21,9.92,36.79,4.39,83.14,15.30,0.80,12.80,17.80,60.44,15.96,4.65,71.48,108.06,27.69
"3036","文曄",68.93,6250.35,134.86,73.91,24.49,6.50,56.15,7.77,46.97,446.24,2.94,5.39,15.71,108.54,1.75,9.96,"NA","NA","NA"
"3037","欣興",61.47,168.00,162.81,132.94,4913.45,5.08,71.85,6.70,54.47,1.61,0.71,9.34,22.80,112.72,12.93,8.98,87.52,112.67,23.32
"3038","全台",42.26,793.88,314.35,197.62,3019.51,6.19,58.96,3.44,106.10,12.59,1.16,6.77,11.67,16.49,5.65,1.60,15.82,73.02,-0.48
"3040","遠見",9.67,1628.80,746.15,699.37,0.00,18.92,19.29,4.24,86.08,2.25,0.11,8.01,8.71,26.76,72.30,1.97,76.68,19.30,-19.78
"3041","揚智",18.75,516.99,305.48,246.04,-92.16,10.37,35.19,2.87,127.17,4.74,0.74,-2.34,-2.89,-4.10,-3.18,-0.47,-4.70,-224.71,-1.23
"3042","晶技",38.66,272.23,232.29,175.70,8996.69,4.02,90.79,3.53,103.39,2.86,0.82,16.84,27.81,119.35,20.45,10.06,74.12,82.96,12.01
"3043","科風",91.47,42.83,74.48,25.23,3.34,4.75,76.84,1.91,191.09,3.42,0.85,2.65,19.54,1.18,2.27,0.12,-3.14,37.00,-8.43
"3044","健鼎",54.80,168.52,127.19,91.89,75.21,3.35,108.95,4.28,85.28,3.12,0.78,7.42,15.75,142.65,9.29,11.15,10.58,64.72,0.78
"3045","台灣大",61.63,284.88,64.98,53.26,2581.88,18.61,19.61,15.27,23.90,3.63,0.83,7.10,16.79,44.28,8.22,3.90,50.76,121.26,7.75
"3046","建碁",61.85,17366.79,135.43,115.01,49.47,6.14,59.44,10.87,33.57,213.99,1.56,8.42,21.84,20.43,5.30,1.82,33.27,0.21,39.62
"3047","訊舟",61.18,207.66,178.03,76.66,-103.77,4.23,86.28,1.93,189.11,2.28,0.70,-0.89,-2.44,-2.85,-1.38,-0.29,-29.32,9.26,-10.53
"3048","益登",83.90,743.67,114.82,55.25,626.95,10.08,36.21,10.33,35.33,159.69,4.32,5.40,28.28,58.13,1.05,4.63,"NA",16.40,"NA"
"3049","精金",34.12,149.02,533.72,510.92,19.17,12.64,28.87,11.24,32.47,0.35,0.22,6.21,9.69,15.89,26.49,1.24,207.80,187.33,6.28
"3050","鈺德",48.70,166.13,165.08,154.71,4.45,7.46,48.92,9.83,37.13,0.39,0.19,3.10,4.97,10.22,13.01,0.90,37.12,74.58,4.13
"3051","力特",57.70,181.80,232.73,108.54,16.44,4.17,87.52,1.87,195.18,1.46,0.46,12.53,49.39,49.10,25.37,4.76,16.31,198.03,1.68
"3052","夆典",62.23,3135.57,164.94,136.68,235.50,9.14,39.93,3.51,103.98,31.30,0.44,1.57,3.41,6.08,2.93,0.52,12.00,49.95,11.07
"3054","立萬利",5.31,44655.86,1183.64,1152.37,11279.69,4.50,81.11,0.25,1460.00,16.05,0.05,4.71,4.97,6.86,95.29,0.55,0.00,75.11,0.00
"3055","蔚華科",58.78,236.38,141.48,130.58,-4.70,3.26,111.96,10.80,33.79,1.99,0.42,-5.32,-14.58,-29.44,-13.78,-3.70,-3.71,-112.37,-3.78
"3056","富華新",75.60,5364.81,149.17,25.00,51.99,2050.21,0.17,0.17,2147.05,26.55,0.19,3.41,12.51,37.90,17.42,3.01,0.00,5.86,-12.85
"3057","喬鼎",42.57,807.09,219.66,124.66,206.58,7.09,51.48,1.45,251.72,7.78,0.64,0.42,0.06,0.85,0.05,0.01,4.83,21.85,2.32
"3058","立德",71.37,114.35,94.48,57.20,-8.57,3.68,99.18,4.36,83.71,3.43,0.91,-5.60,-19.28,-19.22,-6.86,-2.06,-3.26,14.90,-4.06
"3059","華晶科",42.53,252.05,160.71,114.32,19.61,6.65,54.88,3.57,102.24,2.31,0.59,1.94,3.04,14.23,3.08,0.85,0.00,85.41,0.00
"3060","銘異",43.20,478.39,171.83,108.00,27.17,4.33,84.29,3.86,94.55,5.67,0.85,3.56,6.26,17.00,4.36,1.36,2.34,1.89,0.90
"3062","建漢",28.20,752.92,317.23,282.50,1.35,3.31,110.27,7.21,50.62,5.48,0.51,0.54,0.45,0.23,0.62,0.07,-6.33,83.48,2.47
"3090","日電貿",44.98,771.14,195.87,132.08,80.44,3.40,107.35,4.23,86.28,16.98,1.30,10.67,18.70,64.57,8.04,4.59,0.71,55.62,-11.64
"3092","鴻碩",61.44,107.82,132.52,90.65,4.29,2.41,151.45,3.60,101.38,1.68,0.60,0.63,1.25,2.87,0.75,0.25,-17.90,55.63,-13.46
"3094","聯傑",10.92,795.44,1492.66,1414.76,133.00,8.46,43.14,1.88,194.14,1.84,0.24,6.01,6.67,9.56,24.57,0.85,150.29,58.66,1.14
"3130","一零四",46.52,769.95,198.65,196.75,42060.31,29.37,12.42,0.00,"*****",8.83,0.66,13.14,24.15,122.63,19.84,11.16,45.50,138.02,15.84
"3138","耀登",40.13,291.84,245.88,188.55,114.88,4.36,83.71,3.32,109.93,3.23,0.70,13.97,23.39,67.56,19.91,5.96,31.05,75.51,8.01
"3149","正達",68.12,253.03,116.32,100.83,-2.11,3.99,91.47,14.00,26.07,2.01,0.61,-2.10,-8.13,-5.85,-4.62,-0.59,11.23,63.12,3.09
"3150","鈺寶-創",21.59,14438.54,437.56,338.64,49035.00,28.34,12.87,2.45,148.97,233.37,0.97,16.19,20.62,22.95,16.64,2.33,65.46,146.54,18.32
"3164","景岳",10.22,158.66,417.32,342.59,183.02,8.48,43.04,3.04,120.06,0.46,0.26,6.65,7.29,16.14,25.61,1.31,80.23,35.71,2.80
"3167","大量",60.91,249.12,204.23,132.83,17.77,2.32,157.32,2.13,171.36,2.94,0.78,8.21,20.10,70.78,9.87,5.51,-17.89,16.59,-15.52
"3168","眾福科",47.95,280.71,159.23,101.93,66.20,4.53,80.57,4.94,73.88,7.28,1.37,10.13,19.13,57.30,7.28,4.58,12.69,67.17,4.40
"3189","景碩",43.50,142.85,188.98,160.38,64.65,7.04,51.84,6.12,59.64,1.39,0.71,9.01,14.45,114.54,12.59,8.56,75.63,78.23,13.30
"3209","全科",75.21,728.85,127.99,80.12,13.33,10.10,36.13,9.45,38.62,73.73,3.32,6.01,21.40,49.92,1.67,4.05,-2.60,60.15,-11.30
"3229","晟鈦",46.57,157.31,167.36,135.77,-27.29,3.98,91.70,7.94,45.96,1.74,0.75,-10.71,-20.51,-20.90,-14.77,-1.72,-0.94,-114.06,-0.31
"3231","緯創",81.40,312.05,115.37,69.99,11.23,5.97,61.13,6.32,57.75,21.89,1.86,3.49,16.70,66.25,1.71,3.76,"NA","NA","NA"
"3257","虹冠電",12.15,932.45,669.84,555.71,1279.99,6.54,55.81,2.55,143.13,7.15,0.68,21.22,24.26,59.32,30.95,5.03,173.68,123.56,10.22
"3266","昇陽",57.97,3916.42,162.76,23.96,1.09,6.16,59.25,0.09,4055.55,6.53,0.08,0.34,1.67,1.56,4.05,0.25,-15.43,-53.69,-23.49
"3296","勝德",50.88,581.42,179.10,112.83,-7.00,4.61,79.17,6.90,52.89,13.99,1.26,-5.66,-11.56,-16.75,-4.96,-1.64,-22.40,21.04,-12.48
"3305","昇貿",47.45,325.08,179.62,124.40,28.94,3.19,114.42,4.99,73.14,5.05,1.10,8.49,20.31,88.50,7.43,4.92,-22.37,-0.08,-15.37
"3308","聯德",53.22,258.60,231.52,218.00,-3.59,5.40,67.59,7.66,47.65,0.95,0.26,-1.28,-3.90,-6.23,-7.02,-0.37,-9.24,-398.14,-2.44
"3311","閎暉",22.56,1130.07,387.99,340.47,29.56,4.39,83.14,7.07,51.62,7.86,0.61,2.16,2.76,13.15,3.40,0.94,14.27,-87.13,2.32
"3312","弘憶股",74.07,689.29,130.00,108.85,18.45,5.63,64.83,18.80,19.41,61.03,2.94,7.34,26.34,40.23,2.36,3.24,-8.32,40.34,-20.39
"3321","同泰",62.04,165.23,138.25,115.82,-3.47,2.45,148.97,5.84,62.50,2.61,0.98,-3.08,-9.48,-5.09,-3.79,-0.54,4.49,31.70,1.33
"3338","泰碩",57.65,372.95,151.82,116.76,23.08,2.38,153.36,6.34,57.57,8.97,1.18,4.67,11.04,29.10,3.77,2.13,13.81,69.20,6.14
"3346","麗清",62.19,502.31,154.19,89.62,441.49,2.72,134.19,2.54,143.70,10.03,0.96,2.10,4.58,12.27,1.70,1.03,-7.36,21.79,-8.37
"3356","奇偶",31.96,43188.90,296.76,187.37,68.72,8.21,44.45,0.79,462.02,289.34,0.46,7.04,10.06,22.11,14.40,1.97,10.10,49.20,-0.42
"3376","新日興",27.30,276.18,319.06,277.82,26839.45,2.30,158.69,5.23,69.78,2.02,0.55,5.37,7.49,84.82,9.63,6.08,49.32,137.24,4.08
"3380","明泰",49.21,359.76,161.43,81.67,2050.19,5.13,71.15,2.86,127.62,7.34,1.07,2.20,4.27,13.93,1.93,0.80,-7.76,5.59,-8.35
"2501","國建",61.41,904.56,181.32,36.21,3.16,25.00,14.60,0.30,1216.66,2.50,0.20,1.64,3.26,8.01,6.76,0.73,-14.66,27.52,-15.59
"2504","國產",37.06,292.26,175.55,150.01,4407.94,2.99,122.07,25.15,14.51,2.31,0.61,8.51,13.38,30.90,13.45,2.42,53.75,105.47,9.34
"2505","國揚",46.61,11795.34,189.63,54.04,25.97,12.39,29.45,0.34,1073.52,62.01,0.27,5.41,10.59,30.67,19.17,2.58,7.20,203.69,0.00
"2506","太設",38.87,459.75,180.97,51.60,2.49,20.77,17.57,0.18,2027.77,0.86,0.12,1.37,1.25,4.20,6.45,0.13,5.07,143.30,0.70
"2509","全坤建",40.83,2596.79,247.66,111.54,1.77,12.45,29.31,0.23,1586.95,3.82,0.10,1.13,0.89,1.96,5.27,0.20,5.62,236.22,-6.44
"2511","太子",48.78,731.07,263.63,135.55,5.95,13.78,26.48,0.69,528.98,2.18,0.24,2.85,5.82,9.55,11.66,0.95,59.29,270.28,17.96
"2514","龍邦",58.05,257.98,117.43,78.95,839.17,11.42,31.96,2.73,133.69,2.07,0.46,4.19,10.32,25.92,7.96,2.45,5.13,-84.47,3.37
"2515","中工",52.31,953.75,221.80,124.83,14.91,4.67,78.15,1.06,344.33,5.35,0.35,6.16,12.28,16.18,15.48,1.75,1.12,10.23,0.00
"2516","新建",69.84,288.55,106.77,102.67,484.67,61.61,5.92,"NA","NA",12.39,1.35,2.14,5.96,4.72,1.31,0.47,-15.49,-523.09,-38.45
"2520","冠德",62.87,450.60,176.10,81.01,16.80,14.48,25.20,0.68,536.76,3.85,0.45,7.78,21.83,89.84,16.19,6.47,36.82,247.47,24.42
"2524","京城",52.57,3396.18,355.20,14.96,8.84,42.29,8.63,0.13,2807.69,8.66,0.19,5.49,10.88,51.83,25.35,4.54,"NA",71.74,"NA"
"2527","宏璟",40.73,997.06,151.60,8.23,21.07,230.49,1.58,0.59,"*****",5.59,0.39,9.67,16.92,66.25,22.95,6.19,25.82,-206.20,8.01
"2528","皇普",74.43,414911.00,226.13,25.08,3.96,20.09,18.16,0.19,1921.05,1186.89,0.22,3.41,12.29,17.08,15.35,1.49,"NA","NA","NA"
"2530","華建",50.84,10574.22,345.09,65.95,-0.82,3.64,100.27,"NA","NA",0.07,0.00,-0.69,-1.60,-1.65,-1382.81,-0.20,"NA",8.32,0.00
"2534","宏盛",58.81,637109.24,136.34,15.76,5.48,51.81,7.04,0.12,3041.66,1232.76,0.12,3.01,6.37,18.58,21.78,1.78,6.89,64.47,2.73
"2535","達欣工",59.76,2836.55,218.27,159.30,51.53,15.92,22.92,0.44,829.54,33.10,0.71,5.91,14.06,45.38,8.16,3.78,25.37,152.49,12.30
"2536","宏普",65.37,18444.10,160.51,13.80,0.87,4.29,85.08,0.00,"*****",3.94,0.01,0.30,-0.28,-0.58,-10.74,-0.10,-49.49,-76.59,-82.43
"2537","聯上發",70.87,80376.73,164.03,24.82,6.88,998.24,0.36,0.15,2433.33,296.35,0.16,3.52,9.92,15.12,17.77,1.38,0.39,0.57,-1.39
"2538","基泰",70.02,235.66,135.45,29.61,0.28,4.57,79.86,0.01,36500.00,0.06,0.01,0.01,-1.88,-2.55,-47.99,-0.31,0.09,0.28,-2.25
"2539","櫻花建",59.59,22364.93,243.94,21.78,6.86,252.79,1.44,0.16,2281.25,76.82,0.20,3.87,9.28,14.93,17.64,1.18,0.00,11.78,-0.90
"2540","愛山林",69.34,1020.90,147.67,40.55,953.91,3.07,118.89,0.29,1258.62,6.36,0.30,7.03,19.64,93.63,20.50,7.02,0.00,0.00,0.00
"2542","興富發",77.53,1610.82,140.19,21.68,12.00,20.44,17.85,0.21,1738.09,15.75,0.23,5.41,23.52,80.39,21.65,6.45,-9.60,-43.40,-25.02
"2543","皇昌",71.95,144.62,107.07,67.99,7.17,4.00,91.25,3.73,97.85,3.82,0.93,5.30,16.99,17.52,5.03,1.56,13.98,50.66,17.96
"2545","皇翔",73.91,533.52,141.01,13.87,5.65,22.10,16.51,0.16,2281.25,2.26,0.18,6.18,20.54,76.70,31.16,7.46,-5.90,12.15,-10.85
"2546","根基",62.16,3605.72,152.98,112.74,634.53,4.63,78.83,0.71,514.08,91.14,1.15,7.93,22.51,87.05,6.87,6.98,4.79,88.21,-1.35
"2547","日勝生",79.17,392.68,77.01,32.19,1.29,7.83,46.61,0.47,776.59,0.68,0.11,1.19,0.55,3.11,1.01,0.07,5.93,361.84,1.79
"2548","華固",56.57,11262.45,195.02,21.58,3763.00,"NA","NA","NA","NA",68.32,0.34,7.61,16.21,129.31,21.57,10.56,-4.77,-12.65,-13.04
"2597","潤弘",52.83,301.77,146.38,78.39,8180.85,11.05,33.03,0.75,486.66,5.77,1.44,12.26,25.65,120.29,8.36,9.96,22.10,23.57,3.89
"2601","益航",65.99,215.02,85.66,63.51,153.05,9.88,36.94,1.50,243.33,0.52,0.18,1.59,0.42,4.33,0.77,0.20,27.59,86.66,4.93
"2603","長榮",41.52,326.14,259.52,252.79,90.04,13.78,26.48,"NA","NA",3.59,1.04,56.22,114.69,538.41,53.76,45.57,275.97,670.99,47.26
"2605","新興",26.32,142.19,263.43,253.75,936.97,18.85,19.36,"NA","NA",30.02,20.35,4.41,5.45,14.85,19.75,1.20,89.22,156.44,6.75
"2606","裕民",58.48,162.68,135.97,132.01,15.20,29.69,12.29,"NA","NA",0.50,0.23,8.41,19.96,58.10,34.92,5.79,32.97,77.56,8.45
"2607","榮運",33.67,157.01,311.90,304.66,14.58,6.58,55.47,"NA","NA",0.38,0.23,3.00,4.24,11.30,12.20,1.00,77.73,95.91,4.97
"2608","嘉里大榮",52.27,143.22,112.87,108.94,17.14,6.38,57.21,2.33,156.65,0.94,0.57,6.87,13.27,39.32,11.38,2.99,72.56,104.23,7.04
"2609","陽明",39.04,421.11,309.35,303.32,79.67,20.07,18.18,"NA","NA",4.52,1.15,57.87,122.37,579.53,49.63,48.73,286.16,951.40,57.88
"2610","華航",73.80,186.28,161.25,144.08,566.29,11.98,30.46,"NA","NA",1.02,0.48,3.76,12.99,18.73,6.45,1.67,93.70,825.91,15.20
"2611","志信",22.73,1606.45,669.15,617.50,22.84,5.17,70.59,3.49,104.58,1.42,0.18,6.92,9.71,18.98,36.78,1.69,86.14,134.64,9.41
"2612","中航",45.34,129.19,136.85,134.12,1247.03,11.04,33.06,"NA","NA",0.29,0.18,5.79,10.32,56.36,29.28,5.27,35.24,115.01,3.33
"2613","中櫃",70.12,215.93,124.97,110.42,10.86,5.29,68.99,"NA","NA",0.68,0.28,2.17,7.00,14.86,7.21,1.63,61.83,162.93,9.73
"2614","東森",58.16,701.21,110.18,95.00,416.86,10.54,34.62,3.34,109.28,3.21,0.34,5.78,11.18,13.43,13.59,1.37,27.69,98.13,7.68
"2615","萬海",43.89,253.67,276.10,266.50,178.00,41.18,8.86,"NA","NA",3.33,1.24,56.79,109.58,529.46,45.36,42.35,275.91,224.09,52.93
"2616","山隆",47.29,190.02,82.06,74.37,17.59,20.69,17.64,58.62,6.22,5.13,1.82,4.41,7.91,37.45,2.26,3.06,37.94,101.57,0.20
"2617","台航",32.83,168.99,516.80,508.07,36.01,37.34,9.77,"*****","*****",0.29,0.16,6.76,9.99,33.99,40.92,3.16,138.99,83.13,5.62
"2618","長榮航",71.50,204.29,139.76,131.50,363.59,"NA","NA","NA","NA",0.77,0.32,3.02,7.89,15.04,6.43,1.31,74.99,120.39,13.20
"2630","亞航",58.98,257.25,160.46,116.23,412.45,3.13,116.61,3.54,103.10,5.63,0.85,2.12,4.30,5.17,1.98,0.53,-5.37,-104.62,-4.45
"2633","台灣高鐵",84.16,364487.03,166.44,154.69,1.74,68.39,5.33,"NA","NA",276.19,0.07,1.98,5.24,7.58,11.95,0.64,89.51,262.39,91.36
"2634","漢翔",64.84,250.60,164.27,76.07,6.04,2.71,134.68,1.53,238.56,2.53,0.55,1.56,3.94,7.16,2.35,0.59,27.71,65.67,11.07
"2636","台驊控股",38.49,3383.68,229.94,227.42,145.93,9.32,39.16,"NA","NA",120.56,2.96,32.59,59.79,345.27,11.14,30.03,72.36,433.49,45.66
"2637","慧洋-KY",57.86,105.14,76.80,74.04,10.07,111.25,3.28,54.40,6.70,0.28,0.23,11.06,26.81,110.68,43.01,11.05,143.27,104.55,13.52
"2642","宅配通",45.10,600.68,166.33,162.95,"NA",6.48,56.32,20.61,17.70,7.01,1.01,5.73,10.16,31.06,5.41,2.52,42.10,132.03,11.69
"2645","長榮航太",56.66,264.82,286.04,232.22,969.53,6.15,59.34,4.50,81.11,1.22,0.42,4.24,8.95,30.64,9.16,2.50,44.01,179.42,2.10
"2701","萬企",13.98,2476.00,1132.42,1131.74,"NA",4.09,89.24,"NA","NA",0.69,0.03,0.96,1.12,2.16,35.16,0.19,71.56,99.92,-0.11
"2702","華園",67.96,168.50,171.50,170.92,1683.90,30.49,11.97,23.35,15.63,0.21,0.11,24.51,98.18,162.26,213.81,16.53,-4.40,89.56,-0.98
"2704","國賓",30.38,243.68,188.14,184.50,-3.85,35.68,10.22,11.95,30.54,0.28,0.09,-0.47,-0.76,-2.27,-5.81,-0.24,-2.59,89.03,-0.56
"2705","六福",67.44,278.90,41.97,34.42,-0.61,26.58,13.73,3.66,99.72,0.22,0.08,-0.98,-7.74,-14.47,-22.03,-1.46,2.66,15.81,0.15
"2706","第一店",13.94,2750.48,1841.32,1840.43,99.45,319.90,1.14,"NA","NA",0.67,0.02,0.76,0.87,1.85,31.00,0.16,92.33,105.84,0.58
"2707","晶華",53.12,384.62,164.21,161.23,32.20,25.83,14.13,22.37,16.31,2.09,0.45,20.95,50.83,188.50,45.43,17.09,6.27,97.98,-4.90
"2712","遠雄來",17.77,92.32,46.08,39.68,-5850.44,26.16,13.95,19.25,18.96,0.26,0.24,-1.38,-1.68,-1.93,-5.91,-0.20,15.04,126.34,1.34
"2722","夏都",25.29,193.03,123.67,117.95,4.06,43.61,8.36,32.14,11.35,0.50,0.22,0.76,0.78,1.63,2.64,0.18,34.13,111.99,7.37
"2723","美食-KY",47.54,257.43,134.19,117.54,906.31,62.06,5.88,10.71,34.08,3.49,0.95,5.59,9.91,83.35,5.39,6.07,58.04,195.49,17.66
"2727","王品",75.03,280.44,87.74,55.38,-46.32,49.29,7.40,5.79,63.03,8.30,1.27,-0.23,-5.44,-33.56,-1.00,-1.40,30.75,128.28,40.29
"2731","雄獅",69.74,876.21,197.75,181.50,-16.05,11.53,31.65,20.26,18.01,4.14,0.31,-7.99,-29.11,-86.79,-27.66,-6.43,-17.68,10.17,-8.16
"2739","寒舍",94.12,1061.02,39.09,34.33,-3.40,48.01,7.60,27.27,13.38,2.11,0.16,-3.92,-62.39,-81.09,-30.83,-6.45,14.03,144.46,30.40
"2748","雲品",63.59,184.84,196.03,187.23,-0.13,21.85,16.70,40.34,9.04,0.64,0.32,0.01,-1.92,-4.61,-2.02,-0.38,40.63,109.68,4.18
"2753","八方雲集",42.99,257.68,172.78,148.19,31.18,51.81,7.04,19.33,18.88,4.11,1.27,11.55,20.54,102.28,8.83,8.74,80.64,119.83,14.31
"2762","世界健身-KY",83.84,209.04,37.93,36.03,1.25,91.96,3.96,"NA","NA",1.35,0.45,1.48,2.62,14.36,0.41,0.67,36.96,"NA",10.69
"2801","彰銀",93.28,"NA","NA","NA","NA","NA","NA","NA","NA",1.37,0.01,0.36,5.23,9.65,30.69,0.84,"NA","NA","NA"
"2809","京城銀",85.76,"NA","NA","NA","NA","NA","NA","NA","NA",2.92,0.03,1.68,11.80,58.02,54.87,5.02,"NA","NA","NA"
"2812","台中銀",91.61,"NA","NA","NA","NA","NA","NA","NA","NA",1.05,0.02,0.64,7.94,12.27,34.95,1.10,"NA","NA","NA"
"2816","旺旺保",66.13,"NA","NA","NA","NA","NA","NA","NA","NA",7.26,0.48,3.81,11.34,36.06,7.91,3.12,"NA","NA","NA"
"2820","華票",88.22,"NA","NA","NA","NA","NA","NA","NA","NA",18.69,0.01,0.83,7.28,17.36,65.24,1.38,"NA","NA","NA"
"2832","台產",50.67,"NA","NA","NA","NA","NA","NA","NA","NA",18.19,0.37,1.86,3.78,11.13,4.97,1.03,"NA","NA","NA"
"2834","臺企銀",94.97,"NA","NA","NA","NA","NA","NA","NA","NA","NA",1.26,0.27,5.09,7.49,21.16,0.66,"NA","NA","NA"
"2836","高雄銀",93.75,"NA","NA","NA","NA","NA","NA","NA","NA","NA",0.01,0.32,5.37,8.73,22.66,0.78,"NA","NA","NA"
"2838","聯邦銀",92.17,"NA",224.89,"NA","NA","NA","NA","NA","NA",1.86,0.02,0.56,7.51,14.90,26.74,1.21,"NA","NA","NA"
"2845","遠東銀",93.13,"NA","NA","NA","NA","NA","NA","NA","NA",3.62,0.02,0.42,5.97,9.40,27.23,0.84,"NA","NA","NA"
"2849","安泰銀",89.51,"NA","NA","NA","NA","NA","NA","NA","NA","NA",1.84,0.72,6.70,13.56,39.14,1.19,"NA","NA","NA"
"2850","新產",65.23,"NA","NA","NA","NA","NA","NA","NA","NA",14.11,0.42,5.41,15.83,84.03,12.21,7.13,"NA","NA","NA"
"2851","中再保",66.54,"NA","NA","NA","NA","NA","NA","NA","NA",72.41,0.41,4.48,13.78,41.86,10.10,3.50,"NA","NA","NA"
"2852","第一保",56.87,"NA","NA","NA","NA","NA","NA","NA","NA",9.83,0.40,3.36,7.88,21.43,8.46,1.84,"NA","NA","NA"
"2855","統一證",73.01,1298.12,126.81,126.78,"NA","NA","NA","NA","NA","NA","NA",3.54,13.10,32.07,34.52,2.75,2.67,362.01,0.59
"2867","三商壽",97.04,"NA","NA","NA","NA","NA","NA","NA","NA","NA","NA",0.10,2.61,-3.92,0.76,0.42,"NA","NA","NA"
"2880","華南金",94.20,"NA","NA","NA","NA","NA","NA","NA","NA",159.18,1.56,0.52,8.82,14.81,33.69,1.30,"NA","NA","NA"
"2881","富邦金",90.63,"NA","NA","NA","NA","NA","NA","NA","NA","NA",0.05,1.49,16.73,123.53,30.31,12.49,"NA","NA","NA"
"2882","國泰金",92.12,"NA",2325.26,"NA","NA","NA","NA","NA","NA",6.38,0.05,1.34,15.54,108.50,22.51,10.34,"NA","NA","NA"
"2883","凱基金",91.52,"NA","NA","NA","NA","NA","NA","NA","NA",5.64,0.05,1.37,15.05,27.34,24.50,2.34,"NA","NA","NA"
"2884","玉山金",93.98,"NA","NA","NA","NA","NA","NA","NA","NA",1.72,0.02,0.66,10.95,17.94,35.56,1.54,"NA","NA","NA"
"2885","元大金",90.43,"NA",189.61,"NA","NA","NA","NA","NA","NA",2.47,0.04,1.48,13.21,36.36,31.18,2.87,"NA","NA","NA"
"2886","兆豐金",92.12,"NA","NA","NA","NA","NA","NA","NA","NA","NA","NA",0.64,7.86,21.07,42.72,1.89,"NA","NA","NA"
"2887","台新金",92.12,"NA","NA","NA","NA","NA","NA","NA","NA","NA",0.03,0.86,12.34,18.97,31.83,1.63,"NA","NA","NA"
"2888","新光金",94.38,"NA","NA","NA","NA","NA","NA","NA","NA",5.40,0.05,0.50,9.00,12.77,10.50,1.67,"NA","NA","NA"
"2889","國票金",87.37,"NA","NA","NA","NA","NA","NA","NA","NA","NA",0.03,1.56,10.60,18.33,45.31,1.30,"NA","NA","NA"
"2890","永豐金",93.17,"NA","NA","NA","NA","NA","NA","NA","NA",3.44,0.02,1.04,10.17,16.53,35.47,1.44,"NA","NA","NA"
"2891","中信金",93.61,"NA","NA","NA","NA","NA","NA","NA","NA","NA",0.03,0.79,12.97,31.03,29.02,2.73,"NA","NA","NA"
"2892","第一金",94.00,"NA","NA","NA","NA","NA","NA","NA","NA","NA","NA",0.55,8.86,18.08,31.53,1.52,"NA","NA","NA"
"2897","王道銀行",90.41,"NA",92.39,"NA","NA","NA","NA","NA","NA","NA",0.02,0.56,5.85,13.98,34.35,0.63,"NA","NA","NA"
"2901","欣欣",12.81,232.08,795.65,785.69,37.13,24.55,14.86,8.42,43.34,0.23,0.09,0.51,0.57,0.82,5.25,0.07,31.99,132.47,0.28
"2903","遠百",69.52,244.96,55.10,49.33,4.05,34.01,10.73,7.28,50.13,1.04,0.27,1.96,4.78,17.19,5.39,0.86,21.61,224.56,10.05
"2904","匯僑",41.15,111.68,66.80,64.14,4385.11,10.53,34.66,"*****","*****",0.50,0.30,4.47,7.14,12.96,15.32,1.03,75.74,80.87,5.40
"2905","三商",96.69,"NA",1244.03,"NA","NA","NA","NA","NA","NA",8.85,0.13,0.19,5.56,7.08,1.39,2.19,"NA","NA","NA"
"2906","高林",44.31,269.25,133.10,87.15,10.63,4.45,82.02,5.02,72.70,3.52,0.85,3.46,5.45,19.05,3.67,0.43,-2.17,60.54,-1.89
"2908","特力",81.80,249.32,110.36,56.90,4.48,8.09,45.11,4.51,80.93,7.03,1.15,2.76,11.63,19.84,1.87,1.58,9.30,102.37,4.98
"2910","統領",60.19,213.40,114.09,52.66,577.82,18.82,19.39,0.19,1921.05,0.23,0.09,2.68,5.91,6.80,26.62,0.80,21.53,62.68,3.29
"2911","麗嬰房",64.19,568.63,123.47,59.01,-369.04,8.37,43.60,1.43,255.24,6.16,0.72,-4.03,-11.94,-12.48,-6.63,-1.32,0.94,24.96,0.66
"2912","統一超",80.05,432.06,89.63,66.58,10.94,"NA","NA",9.96,36.64,9.19,1.24,5.20,22.83,116.12,3.81,8.52,40.61,118.73,31.73
"2913","農林",39.47,356.70,330.33,69.52,-12.18,13.68,26.68,0.28,1303.57,0.05,0.01,-4.28,-7.36,-14.36,-303.99,-1.42,"NA",26.08,"NA"
"2915","潤泰全",25.82,8362.97,233.18,220.40,51.11,14.88,24.52,1.10,331.81,1.60,0.02,10.53,13.87,216.69,580.15,22.49,0.00,0.00,0.00
"2923","鼎固-KY",52.56,10834.76,201.33,50.44,185.14,12.72,28.69,0.05,7300.00,6.29,0.04,1.33,2.19,11.29,24.38,0.67,-5.99,-31.16,-12.04
"2929","淘帝-KY",33.53,1297.53,332.55,330.39,"NA",2.70,135.18,149.12,2.44,12.07,0.60,-14.03,-22.51,-60.83,-23.65,-6.43,-118.86,0.55,-0.43
"2939","永邑-KY",25.50,2530.71,431.35,390.80,-1541.77,3.99,91.47,9.56,38.17,27.62,0.88,-3.96,-5.55,-10.99,-4.73,-1.06,42.27,85.57,1.37
"2945","三商家購",65.59,238.58,103.90,39.19,14.29,275.35,1.32,7.01,52.06,10.40,2.62,3.93,12.06,35.67,1.39,3.21,58.85,164.74,41.84
"3406","玉晶光",43.91,152.27,146.07,119.80,24.32,4.04,90.34,5.51,66.24,1.20,0.59,8.44,13.88,283.72,13.63,20.52,52.05,100.32,8.73
"3413","京鼎",46.94,502.92,285.58,209.60,40256.65,9.24,39.50,3.90,93.58,6.92,0.95,11.76,23.02,218.06,12.16,17.01,21.13,97.57,2.01
"3416","融程電",35.20,293.78,313.25,224.62,82.28,9.25,39.45,3.19,114.42,2.63,0.79,11.72,16.25,60.51,14.58,5.03,49.98,71.41,4.93
"3419","譁裕",41.50,231.19,210.33,158.81,-1259.33,2.73,133.69,5.18,70.46,2.06,0.65,0.10,-2.75,-3.35,-2.55,-0.33,-15.22,23.13,-6.36
"3432","台端",10.74,2436.96,3169.58,3164.65,94.68,5.36,68.09,7.23,50.48,0.52,0.02,3.26,3.65,10.79,155.13,0.86,145.63,-120.56,3.49
"3437","榮創",34.35,305.27,209.22,186.13,37.84,2.97,122.89,8.78,41.57,4.57,0.99,2.04,3.25,7.40,2.01,0.61,48.05,53.19,13.82
"3443","創意",64.57,1001.94,148.08,100.31,377.66,11.24,32.47,4.43,82.39,22.50,1.23,11.90,29.95,129.94,9.66,10.90,45.97,121.65,47.51
"3447","展達",70.42,433.53,130.68,55.85,139.90,4.69,77.82,3.12,116.98,16.89,1.40,5.91,17.10,24.39,4.19,2.12,-4.79,46.54,-13.91
"3450","聯鈞",38.98,166.23,171.48,142.43,256.18,5.60,65.17,11.48,31.79,1.92,0.72,8.71,13.32,74.48,10.98,2.55,46.74,101.74,6.81
"3454","晶睿",44.74,336.49,191.20,76.50,24.87,7.40,49.32,2.27,160.79,5.52,1.08,4.24,7.02,23.19,3.77,2.17,5.94,51.40,-1.55
"3481","群創",34.81,209.21,150.85,114.28,64.88,6.12,59.64,7.05,51.77,1.99,0.83,13.77,21.22,59.10,16.44,5.53,87.30,129.26,9.79
"3494","誠研",53.58,102.23,65.00,8.26,-7.89,22.76,16.03,1.24,294.35,0.29,0.19,-9.52,-21.03,-20.28,-53.69,-1.57,-14.30,-71.18,-2.53
"3501","維熹",28.56,299.24,322.48,194.43,89.64,3.49,104.58,2.25,162.22,2.75,0.69,4.33,5.81,42.22,6.19,2.92,0.00,58.84,-3.74
"3504","揚明光",46.40,215.38,205.55,147.95,3.88,6.30,57.93,5.56,65.64,2.13,0.79,0.72,0.84,4.54,0.59,0.23,-9.37,47.70,0.00
"3515","華擎",44.70,3455.98,219.90,78.33,3718.07,11.15,32.73,1.83,199.45,81.97,1.43,17.25,31.39,248.93,12.05,19.67,14.60,28.12,0.67
"3518","柏騰",24.55,607.86,377.86,371.75,9.11,1.75,208.57,44.86,8.13,2.35,0.39,2.54,2.95,13.09,5.16,0.52,31.54,26.39,3.57
"3528","安馳",63.21,14042.90,149.56,72.87,22.78,5.23,69.78,8.58,42.54,475.51,1.51,7.54,17.86,57.06,4.78,4.57,-16.28,3.71,-37.82
"3530","晶相光",29.60,613.40,345.74,165.53,24856.38,168.20,2.17,2.20,165.90,7.99,1.16,21.59,30.02,114.45,18.54,9.61,58.30,45.94,10.50
"3532","台勝科",12.09,239.98,600.02,474.88,4283.11,5.93,61.55,3.28,111.28,1.32,0.52,6.03,6.85,43.61,11.60,3.64,156.60,152.70,5.59
"3533","嘉澤",31.66,282.10,242.13,181.67,16140.83,2.72,134.19,3.50,104.28,15.04,3.74,15.29,22.87,428.40,16.23,33.32,38.40,75.53,5.89
"3535","晶彩科",55.95,306.11,184.75,148.29,14.37,2.89,126.29,3.41,107.03,3.36,0.61,4.48,10.49,12.73,6.87,1.22,46.36,132.28,33.52
"3543","州巧",41.66,351.12,293.36,262.42,17.16,3.05,119.67,11.31,32.27,3.45,0.64,3.39,6.18,28.41,4.92,1.97,-15.98,85.79,-6.05
"3545","敦泰",46.12,765.38,282.53,220.47,60061.12,9.00,40.55,4.04,90.34,11.60,1.17,32.42,57.03,351.61,27.72,30.23,38.23,91.01,9.66
"3550","聯穎",55.81,474.76,197.37,164.44,7.25,2.65,137.73,10.10,36.13,9.84,1.14,2.36,4.26,16.69,1.69,0.96,"NA",50.02,"NA"
"3557","嘉威",55.08,319.85,127.36,71.99,1340.26,5.63,64.83,3.04,120.06,6.12,1.10,13.15,30.06,75.19,10.98,7.74,14.43,69.77,0.00
"3563","牧德",34.39,1271.38,337.40,300.46,170.42,1.99,183.41,2.77,131.76,10.22,0.67,20.23,29.70,233.63,30.05,18.51,71.79,109.65,8.52
"3576","聯合再生",49.28,282.92,192.89,145.21,-2.43,5.54,65.88,3.64,100.27,1.53,0.45,-3.23,-8.70,-8.24,-9.38,-0.84,16.74,27.19,3.00
"3583","辛耘",62.43,268.70,123.12,65.95,169.31,4.82,75.72,1.84,198.36,3.74,0.71,6.44,14.06,64.57,8.97,5.23,31.02,106.82,39.12
"3588","通嘉",24.16,355.28,330.98,236.83,1607.40,8.12,44.95,3.11,117.36,4.53,0.98,17.39,22.10,71.41,15.41,6.37,80.47,70.92,17.44
"3591","艾笛森",31.20,198.66,292.34,238.17,8.17,4.58,79.69,4.83,75.56,1.47,0.54,3.68,4.70,11.10,6.07,1.00,17.23,81.68,1.93
"3592","瑞鼎",52.95,2379.83,195.57,169.84,6544.50,5.19,70.32,7.53,48.47,75.34,1.74,30.11,62.35,760.54,17.27,65.09,68.52,128.69,47.15
"3593","力銘",57.99,170.97,80.97,63.97,-1.04,3.41,107.03,9.38,38.91,2.60,0.79,-1.47,-5.67,-4.57,-3.24,0.02,13.90,97.65,6.87
"3596","智易",61.88,356.79,139.34,77.52,99.13,5.24,69.65,3.21,113.70,12.18,1.22,5.52,13.68,104.98,4.45,8.60,0.00,51.66,-9.17
"3605","宏致",57.02,314.47,167.14,128.19,1385.49,4.16,87.74,5.77,63.25,4.16,0.91,4.72,10.21,43.81,4.83,4.16,22.89,74.09,9.45
"3607","谷崧",39.35,264.10,193.68,153.10,-11.28,2.94,124.14,6.08,60.03,4.08,0.99,-6.50,-11.54,-23.55,-7.66,-2.22,-4.92,22.17,-1.20
"3617","碩天",61.39,320.77,141.07,78.17,-0.68,4.92,74.18,1.98,184.34,5.13,0.85,-0.24,-1.21,-7.05,-0.59,-0.89,0.00,34.14,-9.62
"3622","洋華",12.82,637.28,795.84,730.78,8238.52,5.48,66.60,3.39,107.66,1.67,0.26,5.30,5.61,17.48,20.46,1.85,11.22,21.37,-0.99
"3645","達邁",45.79,124.51,156.04,93.80,1341.31,4.39,83.14,3.74,97.59,0.69,0.45,6.10,10.35,28.61,12.31,2.32,53.58,72.84,5.72
"3652","精聯",24.80,514.69,363.81,256.00,39.48,4.94,73.88,4.01,91.02,6.69,1.18,2.68,3.64,10.47,2.20,1.03,18.83,112.77,4.22
"3653","健策",40.75,232.43,293.55,199.21,50.86,4.22,86.49,2.60,140.38,2.07,0.71,10.13,16.12,130.25,14.07,9.88,31.44,48.15,1.19
"3661","世芯-KY",21.95,1178.13,407.10,329.26,735.00,12.80,28.51,5.99,60.93,12.28,0.93,13.34,20.93,268.94,14.29,21.34,12.17,117.98,-0.84
"3665","貿聯-KY",40.53,422.26,193.72,120.07,28.11,4.68,77.99,3.66,99.72,8.06,1.19,8.80,14.23,192.16,7.08,15.22,3.44,45.65,-4.79
"3669","圓展",30.18,243.68,185.99,123.57,126.46,8.65,42.19,2.27,160.79,2.99,0.83,14.76,21.14,79.72,17.69,7.02,41.00,85.54,0.75
"3673","TPK-KY",54.51,287.47,203.03,160.27,3.30,8.19,44.56,9.90,36.86,5.42,1.28,1.95,3.04,36.27,1.06,2.63,5.84,1.52,1.10
"3679","新至陞",51.46,450.05,212.47,193.41,37.83,3.04,120.06,6.64,54.96,3.41,0.54,7.05,13.68,131.61,12.56,9.70,57.81,114.93,12.04
"3686","達能",4.56,"*****",2048.70,2047.53,-14.00,"*****","*****","*****","*****",229.92,0.31,-2.06,-2.65,-1.81,-8.42,-0.18,-136.66,22.47,0.00
"3694","海華",67.43,150.30,116.83,70.57,17.53,4.71,77.49,5.40,67.59,8.84,1.86,5.26,15.77,21.62,2.70,2.05,0.00,26.81,0.00
"3701","大眾控",51.15,1010.56,220.30,123.68,1187.00,4.34,84.10,3.42,106.72,16.21,1.18,5.16,9.97,18.91,4.06,1.32,-7.64,34.93,-3.18
"3702","大聯大",75.25,696.26,135.25,86.57,9.66,6.29,58.02,10.25,35.60,54.07,2.98,4.91,16.92,75.44,1.48,6.61,-10.45,5.24,-23.03
"3703","欣陸",60.54,925.56,155.05,56.52,16.87,8.43,43.29,0.80,456.25,7.98,0.39,3.00,6.83,26.56,6.96,2.22,8.71,33.25,5.83
"3704","合勤控",56.90,698.55,189.04,121.07,50.36,4.51,80.93,3.53,103.39,15.61,1.25,5.46,12.50,31.70,4.27,2.49,2.16,37.73,-0.11
"3705","永信",43.48,198.68,174.76,85.10,3427.49,4.54,80.39,1.38,264.49,1.80,0.63,6.34,11.32,37.48,9.69,2.77,26.49,73.36,2.88
"3706","神達",31.09,779.35,176.03,95.62,789.56,7.68,47.52,3.19,114.42,5.42,0.63,17.93,25.08,155.00,28.35,10.01,-0.92,37.14,-2.00
"3708","上緯投控",54.99,314.64,159.20,136.98,2.12,1.94,188.14,8.32,43.87,2.89,0.80,2.18,3.37,13.10,2.04,2.01,7.77,35.15,1.28
"3711","日月光投控",59.19,192.61,138.61,102.31,29.70,5.50,66.36,7.87,46.37,2.40,0.91,10.86,25.94,182.22,11.58,14.40,38.75,90.01,7.57
"3712","永崴投控",51.15,425.63,167.53,124.74,8.04,8.78,41.57,8.46,43.14,3.27,0.47,3.02,6.21,34.50,5.57,1.76,-34.22,-12.11,-17.78
"3714","富采",28.98,251.55,220.74,174.04,20.51,3.32,109.93,6.51,56.06,1.61,0.55,3.01,4.03,34.49,5.21,3.21,27.61,89.32,4.66
"4104","佳醫",35.48,1594.68,187.84,166.43,100.73,4.29,85.08,5.90,61.86,11.22,0.45,5.01,7.47,61.90,10.98,4.30,19.07,72.54,3.36
"4106","雃博",34.27,305.91,181.72,114.01,19.00,6.79,53.75,2.63,138.78,3.11,0.77,3.50,4.90,13.68,4.31,1.01,2.17,91.41,-1.40
"4108","懷特",3.30,863.45,2878.17,2554.13,-23484.20,9.91,36.83,0.53,688.67,0.64,0.07,-4.45,-4.67,-4.81,-56.54,-0.40,-121.38,-59.67,-2.61
"4119","旭富",20.75,164.06,186.82,142.76,1598.71,4.11,88.80,1.94,188.14,0.48,0.20,1.27,1.68,6.87,6.44,0.58,37.47,112.37,6.49
"4133","亞諾法",5.56,450.70,1253.53,570.15,14853.66,7.20,50.69,0.27,1351.85,1.60,0.35,2.22,2.34,5.99,6.28,0.47,148.08,284.58,4.61
"4137","麗豐-KY",50.24,497.99,221.03,204.95,4958.41,1133.25,0.32,1.81,201.65,3.91,0.55,14.56,28.83,258.31,25.71,17.05,51.92,148.41,16.33
"4142","國光生",20.35,216.50,1118.89,882.78,2.05,16.23,22.48,2.03,179.80,0.45,0.20,0.69,0.69,1.00,2.77,0.10,133.02,187.93,4.23
"4148","全宇生技-KY",19.91,434.27,409.62,247.03,7188.05,4.05,90.12,2.78,131.29,4.85,0.79,7.22,9.96,50.22,9.02,3.09,-12.04,35.68,-5.05
"4155","訊映",39.45,321.35,212.55,150.68,671.00,3.65,100.00,2.97,122.89,2.01,0.47,1.38,1.83,4.86,2.49,0.46,14.67,55.57,2.99
"4164","承業醫",49.76,204.12,254.60,196.13,705.98,2.40,152.08,2.17,168.20,0.45,0.20,3.69,6.18,30.49,15.59,2.43,46.61,94.81,3.04
"4190","佐登-KY",72.97,190.09,88.11,78.00,7.06,15.96,22.86,2.21,165.15,1.15,0.36,4.35,13.42,62.97,10.36,4.98,29.08,125.63,20.35
"4306","炎洲",63.66,169.39,112.65,57.39,4.33,5.66,64.48,1.84,198.36,2.01,0.57,3.37,8.10,16.50,4.95,1.47,-0.60,87.56,-3.01
"4414","如興",55.46,267.42,106.10,53.64,-611.02,4.95,73.73,3.49,104.58,4.40,0.80,-8.22,-19.78,-23.68,-11.58,-2.31,10.96,133.01,8.06
"4426","利勤",45.03,143.09,192.63,147.13,-22.17,4.36,83.71,3.76,97.07,0.22,0.13,-7.17,-12.72,-26.88,-57.80,-2.15,-22.30,89.69,-2.25
"4438","廣越",43.45,307.07,173.07,98.54,20.06,8.66,42.14,3.09,118.12,4.57,0.94,5.54,8.78,94.23,5.58,6.10,-21.93,22.19,-16.33
"4439","冠星-KY",48.66,331.41,164.88,96.69,68.67,7.03,51.92,5.40,67.59,9.39,1.67,7.69,13.70,131.00,4.53,10.72,-12.32,68.11,-17.07
"4440","宜新實業",28.84,152.00,342.82,250.59,42.51,6.93,52.66,7.29,50.06,1.43,0.90,15.84,25.35,56.21,17.10,5.06,117.87,61.80,13.21
"4526","東台",64.84,268.22,138.43,66.60,3.42,2.88,126.73,1.48,246.62,3.06,0.60,1.44,2.81,8.80,1.62,0.68,1.65,43.53,1.24
"4532","瑞智",60.83,209.65,149.07,116.74,9.99,3.00,121.66,7.81,46.73,3.19,0.81,2.07,5.01,13.78,2.29,1.08,20.10,116.70,9.93
"4536","拓凱",46.76,280.99,209.34,161.85,56.56,5.13,71.15,3.33,109.60,3.42,0.81,7.91,14.36,161.10,9.57,9.16,23.91,105.11,6.44
"4540","全球傳動",52.32,259.99,230.71,101.46,11.28,3.06,119.28,1.48,246.62,1.62,0.51,4.06,7.52,34.60,7.22,2.52,14.50,54.79,2.93
"4545","銘鈺",44.32,185.95,181.37,131.11,12.09,4.13,88.37,4.15,87.95,1.94,0.70,3.13,5.23,14.93,4.12,1.16,14.45,37.46,3.08
"4551","智伸科",41.04,167.65,155.96,105.79,65.22,3.61,101.10,3.95,92.40,1.94,0.72,9.97,18.01,136.25,13.65,10.47,34.87,66.36,10.08
"4552","力達-KY",24.32,186.32,301.66,272.86,75.14,5.11,71.42,12.43,29.36,1.70,71.51,5.19,6.84,45.58,7.25,3.13,40.40,64.65,6.25
"4555","氣立",38.21,171.53,254.70,113.89,16.98,4.23,86.28,1.38,264.49,0.96,0.44,5.65,8.99,43.77,12.14,3.50,19.66,40.70,1.37
"4557","永新-KY",40.55,237.40,187.82,141.47,58.24,9.87,36.98,13.30,27.44,11.84,3.04,31.63,49.65,58.26,10.22,5.16,-7.99,62.51,-8.68
"4560","強信-KY",31.00,352.46,243.52,168.08,52.84,2.72,134.19,2.61,139.84,3.45,0.68,8.09,12.42,35.29,11.66,2.95,20.64,103.95,3.73
"4562","穎漢",60.02,208.08,168.76,90.44,-5.64,2.28,160.08,0.74,493.24,1.06,0.30,-4.34,-13.12,-15.11,-16.57,-2.01,-2.26,-14.36,-1.21
"4564","元翎",44.82,143.54,165.08,119.86,10.84,5.16,70.73,4.91,74.33,0.50,0.31,4.39,7.21,22.17,12.89,1.75,22.04,107.93,0.02
"4566","時碩工業",63.59,269.50,141.78,98.57,1469.48,3.78,96.56,3.53,103.39,3.23,0.71,2.97,7.13,29.81,3.87,2.35,6.97,56.52,3.10
"4569","六方科-KY",9.70,211.89,913.81,743.29,60323.80,4.24,86.08,3.82,95.54,1.35,0.65,12.91,14.27,109.68,19.78,10.97,388.46,77.37,12.37
"4571","鈞興-KY",26.57,279.98,261.56,168.30,201.15,3.25,112.30,3.32,109.93,3.66,0.92,13.32,18.63,83.73,14.38,8.18,18.62,52.23,-0.69
"4572","駐龍",13.08,497.90,1666.30,1212.01,42.71,3.83,95.30,0.78,467.94,1.03,0.19,2.69,3.01,17.97,13.30,1.50,52.22,133.09,1.65
"4576","大銀微系統",34.63,148.00,216.56,118.22,34.08,6.30,57.93,1.76,207.38,0.97,0.56,5.91,8.80,31.82,10.25,2.48,51.03,49.45,9.03
"4581","光隆精密-KY",35.72,387.82,174.75,104.26,44.22,5.90,61.86,2.59,140.92,3.96,0.74,6.13,9.21,30.25,8.04,2.38,8.63,97.44,-2.11
"4583","台灣精銳",32.60,245.31,314.63,246.68,49.72,9.36,38.99,0.96,380.20,0.87,0.31,8.41,11.47,144.83,26.21,11.83,72.45,181.40,8.33
"4588","玖鼎電力",52.73,1090.30,167.14,83.32,32.56,4.13,88.37,0.99,368.68,10.04,0.59,10.14,17.11,19.69,16.56,1.67,-36.18,"NA",-133.04
"4720","德淵",59.05,179.51,144.09,90.02,505.71,5.25,69.52,4.70,77.65,3.56,1.12,1.49,2.47,5.72,1.02,0.30,-1.06,20.17,-0.58
"4722","國精化",39.80,237.20,229.96,138.41,95.00,4.18,87.32,4.26,85.68,4.10,1.22,9.41,13.82,48.28,7.61,3.73,18.70,72.95,0.66
"4736","泰博",27.44,348.78,238.73,177.02,310.25,4.98,73.29,1.77,206.21,2.60,0.66,20.83,28.68,270.59,31.48,21.35,77.13,79.50,8.54
"4737","華廣",54.51,127.41,104.53,53.38,4.91,4.26,85.68,1.79,203.91,0.71,0.40,2.31,4.30,11.97,4.82,1.45,20.28,56.95,3.24
"4739","康普",46.43,187.36,217.81,109.65,25.85,10.01,36.46,4.08,89.46,1.83,0.84,5.37,9.50,56.58,6.11,4.67,-24.45,16.67,0.00
"4746","台耀",36.74,164.64,151.71,79.66,39.77,4.03,90.57,1.14,320.17,0.54,0.28,9.60,16.19,90.43,33.21,10.92,13.04,27.33,2.49
"4755","三福化",36.48,191.79,156.93,112.15,104.68,3.55,102.81,6.44,56.67,2.36,0.80,11.36,16.88,82.36,14.07,6.69,13.00,75.86,-0.22
"4763","材料-KY",54.95,178.82,156.39,112.26,1141.95,4.91,74.33,6.30,57.93,2.51,0.81,11.57,22.19,62.39,13.27,6.23,33.17,61.37,6.31
"4764","雙鍵",52.51,210.79,214.52,167.83,9.18,4.59,79.52,4.90,74.48,1.94,0.66,2.46,4.76,18.51,3.49,1.32,3.45,65.53,0.48
"4766","南寶",37.25,396.73,198.86,149.48,22.95,4.29,85.08,5.41,67.46,3.81,0.79,4.27,6.77,99.74,5.17,7.26,2.15,56.05,0.00
"4770","上品",32.08,431.99,333.67,257.42,473.94,3.89,93.83,1.94,188.14,2.68,0.47,15.03,23.02,151.25,25.20,13.94,74.86,100.60,17.64
"4771","望隼",37.39,213.50,282.99,234.11,64.37,3.18,114.77,5.00,73.00,1.48,0.55,11.11,17.92,63.39,19.58,4.64,82.39,25.81,9.82
"4807","日成-KY",34.64,367.39,271.31,188.23,2561.70,4.13,88.37,4.47,81.65,6.66,1.20,8.23,13.12,52.87,6.59,3.32,12.49,62.44,2.25
"4904","遠傳",62.35,354.11,78.37,65.51,17.36,9.08,40.19,9.04,40.37,2.18,0.49,5.60,13.75,34.01,10.82,2.80,105.74,84.18,10.53
"4906","正文",41.06,343.78,149.06,99.83,4946.59,3.70,98.64,5.06,72.13,6.74,1.31,4.05,6.69,19.76,2.97,1.89,-7.11,2.12,-8.29
"4912","聯德控股-KY",61.76,372.17,213.15,181.58,30.50,3.06,119.28,6.30,57.93,5.11,0.79,6.68,16.42,100.43,7.33,7.51,20.91,87.27,4.85
"4915","致伸",66.77,275.38,125.22,75.24,18.09,5.24,69.65,5.32,68.60,10.13,1.48,5.24,14.98,66.55,3.34,5.13,5.87,68.26,1.21
"4916","事欣科",59.59,832.43,100.20,46.16,6.79,5.39,67.71,2.12,172.16,11.73,0.69,4.25,8.78,11.93,5.07,1.29,0.00,34.76,0.00
"4919","新唐",54.79,468.50,224.06,150.80,5244.73,9.78,37.32,3.54,103.10,7.02,1.24,8.97,21.72,84.46,7.09,7.27,41.86,158.04,3.74
"4927","泰鼎-KY",62.46,107.40,101.92,59.90,32.73,3.66,99.72,3.73,97.85,1.67,0.84,8.09,18.34,75.60,9.35,7.25,12.65,62.40,3.40
"4930","燦星網",52.33,1239.35,269.86,237.90,8.99,6.86,53.20,8.01,45.56,13.40,0.75,6.11,12.34,71.93,7.22,3.19,55.21,102.77,10.72
"4934","太極",55.18,176.05,118.68,96.43,-28.18,19.65,18.57,6.38,57.21,1.04,0.40,-22.02,-51.69,-39.21,-58.51,-4.19,-44.72,-3.53,-14.28
"4935","茂林-KY",37.96,267.19,220.68,183.91,87.74,4.06,89.90,7.17,50.90,3.26,0.88,10.44,17.16,102.67,11.72,9.74,33.26,89.91,4.08
"4938","和碩",71.29,346.08,131.79,96.17,30.27,5.33,68.48,7.48,48.79,18.12,1.86,3.79,12.72,105.37,1.98,7.71,14.82,50.64,15.11
"4942","嘉彰",29.51,532.69,276.73,254.19,271.38,2.65,137.73,14.59,25.01,5.68,0.77,8.46,11.74,92.20,10.42,6.38,30.22,149.78,5.97
"4943","康控-KY",76.50,65.04,58.02,38.75,-3235.40,0.82,445.12,4.67,78.15,0.89,0.41,-47.94,-117.69,-248.23,-119.10,-24.11,21.74,44.67,13.70
"4952","凌通",32.75,546.71,276.44,204.74,382.60,5.94,61.44,3.66,99.72,7.24,1.09,20.04,28.57,73.64,18.40,6.05,85.46,97.90,20.75
"4956","光鋐",37.35,197.51,354.98,237.41,24.39,2.20,165.90,3.54,103.10,1.35,0.61,5.19,7.58,15.98,8.17,1.44,37.45,32.41,2.79
"4958","臻鼎-KY",42.01,161.35,168.66,130.03,31.88,4.34,84.10,7.58,48.15,2.01,0.82,7.50,12.59,171.26,8.83,10.21,24.72,59.49,5.13
"4960","誠美材",33.48,275.05,246.52,186.93,1220.88,3.89,93.83,3.80,96.05,2.79,0.73,5.43,7.60,12.30,6.85,1.15,2.29,-22.31,0.48
"4961","天鈺",28.44,2414.10,321.01,270.56,63374.42,6.81,53.59,4.90,74.48,45.87,1.36,38.14,60.39,417.41,27.94,33.83,60.14,168.39,20.42
"4967","十銓",36.66,1239.08,259.79,80.00,-7.38,14.09,25.90,3.15,115.87,38.48,2.05,-2.18,-4.77,-10.84,-1.20,-1.02,0.00,32.73,0.00
"4968","立積",27.41,1261.63,322.27,160.90,43826.64,5.30,68.86,2.84,128.52,33.08,1.53,13.40,20.31,59.56,8.76,5.26,18.50,40.71,-3.61
"4976","佳凌",20.97,341.21,625.98,492.43,2.96,4.14,88.16,3.30,110.60,1.71,0.54,0.30,0.27,0.51,0.37,0.05,25.25,59.55,1.74
"4977","眾達-KY",19.98,455.65,375.50,233.51,118.34,7.97,45.79,2.78,131.29,4.48,0.80,8.32,10.48,38.06,10.32,3.88,93.01,74.96,5.37
"4989","榮科",23.80,659.74,401.81,304.09,278.98,4.84,75.41,7.29,50.06,10.81,1.58,19.96,25.25,51.28,12.58,3.77,65.18,83.61,5.50
"4994","傳奇",28.35,55019.86,438.39,436.73,2468.87,12.05,30.29,"NA","NA",731.36,1.19,5.83,8.00,12.88,4.71,1.23,-68.94,94.41,-18.88
"4999","鑫禾",18.78,334.82,412.29,352.63,155.05,2.41,151.45,4.98,73.29,2.78,0.70,4.21,5.18,36.33,5.97,2.44,69.12,91.33,6.73
"5007","三星",18.04,242.12,448.99,248.09,2485.78,5.68,64.26,2.96,123.31,2.37,0.84,12.48,15.05,42.79,14.14,3.33,37.91,83.88,-1.37
"5203","訊連",31.73,595.28,290.63,286.79,-338787.16,17.78,20.52,41.75,8.74,3.47,0.40,-12.37,-17.26,-64.84,-35.68,-7.21,15.64,139.46,5.02
"5215","科嘉-KY",28.05,448.46,335.74,303.17,19069.79,2.47,147.77,7.63,47.83,5.47,0.86,12.86,17.78,118.79,14.95,8.76,81.01,89.07,8.06
"5222","全訊",14.31,635.50,767.20,608.12,15898.80,9.60,38.02,1.25,292.00,3.32,0.52,14.16,17.18,44.95,26.90,4.04,157.02,113.75,14.44
"5225","東科-KY",73.77,206.40,117.74,80.21,9.92,4.72,77.33,6.80,53.67,9.92,1.46,6.23,25.84,52.42,3.91,6.03,-20.51,8.44,-39.09
"5234","達興材料",34.03,218.59,237.92,205.39,194.97,3.47,105.18,9.04,40.37,3.08,1.00,15.19,22.80,75.12,15.07,6.62,65.21,106.70,5.62
"5243","乙盛-KY",40.99,184.54,159.31,112.00,67.11,5.11,71.42,7.40,49.32,4.37,1.21,4.73,7.79,36.07,3.85,2.75,-7.99,92.28,-6.58
"5244","弘凱",26.18,309.41,268.84,245.98,441.76,3.37,108.30,9.32,39.16,4.04,0.78,19.20,25.91,61.59,24.52,5.05,98.32,143.94,12.90
"5258","虹堡",63.21,586.40,149.31,81.56,1747.00,4.21,86.69,1.85,197.29,12.47,1.08,6.07,14.71,31.12,5.29,2.51,16.21,-19.53,20.74
"5269","祥碩",9.21,5474.97,307.56,177.80,2587.23,12.64,28.87,2.09,174.64,21.90,0.36,19.00,21.02,515.24,53.14,46.23,92.38,116.10,-3.58
"5283","禾聯碩",32.88,297.48,217.11,106.91,650.58,6.27,58.21,2.57,142.02,4.44,1.10,13.48,19.77,115.03,12.26,10.69,-7.02,74.67,-17.13
"5284","jpp-KY",43.43,139.81,106.42,73.55,9.85,2.72,134.19,3.07,118.89,0.91,0.44,5.92,7.12,38.65,9.23,3.00,23.08,62.61,5.18
"5285","界霖",45.11,315.06,395.94,235.74,22.98,5.46,66.84,3.97,91.93,4.29,1.15,8.93,17.27,58.90,7.40,4.82,31.76,38.38,1.14
"5288","豐祥-KY",49.61,172.66,120.68,78.36,38.91,5.61,65.06,4.68,77.99,3.56,0.96,10.74,19.51,114.49,10.89,9.53,-0.53,48.29,-6.30
"5292","華懋",59.18,191.76,126.37,102.50,215.73,5.87,62.18,0.42,869.04,4.68,1.01,10.05,23.55,64.42,9.87,5.42,15.93,95.87,13.31
"5306","桂盟",42.79,249.88,178.14,123.20,14044.31,5.54,65.88,3.76,97.07,2.39,0.70,18.31,31.02,206.42,25.91,15.94,63.79,106.37,12.97
"5388","中磊",76.03,311.04,134.64,63.84,1399.00,7.26,50.27,3.32,109.93,10.27,2.85,2.85,10.80,40.66,1.96,3.44,-13.39,30.00,-20.25
"5434","崇越",52.81,371.88,146.80,117.55,89.81,5.89,61.96,10.28,35.50,10.51,1.61,9.99,20.48,167.30,6.14,12.63,22.56,98.89,8.00
"5469","瀚宇博",48.39,403.46,158.47,123.07,46.34,3.36,108.63,4.61,79.17,4.86,0.74,7.85,14.76,153.13,10.28,7.05,19.26,136.15,5.73
"5471","松翰",22.67,633.69,405.93,261.13,0.00,9.62,37.94,2.31,158.00,7.95,1.10,27.35,35.54,111.37,24.93,8.71,115.40,95.73,4.56
"5484","慧友",32.18,373.25,163.98,125.94,-13.16,10.60,34.43,3.62,100.82,3.25,0.59,-4.15,-6.19,-5.90,-7.46,-0.63,-16.84,-592.72,-9.74
"5515","建國",43.65,15573.96,244.46,225.04,60.19,11.22,32.53,"NA","NA",158.00,0.62,4.82,8.87,21.20,7.61,1.57,18.75,159.41,7.10
"5519","隆大",58.00,13745.75,352.05,40.45,1040.58,36.02,10.13,0.11,3318.18,87.98,0.47,6.49,13.34,33.79,12.63,2.73,-23.37,-0.08,-14.42
"5521","工信",32.27,1253.90,313.17,291.80,12.94,34353.05,0.01,7.49,48.73,8.10,0.46,0.49,0.63,1.59,0.95,0.08,-7.38,114.77,-3.93
"5522","遠雄",53.36,45104.30,172.97,27.81,1144.97,40.34,9.04,0.35,1042.85,416.61,0.35,6.39,13.70,101.77,18.34,7.78,16.51,85.52,13.16
"5525","順天",77.12,1589.62,114.95,1.82,-89.76,7.03,51.92,0.04,9125.00,2.49,0.04,-0.16,-1.27,-4.58,-7.28,-0.20,0.00,3.77,0.00
"5531","鄉林",67.43,243.63,196.85,27.51,-0.21,11.77,31.01,0.17,2147.05,0.37,0.10,-0.62,-6.48,-8.83,-22.34,-0.60,-32.66,65.88,-13.70
"5533","皇鼎",36.47,240.71,286.52,53.51,103.23,78.09,4.67,0.34,1073.52,0.85,0.27,7.90,13.47,40.21,28.15,3.72,24.64,146.56,5.64
"5534","長虹",56.22,22031.65,175.38,16.18,11.14,24.82,14.70,0.09,4055.55,58.70,0.13,3.43,6.98,55.64,26.40,4.41,-18.71,8.16,-32.51
"5538","東明-KY",44.98,532.35,248.66,127.71,13.70,5.52,66.12,2.76,132.24,10.43,1.28,15.05,26.93,89.10,10.94,8.00,0.00,38.25,-4.04
"5546","永固-KY",56.52,1114.79,222.37,215.84,8.99,1.06,344.33,114.01,3.20,14.50,0.81,3.66,7.28,32.66,4.03,3.18,-20.85,-63.31,-21.89
"5607","遠雄港",61.22,398.27,100.24,98.83,9.18,9.59,38.06,"NA","NA",0.61,0.13,4.82,10.19,40.03,28.75,2.48,66.18,41.35,22.42
"5608","四維航",71.14,104.50,108.75,103.25,9.63,116.63,3.12,18.87,19.34,0.29,0.24,9.26,36.41,70.21,34.58,7.16,69.96,550.93,11.59
"5706","鳳凰",46.30,199.67,174.60,170.69,15.01,10.44,34.96,"NA","NA",0.19,0.06,3.57,6.62,12.59,55.61,1.17,-11.07,46.69,-7.17
"5871","中租-KY",83.66,553.83,120.73,119.12,4.65,"NA","NA","NA","NA",1.50,0.11,4.93,20.97,216.54,31.45,14.80,7.59,78.48,14.32
"5876","上海商銀",90.22,"NA","NA","NA","NA","NA","NA","NA","NA",1.85,0.02,0.88,9.01,49.40,48.91,3.19,"NA","NA","NA"
"5880","合庫金",94.52,"NA","NA","NA","NA","NA","NA","NA","NA","NA","NA",0.49,8.83,17.96,38.98,1.51,"NA","NA","NA"
"5906","台南-KY",54.75,1403.72,142.08,82.07,25.98,5.36,68.09,2.13,171.36,31.97,1.29,9.31,25.34,45.54,6.86,3.23,34.39,634.77,47.65
"5907","大洋-KY",70.53,297.81,69.18,60.90,1.15,26.62,13.71,5.23,69.78,0.75,0.20,0.64,-2.81,3.98,-4.50,-1.19,16.48,90.97,4.17
"6005","群益證",76.08,1732.69,115.24,115.22,"NA","NA","NA","NA","NA","NA","NA",3.71,14.07,27.19,47.99,2.42,"NA",127.37,"NA"
"6024","群益期",86.00,17171.00,113.00,113.00,"NA","NA","NA","NA","NA","NA","NA",1.08,7.77,28.54,22.26,2.33,1.86,139.81,1.83
"6108","競國",61.69,171.54,125.62,101.76,6.61,3.29,110.94,7.01,52.06,3.67,0.96,2.97,6.84,20.20,2.64,1.50,1.39,91.60,-0.06
"6112","邁達特",47.12,528.82,187.76,103.09,40.32,4.84,75.41,3.54,103.10,12.56,1.40,7.20,13.16,37.50,5.00,3.07,-5.66,56.28,-13.81
"6115","鎰勝",44.51,515.76,203.01,170.92,36.44,3.32,109.93,8.78,41.57,7.48,0.91,6.12,10.51,37.23,6.53,2.70,0.92,76.95,-7.52
"6116","彩晶",16.39,317.09,334.01,307.60,25285.96,12.60,28.96,12.17,29.99,1.83,0.49,14.77,17.41,28.53,30.32,2.75,108.90,102.72,6.67
"6117","迎廣",72.12,120.60,103.15,65.35,-4.25,5.04,72.42,3.11,117.36,1.56,0.67,-2.48,-9.00,-10.88,-4.33,-0.98,-3.17,20.83,2.10
"6120","達運",53.60,202.31,191.48,162.03,-11.97,5.80,62.93,12.50,29.20,2.80,1.02,-3.13,-6.78,-7.24,-3.20,-0.98,12.05,46.15,3.16
"6128","上福",51.72,247.27,94.90,60.94,18.09,6.55,55.72,3.19,114.42,3.23,0.74,5.38,10.45,36.22,6.83,2.64,21.31,43.08,18.53
"6133","金橋",42.03,267.06,134.39,89.21,-832.72,3.12,116.98,3.57,102.24,2.47,0.50,-2.44,-4.31,-4.54,-5.27,-0.48,0.00,0.00,0.00
"6136","富爾特",3.45,2961.12,1346.44,1198.85,69610.39,4.52,80.75,7.51,48.60,4.88,0.20,4.82,5.01,12.49,23.73,1.23,72.65,66.88,-2.58
"6139","亞翔",64.66,1776.14,146.66,80.72,6.09,4.77,76.51,2.35,155.31,31.47,0.79,1.28,2.86,17.80,1.36,1.43,7.07,9.48,10.34
"6141","柏承",59.29,83.16,76.43,63.37,11.51,2.82,129.43,7.90,46.20,1.29,0.62,7.12,14.24,43.13,10.46,2.88,13.00,79.20,7.19
"6142","友勁",40.45,267.97,326.02,233.76,44.70,3.54,103.10,3.12,116.98,1.58,0.47,8.07,15.32,16.35,15.68,1.23,-34.01,-65.59,-7.52
"6152","百一",59.16,324.34,143.83,101.28,1.93,3.53,103.39,4.66,78.32,7.68,1.10,0.61,0.81,0.67,0.30,0.05,-5.21,181.89,-4.21
"6153","嘉聯益",47.30,134.55,152.72,133.46,-2.89,2.97,122.89,8.75,41.71,0.87,0.48,-1.31,-3.19,-8.04,-3.34,-0.88,43.75,44.13,10.18
"6155","鈞寶",52.06,474.24,147.69,133.44,1463.00,3.44,106.10,2.52,144.84,2.68,0.29,3.16,5.69,12.40,10.11,0.93,5.99,83.37,1.41
"6164","華興",37.67,231.20,175.32,140.44,6.14,3.03,120.46,3.37,108.30,1.76,0.54,0.60,0.73,1.55,0.85,0.06,18.30,121.88,7.44
"6165","浪凡",56.47,5516.10,135.65,126.28,28.38,15.69,23.26,3025.95,0.12,155.54,1.97,9.75,21.14,35.94,4.73,2.60,54.60,1005.02,127.11
"6166","凌華",66.46,168.09,128.05,63.82,6.55,4.33,84.29,2.21,165.15,3.59,0.88,1.35,2.66,9.33,1.23,0.55,-19.70,17.93,-18.65
"6168","宏齊",23.82,613.91,291.38,243.14,187.18,4.81,75.88,5.16,70.73,5.11,0.69,9.01,11.90,22.16,12.94,1.80,45.20,116.33,4.98
"6176","瑞儀",54.38,1245.44,178.27,126.94,7007.89,4.21,86.69,12.63,28.89,22.12,0.92,8.55,17.27,161.98,9.12,11.16,23.43,175.73,10.17
"6177","達麗",80.82,2628.33,140.86,4.24,321.04,135.62,2.69,0.26,1403.84,21.90,0.29,4.81,24.77,42.41,15.47,4.03,-11.53,-67.75,-20.14
"6183","關貿",39.85,330.22,176.39,172.12,398.57,4.27,85.48,0.01,36500.00,2.99,0.63,12.09,18.63,35.04,19.05,2.84,42.88,131.34,10.20
"6184","大豐電",42.73,315.10,204.19,195.91,17.46,23.00,15.86,63.70,5.72,0.96,0.27,7.27,12.10,36.10,25.94,3.51,45.73,180.15,9.03
"6189","豐藝",67.10,1767.20,156.19,114.63,19.79,5.17,70.59,10.32,35.36,84.84,2.13,6.56,18.32,54.78,2.61,4.31,1.97,15.15,-5.89
"6191","精成科",51.17,340.44,146.85,107.73,94.25,3.27,111.62,4.44,82.20,4.73,0.85,9.25,18.58,78.41,10.78,5.79,24.10,99.98,10.22
"6192","巨路",37.51,544.74,248.38,177.27,1359.74,4.47,81.65,2.10,173.80,6.00,0.73,9.93,15.59,105.43,13.57,7.96,30.04,149.99,8.53
"6196","帆宣",72.00,433.13,130.28,104.23,34.24,6.86,53.20,4.09,89.24,15.02,1.43,6.46,21.29,100.67,4.38,8.24,2.49,58.78,-2.01
"6197","佳必琪",30.49,734.13,283.60,212.37,116.65,3.57,102.24,4.08,89.46,8.84,0.84,8.43,12.47,38.20,9.96,3.06,33.75,137.75,6.62
"6201","亞弘電",28.26,486.93,329.59,196.42,902.00,5.74,63.58,2.91,125.42,7.12,1.08,8.38,11.96,42.22,7.69,3.35,35.75,40.02,1.28
"6202","盛群",33.00,1261.00,288.00,248.00,1766.00,7.34,49.72,4.61,79.17,15.91,0.83,28.00,40.00,115.00,29.00,9.04,121.00,124.00,25.00
"6205","詮欣",23.16,569.15,384.60,340.01,41.50,3.73,97.85,6.13,59.54,3.72,0.56,5.20,7.01,23.05,9.10,2.02,12.00,87.22,-1.80
"6206","飛捷",24.96,457.05,328.18,225.37,494.80,5.80,62.93,3.35,108.95,4.86,0.82,11.63,14.78,57.47,13.33,4.77,0.53,103.92,-10.58
"6209","今國光",31.05,233.49,278.47,179.78,-23.49,3.91,93.35,4.36,83.71,2.18,0.78,-3.11,-4.87,-12.50,-4.16,-0.91,-29.94,26.86,-3.47
"6213","聯茂",41.18,322.38,170.88,134.00,48.02,2.70,135.18,5.97,61.13,3.70,1.05,10.37,18.12,99.61,9.67,9.00,22.10,39.98,6.54
"6214","精誠",48.00,828.39,208.14,154.08,33.66,6.83,53.44,6.52,55.98,14.10,1.22,5.18,8.91,53.88,4.14,4.90,0.00,41.31,-7.12
"6215","和椿",31.07,614.39,249.80,169.90,80.80,3.72,98.11,3.01,121.26,7.64,0.96,13.09,20.52,41.48,13.52,3.20,19.76,74.72,4.63
"6216","居易",10.65,758.67,861.32,738.59,"*****",5.85,62.39,3.06,119.28,4.39,0.54,9.35,10.42,19.45,17.28,1.85,10.21,58.33,-6.60
"6224","聚鼎",39.29,222.16,220.05,160.17,44.61,4.41,82.76,2.73,133.69,2.42,0.69,11.59,20.06,68.92,14.63,6.02,1.81,59.20,-6.80
"6225","天瀚",48.98,2891.45,261.26,177.62,0.00,4.39,83.14,3.89,93.83,57.60,1.27,-15.53,-26.16,-0.86,-12.18,-0.01,0.00,0.00,0.00
"6226","光鼎",53.07,295.77,167.07,80.86,1.54,3.34,109.28,0.84,434.52,1.53,0.33,-0.74,-0.59,-0.68,0.81,-0.01,8.46,64.94,5.50
"6230","尼得科超眾",55.63,234.43,172.79,129.68,83.27,3.08,118.50,6.12,59.64,4.23,1.04,3.68,7.70,59.35,3.17,4.05,7.43,62.12,2.89
"6235","華孚",51.81,112.26,98.89,69.76,14.27,3.16,115.50,3.94,92.63,1.47,0.59,3.76,6.80,11.67,5.83,0.96,11.69,11.79,6.00
"6239","力成",46.62,150.65,222.82,191.85,65.45,5.12,71.28,10.99,33.21,1.36,0.74,10.48,19.27,188.74,10.62,11.54,105.70,98.05,10.99
"6243","迅杰",30.60,3826.71,318.95,260.91,20.00,4.00,91.25,3.14,116.24,51.10,0.84,6.40,10.10,12.86,7.29,1.60,18.94,-104.45,1.01
"6257","矽格",51.30,156.44,192.97,179.33,23.17,4.58,79.69,46.08,7.92,1.01,0.50,9.56,18.53,81.02,18.20,6.25,92.79,83.46,12.27
"6269","台郡",46.84,232.20,228.07,188.33,147.11,4.44,82.20,6.44,56.67,3.08,0.78,6.37,11.24,108.56,8.10,8.19,38.85,58.85,8.78
"6271","同欣電",16.54,265.15,217.37,171.37,902.37,6.85,53.28,5.52,66.12,1.65,0.52,10.45,12.51,189.25,19.95,15.49,112.73,97.43,12.83
"6277","宏正",35.00,203.00,205.00,150.00,50.00,6.30,57.93,2.12,172.16,2.15,0.70,8.91,13.43,72.67,12.48,5.33,107.00,80.00,25.75
"6278","台表科",71.41,162.68,110.62,92.02,50.64,3.70,98.64,12.01,30.39,6.14,1.41,8.09,25.22,168.41,5.63,12.70,11.30,87.21,12.75
"6281","全國電",70.73,919.37,131.76,62.05,26.16,138.42,2.63,6.23,58.58,42.26,2.38,7.13,22.51,75.65,2.89,6.05,41.10,143.09,20.74
"6282","康舒",65.77,185.31,133.53,93.50,10.10,3.44,106.10,4.33,84.29,2.86,0.76,2.58,6.33,16.40,3.06,1.17,-5.23,14.52,-6.90
"6283","淳安",32.15,538.69,370.57,330.67,-21.95,4.25,85.88,11.42,31.96,5.58,0.77,-5.83,-9.01,-12.13,-7.78,-0.41,-34.46,-50.40,-6.31
"6285","啟碁",61.79,250.37,139.89,81.92,22.50,4.68,77.99,5.52,66.12,8.81,1.63,3.12,7.29,35.60,1.83,3.15,-14.90,31.77,-15.52
"6288","聯嘉",59.14,190.21,160.05,80.45,121.15,4.25,85.88,2.08,175.48,2.16,0.65,1.07,0.43,0.29,0.29,0.06,-19.40,15.25,-12.62
"6405","悅城",13.01,349.32,691.96,688.48,65.74,3.24,112.65,47.45,7.69,0.65,0.20,3.76,4.25,15.98,18.43,1.51,26.03,100.36,1.18
"6409","旭隼",57.35,215.68,133.97,107.06,71.33,6.51,56.06,8.08,45.17,6.57,1.34,18.91,42.72,330.65,13.91,27.13,30.67,99.28,3.98
"6412","群電",62.97,222.67,124.00,72.54,104.37,3.68,99.18,4.22,86.49,8.36,1.46,10.35,27.41,91.28,7.00,7.22,7.58,58.78,-0.96
"6414","樺漢",68.82,795.93,140.51,103.88,8.78,5.61,65.06,5.09,71.70,14.39,1.00,3.91,10.84,417.36,3.47,13.91,3.37,69.89,0.15
"6415","矽力*-KY",9.25,1651.64,771.15,633.26,5852.06,14.65,24.91,3.94,92.63,16.16,0.92,24.93,27.46,679.63,26.96,61.51,274.49,134.38,21.99
"6416","瑞祺電通",34.90,3766.81,301.33,124.12,56.78,4.96,73.58,1.56,233.97,52.17,0.95,4.98,7.42,44.11,5.14,3.00,19.04,21.81,0.25
"6423","億而得-創",13.91,1746.38,748.00,741.00,210.81,12.06,30.26,"NA","NA",8.13,0.52,12.03,13.71,16.12,22.94,1.44,138.70,502.00,17.40
"6426","統新",7.66,205.77,712.37,594.50,1123.45,3.46,105.49,2.66,137.21,0.91,0.35,0.82,0.88,0.94,2.25,0.30,109.61,76.26,0.72
"6438","迅得",46.18,511.86,187.25,130.87,75.33,3.91,93.35,2.66,137.21,7.04,0.90,12.09,23.83,119.17,13.28,10.15,25.55,56.64,12.18
"6442","光聖",43.76,345.20,224.73,140.11,22.02,3.96,92.17,2.84,128.52,4.54,0.94,3.64,6.00,21.74,3.68,1.55,1.75,43.03,-1.58
"6443","元晶",49.86,155.54,140.69,72.30,1.66,8.55,42.69,4.83,75.56,1.25,0.63,1.06,0.96,1.04,0.77,0.10,18.90,12.45,4.83
"6446","藥華藥",31.43,1330.12,348.92,277.63,-280.94,1.43,255.24,0.53,688.67,1.71,0.11,-47.79,-68.81,-101.52,-428.17,-10.80,"NA","NA","NA"
"6449","鈺邦",44.54,189.15,141.48,105.54,33.94,2.55,143.13,3.34,109.28,2.18,0.65,7.30,12.95,45.21,10.85,3.49,12.48,55.50,2.19
"6451","訊芯-KY",56.38,418.24,215.66,189.27,381.60,4.61,79.17,4.56,80.04,1.94,0.28,4.64,5.93,19.18,8.86,3.77,3.77,67.80,-2.06
"6456","GIS-KY",65.11,205.20,144.67,122.42,3610.99,3.42,106.72,11.41,31.98,6.33,1.43,4.86,14.27,133.89,3.30,12.97,11.75,79.07,6.71
"6464","台數科",58.75,949.51,113.48,107.07,7.86,14.67,24.88,48.34,7.55,2.29,0.21,6.22,14.21,105.09,25.43,8.27,49.24,165.80,16.49
"6472","保瑞",57.24,135.19,151.66,97.80,20.10,7.18,50.83,3.23,113.00,1.18,0.68,11.03,26.69,149.53,15.30,11.04,67.17,48.56,18.66
"6477","安集",57.89,327.80,133.38,100.38,3.93,3.50,104.28,2.80,130.35,1.44,0.26,2.89,5.12,12.59,8.56,1.16,-2.74,23.79,-3.14
"6491","晶碩",35.69,117.72,117.42,94.13,466.64,9.30,39.24,5.46,66.84,1.40,0.75,16.70,24.71,206.28,22.31,17.84,94.76,89.02,26.94
"6504","南六",66.93,134.91,112.33,82.97,852.00,4.62,79.00,5.52,66.12,1.38,0.63,1.24,3.02,34.47,1.73,1.62,24.99,61.19,0.86
"6505","台塑化",21.14,409.29,499.95,337.16,160.03,13.47,27.09,9.26,39.41,6.29,1.48,11.83,14.64,63.49,7.96,5.19,61.33,97.65,3.97
"6515","穎崴",25.62,389.97,302.76,265.21,445.40,4.08,89.46,4.37,83.52,4.49,0.91,15.37,33.31,175.83,16.85,14.46,76.80,99.29,8.44
"6525","捷敏-KY",38.16,190.84,167.11,145.83,1884.27,5.28,69.12,13.79,26.46,2.39,0.80,14.51,21.51,81.58,18.04,6.65,51.73,87.10,5.81
"6526","達發",45.93,2261.70,185.63,104.25,6590.72,9.24,39.50,2.80,130.35,84.77,1.76,29.57,56.47,326.93,16.58,15.79,38.39,73.31,14.50
"6531","愛普*",23.63,5993.69,366.08,243.81,128970.63,9.08,40.19,2.76,132.24,148.02,1.29,39.51,51.29,337.88,30.61,13.67,172.23,96.99,41.01
"6533","晶心科",5.13,19787.47,2566.59,2539.78,100.35,5.19,70.32,0.75,486.66,34.65,0.25,5.07,5.42,34.97,19.72,3.59,177.75,63.57,6.36
"6534","正瀚-創",43.10,119.63,123.77,98.05,2687.78,10.31,35.40,2.42,150.82,0.49,0.34,10.24,18.20,42.60,28.62,3.45,49.99,65.84,8.66
"6541","泰福-KY",40.71,935.35,966.54,895.67,"NA","NA","NA","NA","NA","NA","NA",-33.97,-56.99,-43.78,"NA",-4.74,"NA","NA","NA"
"6550","北極星藥業-KY",7.78,569.33,1453.85,1373.00,-4946.25,4.15,87.95,"NA","NA",0.01,0.00,-12.98,-14.67,-10.29,-4923.12,-1.09,-123.46,-909.61,-7.38
"6552","易華電",42.72,182.54,246.43,203.86,24.41,7.62,47.90,10.44,34.96,1.24,0.65,7.38,12.79,47.10,10.80,3.91,116.13,77.32,6.82
"6558","興能高",43.10,226.98,199.83,161.91,1.52,3.22,113.35,4.35,83.90,2.10,0.64,0.45,0.22,0.61,0.19,0.04,5.37,45.31,1.06
"6573","虹揚-KY",59.24,136.73,95.36,69.06,-3.72,3.17,115.14,5.41,67.46,1.83,0.71,-4.92,-14.34,-22.07,-8.69,-1.93,3.81,27.41,1.44
"6579","研揚",17.87,1086.58,338.45,232.69,129.52,6.64,54.96,3.51,103.98,9.30,0.64,5.23,6.13,42.12,8.09,4.22,-25.60,68.81,-9.30
"6581","鋼聯",14.09,115.16,167.70,145.09,18266.19,12.32,29.62,7.78,46.91,0.56,0.39,12.02,15.38,65.14,30.47,5.08,135.37,77.62,7.73
"6582","申豐",15.67,291.17,420.07,383.85,6717.78,142.16,2.56,34.44,10.59,15.24,4.44,47.32,56.96,410.57,42.59,32.74,280.63,176.35,31.74
"6585","鼎基",47.34,137.35,230.36,126.67,1968.56,7.85,46.49,3.32,109.93,0.93,0.56,6.57,12.04,58.04,11.03,4.55,32.28,62.78,1.75
"6591","動力-KY",39.50,221.15,199.75,146.95,55.88,2.84,128.52,3.43,106.41,2.45,0.75,9.13,15.07,101.56,11.86,6.83,0.17,26.38,-4.67
"6592","和潤企業",87.35,440.69,107.76,103.98,4.13,"NA","NA","NA","NA",3.38,0.10,2.62,14.36,90.56,19.66,6.10,-19.70,0.00,-127.07
"6598","ABC-KY",11.39,857.57,1378.63,1209.52,-56.55,5.46,66.84,1.26,289.68,2.81,0.28,-14.51,-16.60,-20.21,-51.63,-2.02,-253.18,-438.06,15.30
"6605","帝寶",53.44,165.52,136.71,74.90,7.92,5.58,65.41,2.01,181.59,1.13,0.52,4.20,7.98,86.61,7.02,6.85,42.88,248.66,11.03
"6625","必應",43.67,276.28,160.83,152.27,-41.07,4.01,91.02,"NA","NA",3.55,0.79,-8.57,-15.29,-20.55,-11.08,-2.00,-2.26,98.33,-1.24
"6641","基士德-KY",41.16,668.01,289.33,257.61,98.02,4.45,82.02,9.41,38.78,8.70,0.87,9.47,15.32,69.22,10.83,6.30,4.66,138.29,-5.84
"6645","金萬林-創",27.05,321.62,302.30,237.11,86.08,5.93,61.55,3.84,95.05,3.34,0.90,13.59,18.09,37.13,14.95,2.04,67.11,-4.63,13.58
"6655","科定",65.53,120.65,141.84,30.87,2240.71,14.81,24.64,0.87,419.54,0.69,0.43,10.55,25.96,86.22,23.58,7.68,70.43,48.16,-9.38
"6657","華安",3.77,1115.22,2716.14,2670.41,"NA",6.16,59.25,3.04,120.06,0.11,0.01,-15.08,-15.77,-18.12,-1605.50,-2.00,"NA","NA","NA"
"6658","聯策",51.94,1315.89,178.01,154.80,14.03,2.42,150.82,7.46,48.92,15.92,0.72,2.25,4.44,18.50,2.89,0.75,25.73,67.11,14.55
"6666","羅麗芬-KY",20.03,245.60,429.29,396.22,63.55,80.51,4.53,3.86,94.55,1.67,0.45,3.45,4.27,19.52,7.56,1.48,79.10,67.64,-17.16
"6668","中揚光",53.01,167.09,178.95,141.90,-10.83,1.79,203.91,1.86,196.23,0.73,0.31,-6.87,-14.33,-34.12,-23.47,-4.02,12.56,31.32,2.28
"6669","緯穎",67.70,3618.15,173.91,77.36,31.87,18.06,20.21,5.43,67.21,193.57,2.76,12.81,33.34,628.92,4.49,49.46,"NA",3.16,"NA"
"6670","復盛應用",50.51,208.28,135.44,75.72,121.32,5.99,60.93,4.53,80.57,5.68,1.46,16.04,32.51,243.93,10.89,18.03,22.79,39.75,2.79
"6671","三能-KY",27.32,201.30,234.37,162.26,85.62,7.71,47.34,3.57,102.24,2.22,0.89,9.09,12.27,42.05,10.03,3.50,43.91,88.61,1.85
"6672","騰輝電子-KY",50.74,330.36,175.24,119.44,85.73,3.87,94.31,4.55,80.21,7.36,1.44,15.73,30.08,146.71,10.80,11.72,4.49,69.34,-2.25
"6674","鋐寶科技",49.85,1225.63,189.05,145.77,90.34,4.10,89.02,5.07,71.99,27.10,0.97,1.11,1.99,5.35,1.13,0.49,0.00,91.82,-3.28
"6689","伊雲谷",58.86,22808.10,171.24,153.21,45.58,7.92,46.08,9.58,38.10,1017.89,2.64,5.42,12.12,42.46,2.01,3.40,37.90,145.67,47.88
"6691","洋基工程",50.09,1335.76,197.44,127.15,620.69,9.81,37.20,0.50,730.00,29.80,1.51,13.61,28.75,183.70,8.98,15.83,20.61,156.77,13.30
"6695","芯鼎",26.84,16763.19,515.23,316.39,77.64,8.03,45.45,1.57,232.48,80.90,0.98,11.35,15.27,11.82,11.38,1.90,0.00,0.00,0.00
"6698","旭暉應材",35.88,152.47,157.27,124.56,16.33,3.41,107.03,3.34,109.28,0.75,0.35,3.23,4.39,14.72,8.72,0.39,14.51,"NA",2.80
"6706","惠特",53.56,275.80,158.10,98.75,146.49,5.48,66.60,1.94,188.14,3.76,0.84,14.77,30.91,165.87,17.49,13.98,38.30,63.74,27.79
"6715","嘉基",41.44,306.85,196.75,138.84,110.11,2.46,148.37,2.67,136.70,4.73,0.83,6.29,10.23,41.04,7.49,3.05,5.01,51.04,-3.57
"6719","力智",38.84,681.17,239.25,149.61,287.39,6.92,52.74,3.15,115.87,12.48,1.49,27.99,63.57,199.45,18.70,15.75,65.47,102.85,26.65
"6742","澤米",22.81,408.76,372.40,318.13,6.96,4.16,87.74,2.94,124.14,1.85,0.41,2.51,3.08,5.06,5.20,0.40,18.51,264.36,2.89
"6743","安普新",69.60,103.94,89.54,43.69,-0.66,3.64,100.27,2.95,123.72,2.05,0.70,-0.12,-1.55,-5.10,-0.81,-0.33,0.00,13.22,0.00
"6753","龍德造船",68.94,158.82,108.46,76.46,8.38,26.34,13.85,8.64,42.24,1.24,0.48,5.15,13.54,34.54,9.52,2.67,34.64,51.48,31.99
"6754","匯僑設計",53.64,255.96,167.72,159.96,225.58,7.92,46.08,65.47,5.57,4.44,1.01,5.70,11.73,55.55,5.62,3.52,25.55,100.29,11.76
"6756","威鋒電子",21.43,4415.55,372.09,318.03,2207.25,10.79,33.82,3.23,113.00,51.87,0.95,24.75,30.26,154.13,26.14,13.04,104.73,129.69,17.87
"6757","台灣虎航",71.95,781.20,117.38,115.52,-1287.95,33.96,10.74,3.88,94.07,0.20,0.02,-16.77,-66.68,-70.53,-929.22,-7.19,-47.85,40.63,-34.24
"6768","志強-KY",26.83,351.89,361.75,311.71,11.86,5.72,63.81,6.05,60.33,3.29,0.75,4.33,5.66,44.07,5.24,3.42,71.40,145.07,8.70
"6770","力積電",49.57,203.39,260.68,223.45,27.79,7.71,47.34,4.30,84.88,1.32,0.62,15.78,32.24,54.35,24.52,4.92,95.57,104.26,6.36
"6771","平和環保-創",48.55,113.57,132.76,123.40,2518.31,6.02,60.63,73.64,4.95,0.66,0.46,12.36,23.31,67.59,25.57,5.44,70.97,91.05,9.98
"6776","展碁國際",68.89,1412.95,128.92,74.65,2640.91,8.60,42.44,10.09,36.17,275.38,3.75,6.57,20.18,50.51,1.69,4.28,6.36,25.19,6.47
"6781","AES-KY",30.44,970.34,311.60,221.69,28583.80,5.46,66.84,2.57,142.02,13.11,1.07,22.63,34.92,361.39,21.09,30.18,34.09,64.02,9.26
"6782","視陽",64.42,171.96,96.07,65.76,1982.86,7.15,51.04,3.88,94.07,1.92,0.73,17.21,45.51,73.87,22.58,8.11,58.44,0.70,0.24
"6789","采鈺",40.91,127.53,190.50,184.25,217.07,8.09,45.11,60.12,6.07,1.04,0.67,16.20,26.73,92.19,23.98,7.41,144.56,69.74,13.78
"6790","永豐實",32.74,183.02,193.73,138.67,8897.65,7.95,45.91,6.72,54.31,3.08,1.28,13.98,22.72,48.19,10.83,4.24,54.73,149.97,2.78
"6792","詠業",27.13,356.63,286.73,236.64,23213.24,4.70,77.65,3.99,91.47,3.44,0.86,14.76,20.67,73.29,17.06,6.60,58.67,113.20,11.46
"6794","向榮生技-創",11.66,249.95,764.14,665.91,"*****",16.89,21.61,0.41,890.24,0.08,0.02,-25.07,-28.49,-22.87,-1056.30,-2.29,"*****","*****","*****"
"6796","晉弘",32.09,437.41,337.21,240.44,79.32,3.56,102.52,1.72,212.20,3.65,0.73,10.09,15.17,26.96,13.68,2.30,28.93,47.58,5.44
"6799","來頡",33.93,1938.07,274.09,219.94,925.83,6.39,57.12,4.10,89.02,38.59,1.34,35.04,49.88,94.42,26.16,7.51,88.59,167.66,36.32
"6805","富世達",57.22,877.89,219.64,163.66,78.93,5.59,65.29,2.87,127.17,17.19,1.31,14.04,36.05,128.31,10.62,9.29,24.20,15.29,15.68
"6806","森崴能源",39.21,710.59,250.34,89.64,12.51,17.50,20.85,"NA","NA",5.22,0.50,5.72,12.24,39.08,10.54,3.78,0.00,0.00,0.00
"6807","峰源-KY",49.12,333.10,202.36,169.38,233.90,7.45,48.99,11.10,32.88,7.78,1.50,7.66,14.29,59.00,5.08,4.71,40.73,"NA",15.99
"6830","汎銓",35.11,154.97,245.51,226.88,34.69,3.72,98.11,"NA","NA",1.03,0.56,9.93,14.63,71.41,17.18,6.21,149.17,"NA",15.09
"6834","天二科技",30.53,196.45,196.29,131.03,123.59,3.62,100.82,3.13,116.61,1.89,0.72,10.25,13.60,25.98,14.06,2.25,32.37,57.25,8.26
"6835","圓裕",55.29,254.95,149.14,109.19,19.08,2.52,144.84,4.23,86.28,7.07,1.12,6.86,14.83,31.22,5.82,2.72,-0.37,65.18,-6.50
"6838","台新藥",46.12,12694.36,565.65,504.10,-183.54,"*****","*****","*****","*****",4.39,0.05,-70.91,-146.92,-41.21,-1436.02,-4.33,"NA","NA","NA"
"6854","錼創科技-KY創",12.15,335.16,746.70,689.34,-73814.38,4.88,74.79,3.55,102.81,0.27,0.08,-48.33,-54.89,-120.76,-594.25,-14.14,"NA","NA","NA"
"6861","睿生光電",62.63,326.11,143.05,93.63,291.23,4.08,89.46,3.03,120.46,9.14,1.04,10.64,38.39,66.62,10.23,6.05,-12.81,"NA",-17.47
"6862","三集瑞-KY",51.29,198.73,137.77,102.77,59.83,2.98,122.48,3.15,115.87,3.32,0.92,19.98,40.67,102.80,21.24,8.08,38.41,"NA",0.65
"6863","永道-KY",16.12,304.15,403.36,357.19,1079.19,5.80,62.93,5.35,68.22,1.86,0.50,6.63,7.71,37.83,13.33,4.07,74.42,"NA",10.85
"6869","雲豹能源",53.62,258.95,137.06,131.24,1123.47,6.13,59.54,132.67,2.75,1.91,0.60,7.07,13.49,22.07,10.69,2.30,3.31,8.10,2.07
"6873","泓德能源",47.86,655.89,175.04,132.19,41.16,9.00,40.55,64.95,5.61,11.32,1.07,6.77,14.01,31.25,6.17,3.02,-15.01,57.81,-17.29
"6885","全福生技",3.54,96802.83,2498.88,2460.29,-948.99,"NA","NA","NA","NA",1.06,0.00,-25.93,-28.43,-15.23,-29291.39,-1.78,"NA","NA","NA"
"6902","GOGOLOOK-創",29.66,6048.85,338.22,317.77,-152.65,5.62,64.94,4.54,80.39,86.00,0.65,-15.55,-20.74,-35.94,-23.92,-2.04,"*****","*****","*****"
"6906","現觀科",29.58,4874.72,386.00,386.00,77.15,2.52,144.84,"NA","NA",29.73,0.47,7.13,10.17,22.67,15.01,1.41,80.27,"NA",13.12
"6916","華凌",70.17,209.00,97.98,51.17,4.53,8.78,41.57,3.35,108.95,5.32,1.13,3.78,10.98,11.47,2.76,1.54,2.35,103.09,0.09
"6937","天虹",51.66,189.17,167.12,76.12,8.56,6.44,56.67,1.32,276.51,2.15,0.71,10.75,28.97,44.34,13.57,4.57,28.99,"NA",16.16
"6962","奕力-KY",65.47,1782.08,144.81,118.20,286.56,7.44,49.05,5.17,70.59,41.87,1.72,37.35,94.60,260.39,21.59,74.21,71.71,"NA",67.24
"8011","台通",46.58,294.61,187.03,101.99,-5.03,6.75,54.07,2.17,168.20,0.89,0.26,-3.28,-6.98,-17.81,-14.83,-1.36,12.87,24.53,1.71
"8016","矽創",32.97,1074.54,259.17,221.02,1631.64,13.36,27.32,4.95,73.73,17.92,1.21,38.79,57.79,695.35,31.78,50.03,120.67,219.48,44.71
"8021","尖點",30.69,349.83,387.39,337.74,54.25,3.06,119.28,4.34,84.10,2.39,0.54,7.21,9.81,46.80,13.02,3.14,57.19,166.39,4.77
"8028","昇陽半導體",60.22,127.04,106.91,96.25,13.54,5.73,63.69,7.00,52.14,0.82,0.46,4.81,10.54,18.69,9.62,1.68,39.67,55.09,6.10
"8033","雷虎",32.77,567.51,279.11,132.85,6.16,7.56,48.28,1.63,223.92,6.11,0.87,2.50,3.10,3.93,2.18,0.18,8.62,24.69,2.78
"8039","台虹",43.77,331.52,325.63,260.19,4623.57,2.30,158.69,4.57,79.86,2.87,0.73,5.94,9.61,44.98,7.91,3.51,7.77,60.28,-2.18
"8045","達運光電",50.09,379.29,322.10,223.89,6.25,1.77,206.21,2.10,173.80,2.69,0.55,2.65,4.36,7.96,3.98,0.58,43.83,257.95,9.09
"8046","南電",28.16,166.34,286.94,231.32,249.00,5.17,70.59,7.23,50.48,2.36,1.04,21.03,29.05,202.66,20.26,16.38,151.47,87.40,16.46
"8070","長華*",51.42,794.58,176.84,130.70,32.46,4.88,74.79,7.55,48.34,7.82,0.77,9.57,21.05,446.59,12.03,2.54,27.81,108.83,6.62
"8072","陞泰",11.88,321.03,624.69,505.55,"NA",4.90,74.48,4.59,79.52,1.88,0.52,1.70,1.91,7.92,3.19,0.39,0.59,-20.98,-0.61
"8081","致新",32.90,594.59,246.04,179.08,517.78,4.91,74.33,3.07,118.89,7.84,1.05,25.51,43.12,325.56,24.33,25.45,51.01,112.80,9.01
"8101","華冠",61.77,387.99,75.87,36.62,187.39,1.46,250.00,2.78,131.29,2.00,0.40,1.04,0.45,0.91,2.56,0.03,-54.67,-113.41,-18.34
"8103","瀚荃",44.52,317.69,270.29,206.13,32.36,3.26,111.96,3.87,94.31,3.53,0.85,7.21,12.25,64.26,8.08,4.29,23.57,74.72,4.68
"8104","錸寶",42.29,166.92,119.73,98.90,1484.08,5.91,61.75,18.77,19.44,1.45,0.58,5.46,9.03,36.80,8.70,2.86,0.77,55.70,-2.28
"8105","凌巨",42.12,149.56,177.36,121.08,5.82,7.30,50.00,6.11,59.73,1.72,0.86,0.89,1.31,1.99,0.90,0.21,11.32,39.67,2.07
"8110","華東",47.77,177.42,166.48,143.22,2.22,5.45,66.97,13.09,27.88,0.89,0.38,1.31,1.04,3.96,1.46,0.43,13.84,88.73,1.09
"8112","至上",79.26,6100.20,146.26,63.69,10.16,10.96,33.30,8.94,40.82,754.39,4.23,7.10,29.99,97.22,1.51,7.02,"NA","NA","NA"
"8114","振樺電",69.77,326.13,193.89,105.83,4.60,5.91,61.75,2.27,160.79,2.67,0.64,3.99,16.07,108.04,6.19,6.21,6.55,47.15,0.99
"8131","福懋科",13.56,371.29,680.15,619.46,39235.00,5.99,60.93,10.92,33.42,2.51,0.71,11.21,12.91,43.51,15.67,3.52,212.71,99.68,5.44
"8150","南茂",42.65,175.73,229.55,182.80,50.88,4.68,77.99,7.31,49.93,1.44,0.71,13.29,22.38,82.99,18.46,6.96,101.92,92.99,6.14
"8163","達方",61.68,217.27,130.49,72.33,22.81,3.81,95.80,3.63,100.55,4.04,0.98,4.74,11.17,59.06,4.64,4.09,-6.89,51.77,1.84
"8201","無敵",26.15,567.03,416.44,373.25,347.37,6.54,55.81,7.01,52.06,3.97,0.87,12.07,17.75,22.27,13.77,1.75,0.00,120.12,0.00
"8210","勤誠",62.88,139.09,128.78,78.11,5472.89,4.56,80.04,3.96,92.17,2.51,0.98,7.11,16.64,73.35,7.14,5.62,8.79,56.57,5.57
"8213","志超",54.49,213.35,146.44,128.00,28.32,2.56,142.57,8.63,42.29,3.67,0.86,7.53,16.80,113.67,8.45,8.60,9.32,96.01,2.27
"8215","明基材",58.78,149.46,115.87,63.35,29.71,6.32,57.75,5.15,70.87,3.67,1.32,8.51,20.46,37.67,5.88,3.03,17.48,95.99,11.74
"8222","寶一",41.99,221.97,368.71,193.77,-20.10,7.78,46.91,0.98,372.44,0.68,0.26,-7.26,-12.83,-15.08,-29.29,-1.50,7.47,85.29,0.80
"8249","菱光",41.02,1757.61,98.18,78.84,19.95,8.02,45.51,8.20,44.51,15.15,0.66,3.11,4.83,15.10,4.47,1.50,10.39,133.65,3.10
"8261","富鼎",38.23,537.44,194.15,145.37,162.48,4.56,80.04,4.47,81.65,10.59,1.33,20.75,34.22,97.89,15.50,8.03,68.31,112.12,33.42
"8271","宇瞻",36.61,367.38,219.72,131.47,16989.20,8.01,45.56,6.32,57.75,10.01,1.94,10.94,16.46,56.69,5.59,4.81,-18.75,72.91,-15.57
"8341","日友",66.16,125.74,149.91,122.27,2421.79,7.48,48.79,28.94,12.61,0.61,0.36,10.46,28.70,105.68,27.95,8.47,104.53,74.38,5.24
"8367","建新國際",65.38,284.44,178.65,177.36,12.59,7.38,49.45,"NA","NA",0.95,0.29,9.26,24.23,106.39,29.98,7.10,65.89,99.94,15.13
"8374","羅昇",32.75,589.11,284.51,208.37,43.33,3.57,102.24,5.22,69.92,9.18,1.22,5.21,7.35,16.84,4.16,1.32,-0.71,44.63,-3.28
"8404","百和興業-KY",61.02,175.76,155.78,73.77,2148.16,7.27,50.20,1.55,235.48,1.75,0.67,8.29,22.44,68.00,13.14,3.96,7.94,43.55,0.69
"8411","福貞-KY",54.14,120.34,114.45,79.13,9.12,4.38,83.33,4.78,76.35,1.28,0.61,3.62,7.05,11.41,4.99,2.22,-2.10,66.71,-0.93
"8422","可寧衛",21.29,202.19,236.57,228.24,226.22,5.88,62.07,28.78,12.68,0.91,0.41,15.58,19.48,134.90,38.20,10.59,141.19,93.10,3.26
"8429","金麗-KY",9.80,40673.09,4981.92,4961.75,28.81,2.99,122.07,20.54,17.77,27.31,0.06,0.33,0.35,1.47,5.22,0.12,41.56,365.33,0.83
"8438","昶昕",45.87,176.18,125.42,106.19,29.40,8.97,40.69,19.15,19.06,5.12,1.67,9.20,17.17,42.42,5.25,3.56,33.16,204.02,13.17
"8442","威宏-KY",66.49,246.22,118.89,81.41,3.25,4.92,74.18,5.30,68.86,6.67,1.25,2.43,4.48,14.11,1.39,1.26,-9.22,33.98,-9.67
"8443","阿瘦",48.50,210.05,137.31,23.06,-24.15,20.00,18.25,0.80,456.25,2.24,54.83,-11.71,-22.59,-36.44,-24.04,-3.90,21.80,66.01,12.11
"8454","富邦媒",61.55,201.22,116.65,86.84,323.42,59.28,6.15,20.80,17.54,17.76,4.33,16.10,41.46,224.34,3.71,18.02,44.72,122.95,143.54
"8462","柏文",79.63,104.16,75.11,73.45,-1.48,194.98,1.87,0.30,1216.66,0.88,0.34,-1.06,-7.53,-24.72,-5.50,-1.91,50.69,105.13,8.56
"8463","潤泰材",59.55,147.34,193.07,121.06,-4.18,5.75,63.47,2.31,158.00,1.02,0.60,-1.31,-3.86,-7.77,-2.67,-0.69,25.76,43.98,2.49
"8464","億豐",39.11,240.34,206.14,151.72,214.38,10.08,36.21,3.16,115.50,4.01,1.01,19.51,33.15,254.56,19.17,18.15,64.34,104.09,12.80
"8466","美吉吉-KY",58.61,161.77,194.54,136.57,5.98,2.96,123.31,5.64,64.71,1.30,0.69,1.38,2.39,10.33,1.70,1.04,-30.54,12.95,-12.03
"8467","波力-KY",48.31,209.75,151.81,120.98,6.82,7.54,48.40,3.23,113.00,1.61,0.54,4.40,6.96,26.79,6.91,1.98,3.66,86.48,0.37
"8473","山林水",52.86,1804.16,111.21,104.36,4.61,3.27,111.62,29207.13,0.01,6.05,0.25,2.86,4.63,35.59,8.52,1.36,2.16,30.84,-1.07
"8476","台境*",52.87,276.41,163.29,133.07,-0.42,6.80,53.67,"NA","NA",1.84,0.48,-0.85,-4.12,-3.66,-3.59,-0.49,31.80,12.38,19.91
"8478","東哥遊艇",55.85,288.17,179.43,62.76,1602.51,5.28,69.12,1.05,347.61,3.29,0.67,13.20,30.97,100.24,18.77,9.55,55.67,10.50,37.22
"8481","政伸",20.31,361.93,366.53,321.68,1302.09,3.81,95.80,5.98,61.03,2.99,0.66,17.11,22.02,79.31,25.97,6.10,82.27,73.28,-5.07
"8482","商億-KY",27.82,213.91,198.05,124.44,285.20,8.63,42.29,4.13,88.37,4.03,1.14,19.69,27.14,88.42,17.21,7.97,64.08,76.05,7.44
"8487","愛爾達-創",66.74,3159.52,146.29,76.06,23.00,7.94,45.96,5.80,62.93,121.36,1.16,5.45,16.11,24.84,4.51,2.08,5.17,327.96,4.81
"8488","吉源-KY",58.81,96.98,84.75,69.17,3.19,2.88,126.73,8.20,44.51,1.52,0.70,1.34,1.98,11.83,1.24,0.75,15.03,208.05,12.09
"8499","鼎炫-KY",28.66,628.18,345.92,314.42,110.30,3.33,109.60,3.78,96.56,4.17,0.55,16.74,23.31,202.47,29.95,14.14,77.05,129.06,10.50
"8926","台汽電",50.20,630.85,121.41,66.34,1643.00,13.23,27.58,46.99,7.76,2.20,0.27,4.08,7.49,17.42,14.13,1.52,34.90,89.52,2.80
"8940","新天地",62.77,153.07,84.41,68.78,-16.66,19.44,18.77,7.00,52.14,0.74,0.38,-6.42,-16.81,-22.63,-17.86,-1.74,1.82,96.22,0.31
"8996","高力",44.76,141.16,142.24,85.17,19.93,6.01,60.73,2.55,143.13,1.37,0.65,4.57,7.84,21.87,6.68,1.67,26.43,73.51,5.29
"910322","康師傅-DR",62.84,133.70,86.06,64.34,2699.00,39.84,9.16,12.80,28.51,3.39,1.21,7.44,18.51,2465.12,5.92,2.93,18.17,121.59,-2.94
"9105","泰金寶-DR",77.74,147.19,111.23,61.37,259.48,5.91,61.75,5.61,65.06,8.01,1.70,0.37,1.59,14.23,0.22,0.05,-4.51,25.48,-8.02
"910861","神州-DR",52.00,1794.61,146.02,114.65,636.08,5.48,66.60,5.11,71.42,21.54,0.77,2.98,5.42,460.30,3.35,0.99,3.33,130.66,1.26
"9110","越南控-DR",53.74,1825.58,175.26,126.18,-484.54,3.62,100.82,3.13,116.61,30.77,0.83,-4.11,-9.96,-479.16,-5.98,-0.17,-7.90,-135.43,-2.91
"911608","明輝-DR",36.80,1027.35,309.17,134.47,8.82,3.29,110.94,0.84,434.52,7.06,0.53,5.61,8.32,8.09,9.46,0.34,37.79,133.88,8.88
"911622","泰聚亨-DR",37.08,169.38,143.16,37.90,920.04,20.13,18.13,3.07,118.89,2.91,1.26,5.64,8.31,6.45,4.16,0.52,-3.36,46.87,-0.88
"911868","同方友友-DR",17.49,3728.12,532.00,454.72,-7.05,6.06,60.23,3.86,94.55,22.84,0.53,-13.75,-17.96,-18.04,-31.33,-0.56,-28.55,-74.81,-6.83
"912000","晨訊科-DR",26.67,1018.46,258.03,205.61,-77.38,6.76,53.99,2.90,125.86,3.29,0.26,-9.02,-11.92,-106.36,-33.87,-0.38,"NA",-312.01,-4.30
"9136","巨騰-DR","NA","NA",112.53,76.61,"NA",2.73,133.69,4.10,89.02,"NA","NA","NA",0.69,"NA","NA",0.68,"NA","NA","NA"
"9802","鈺齊-KY",48.62,134.30,114.50,62.00,4671.88,5.51,66.24,3.75,97.33,2.35,0.97,7.57,13.49,74.63,7.62,6.39,7.81,43.68,-0.77
"9902","台火",5.76,1230.85,1504.54,1157.67,1634.16,8.46,43.14,2.08,175.48,3.87,0.30,8.20,8.87,12.15,26.69,1.15,101.62,-6.57,1.57
"9904","寶成",43.44,442.90,183.42,107.63,10.18,8.15,44.78,3.24,112.65,3.61,0.65,4.91,8.12,58.22,6.92,4.90,14.22,51.93,3.13
"9905","大華",27.95,341.05,321.48,229.88,2255.71,6.57,55.55,4.07,89.68,3.38,0.83,5.74,7.87,25.36,6.94,1.97,49.97,120.10,5.46
"9906","欣巴巴",91.57,275481.41,139.16,7.96,209.22,2603.80,0.14,0.10,3650.00,1028.47,0.14,2.82,31.06,29.61,17.44,3.14,-21.58,-84.05,-54.95
"9907","統一實",44.66,153.99,200.04,114.30,14.74,9.69,37.66,7.98,45.73,2.04,1.16,5.37,8.78,15.21,4.29,1.17,8.98,139.08,-0.25
"9908","大台北",27.98,337.00,326.21,315.72,157387.37,8.95,40.78,13.48,27.07,0.66,0.18,5.13,7.14,20.50,29.25,1.75,63.98,119.86,3.27
"9910","豐泰",57.66,166.90,145.65,85.50,4712.75,8.80,41.47,6.27,58.21,3.93,1.55,11.63,26.32,78.58,7.34,5.15,10.46,77.51,-8.05
"9911","櫻花",34.26,291.55,168.96,131.54,890.74,6.20,58.87,6.02,60.63,3.90,0.95,12.83,19.27,56.55,13.34,4.62,34.71,109.99,3.69
"9912","偉聯",44.96,365.71,132.04,47.09,9.40,10.66,34.24,1.85,197.29,5.36,0.87,2.85,4.34,4.77,2.89,0.37,-14.14,8.51,-9.67
"9914","美利達",47.70,785.90,132.38,57.81,131.84,14.82,24.62,3.93,92.87,11.80,0.83,14.81,27.09,207.53,16.29,15.55,6.94,43.49,-5.02
"9917","中保科",49.10,232.71,122.64,105.66,63.48,10.94,33.36,3.74,97.59,1.98,0.60,11.19,21.75,68.38,18.24,5.73,47.32,96.51,4.22
"9918","欣天然",41.26,188.75,267.77,263.43,4749.89,9.57,38.14,32.69,11.16,0.78,0.34,6.50,11.03,22.09,19.08,1.92,54.16,103.03,2.75
"9919","康那香",61.60,156.98,209.43,143.07,6.47,3.46,105.49,2.97,122.89,1.37,0.58,1.76,3.42,8.20,2.45,0.50,26.66,74.27,-1.67
"9921","巨大",61.59,283.81,143.54,64.77,41.20,6.01,60.73,2.46,148.37,6.78,1.17,8.71,22.53,232.72,7.25,15.81,-12.26,36.47,-16.79
"9924","福興",30.72,265.12,271.03,192.42,139.28,5.30,68.86,5.35,68.22,3.62,1.09,7.53,11.05,43.15,6.89,3.54,38.33,76.14,3.87
"9925","新保",34.26,305.53,175.19,166.47,54.20,11.24,32.47,"NA","NA",1.89,0.43,6.05,9.06,31.99,13.72,2.50,37.21,93.51,8.79
"9926","新海",51.48,169.67,166.36,154.26,3552.27,8.82,41.38,"NA","NA",0.64,0.30,6.28,13.04,30.47,20.94,2.50,52.04,119.27,7.61
"9927","泰銘",13.39,1272.12,804.04,385.89,23062.00,7.33,49.79,2.99,122.07,17.62,1.33,11.94,14.08,62.40,8.91,4.00,123.01,87.28,8.07
"9928","中視",88.14,66.69,21.78,14.57,0.03,6.39,57.12,"NA","NA",0.31,0.22,-0.17,-6.47,-1.76,-3.43,-0.46,3.59,97.39,1.78
"9929","秋雨",46.22,541.41,86.79,72.46,1.17,4.52,80.75,8.42,43.34,2.09,0.28,0.70,0.11,0.28,0.20,0.05,5.86,517.53,-3.81
"9930","中聯資源",54.41,135.41,101.30,77.96,16.70,10.04,36.35,13.27,27.50,1.41,0.82,5.79,12.52,36.13,6.72,2.86,67.68,122.50,8.38
"9931","欣高",52.81,133.74,90.99,60.89,107.36,8.28,44.08,2.26,161.50,0.46,0.24,4.86,10.36,26.33,20.34,2.15,21.53,108.36,3.81
"9933","中鼎",76.48,240.86,126.24,118.65,11.93,9.13,39.97,"NA","NA",4.66,0.89,2.36,10.13,39.71,2.33,2.15,29.98,92.76,31.73
"9934","成霖",68.02,383.82,152.05,87.22,1.99,6.63,55.05,3.81,95.80,7.74,1.18,0.94,0.24,4.93,0.07,0.04,-12.38,39.98,-11.80
"9935","慶豐富",66.97,211.89,179.03,120.36,3.15,3.89,93.83,4.64,78.66,2.40,0.81,2.04,3.74,7.29,1.57,0.46,12.77,47.04,1.71
"9937","全國",58.06,133.41,32.32,25.92,25.70,188.32,1.93,66.56,5.48,3.61,1.69,6.68,15.16,32.83,3.79,2.62,41.92,117.09,16.01
"9938","百和",52.89,168.08,164.96,92.86,30.20,6.18,59.06,1.82,200.54,1.47,0.63,9.15,20.44,135.15,14.58,6.91,27.87,63.21,5.07
"9939","宏全",57.70,146.03,165.29,111.82,2057.53,6.24,58.49,6.23,58.58,1.24,0.64,6.64,14.45,93.99,9.49,6.83,46.20,91.20,5.36
"9940","信義",61.83,563.65,250.47,136.37,22.54,10.42,35.02,0.35,1042.85,2.23,0.58,7.69,19.57,43.82,12.61,3.19,82.37,132.24,22.11
"9941","裕融",89.00,144.68,102.28,99.01,3.76,"NA","NA","NA","NA",1.59,0.15,3.40,22.51,145.68,16.77,12.96,"NA",9.89,"NA"
"9942","茂順",33.68,244.38,246.88,162.75,144.81,3.31,110.27,2.76,132.24,2.55,0.83,11.85,17.37,92.83,14.11,6.49,42.07,92.19,2.14
"9943","好樂迪",34.59,500.95,153.05,146.09,6.16,70.60,5.16,38.87,9.39,1.99,0.29,1.26,1.63,4.38,3.70,0.43,36.30,87.23,-7.09
"9944","新麗",42.16,199.73,207.23,153.85,49.49,6.17,59.15,3.60,101.38,1.19,0.46,10.11,17.04,73.01,20.19,4.71,6.57,90.98,1.28
"9945","潤泰新",35.81,3491.36,200.33,76.13,2595.68,14.62,24.96,0.73,500.00,5.66,0.14,9.51,13.42,85.27,64.08,7.98,25.61,83.10,2.71
"9946","三發地產",57.24,10665.11,208.27,37.60,201.82,27.14,13.44,0.14,2607.14,21.89,0.13,2.40,3.40,6.59,12.95,0.68,-58.16,-14.68,-51.58
"9955","佳龍",47.86,104.19,98.50,32.71,-6.03,64.95,5.61,2.40,152.08,0.74,0.51,-3.03,-6.38,-9.53,-6.62,-0.95,10.75,188.49,3.31
"9958","世紀鋼",62.41,208.60,149.48,49.10,16.04,9.88,36.94,1.56,233.97,1.26,0.45,7.28,15.98,82.54,15.98,5.45,-10.45,32.58,-8.21