"公司代號","公司簡稱","財務結構-負債佔資產比率(%)","財務結構-長期資金佔不動產、廠房及設備比率(%)","償債能力-流動比率(%)","償債能力-速動比率(%)","償債能力-利息保障倍數(%)","經營能力-應收款項週轉率(次)","經營能力-平均收現日數","經營能力-存貨週轉率(次)","經營能力-平均售貨日數","經營能力-不動產、廠房及設備週轉率(次)","經營能力-總資產週轉率(次)","獲利能力-資產報酬率(%)","獲利能力-權益報酬率(%)","獲利能力-稅前純益佔實收資本比率(%)","獲利能力-純益率(%)","獲利能力-每股盈餘(元)","現金流量-現金流量比率(%)","現金流量-現金流量允當比率(%)","現金流量-現金再投<br>資比率(%)"
"1240","茂生農經",35.26,327.49,172.06,125.84,46.24,6.82,53.51,12.15,30.04,7.53,1.49,5.55,8.27,38.29,3.64,3.57,6.88,61.74,-1.45
"1259","安心",60.44,831.24,121.77,116.24,6.24,49.66,7.34,60.96,5.98,12.03,1.01,2.12,4.41,33.56,1.76,3.07,46.01,201.57,0.16
"1264","德麥",20.87,366.41,307.34,229.57,28606.60,5.15,70.87,6.02,60.63,5.48,1.19,17.49,22.10,256.34,14.59,16.19,83.53,107.14,9.04
"1268","漢來美食",57.18,218.40,155.31,129.57,4.16,18.53,19.69,13.28,27.48,3.44,0.64,2.13,4.04,20.76,2.57,2.01,28.94,98.31,3.98
"1294","漢田生技",52.64,152.54,200.71,165.35,25.80,8.48,43.04,7.01,52.06,1.40,0.70,9.43,19.10,33.86,12.94,2.89,65.91,75.18,10.50
"1336","台翰",31.65,190.15,227.40,183.21,20.30,5.54,65.88,10.11,36.10,2.26,0.92,3.50,4.84,17.37,3.69,0.99,12.75,93.12,-1.94
"1565","精華",30.56,172.39,218.30,158.16,110.71,5.98,61.03,3.29,110.94,1.42,0.62,11.48,16.34,228.82,17.54,18.80,60.16,75.96,6.82
"1569","濱川",54.15,136.09,117.45,75.51,9.77,2.48,147.17,2.90,125.86,1.68,0.66,4.87,9.87,31.65,6.61,2.62,29.96,63.40,13.66
"1570","力肯",18.41,480.87,506.87,347.65,2286.80,5.61,65.06,2.40,152.08,3.54,0.68,13.38,16.40,33.28,19.46,2.61,17.53,90.09,-0.99
"1580","新麥",34.77,228.74,175.11,104.73,19793.38,8.18,44.62,3.72,98.11,4.10,1.19,14.58,21.84,139.80,12.09,10.16,31.30,101.97,0.92
"1584","精剛",51.36,246.83,214.72,68.79,5.29,4.86,75.10,1.48,246.62,1.30,0.45,2.61,4.94,4.19,4.90,0.44,-97.64,-69.80,-32.63
"1586","和勤",63.24,152.72,157.54,94.34,865.82,3.64,100.27,3.58,101.95,1.38,0.62,2.98,6.75,21.03,4.08,1.29,17.29,62.83,4.22
"1591","駿吉-KY",35.04,151.64,166.34,65.47,14.91,7.73,47.21,2.48,147.17,1.85,0.84,7.83,12.22,21.45,8.69,1.52,54.53,56.24,13.29
"1593","祺驊",31.42,204.73,344.99,255.07,110.51,4.78,76.35,4.49,81.29,2.52,0.79,11.62,16.16,58.44,14.63,4.90,53.84,51.34,-0.47
"1595","川寶",44.03,409.83,190.01,121.44,3385.88,3.08,118.50,1.55,235.48,3.47,0.57,4.46,7.54,52.03,7.58,3.93,19.70,67.30,11.01
"1599","宏佳騰",36.53,176.31,170.37,121.27,0.00,17.77,20.54,6.59,55.38,3.23,1.27,12.29,18.59,57.46,9.70,4.72,69.00,110.64,25.17
"1742","台蠟",42.38,290.08,203.07,187.92,38.69,19.60,18.62,3.09,118.12,1.13,0.25,19.15,33.24,47.48,74.52,5.16,-62.69,-128.75,-21.71
"1777","生泰",32.31,320.42,250.98,214.04,38.98,8.22,44.40,1.65,221.21,1.20,0.33,4.75,6.76,31.68,13.91,3.38,15.00,92.56,0.01
"1781","合世",51.29,363.99,166.29,88.35,-2603.73,8.45,43.19,3.21,113.70,7.16,0.91,-6.71,-15.22,-17.57,-7.68,-1.31,0.00,9.89,0.00
"1784","訊聯",26.25,305.95,335.67,293.73,106.88,3.10,117.74,3.16,115.50,1.82,0.52,1.87,2.51,8.30,3.54,0.56,5.60,27.49,0.37
"1785","光洋科",51.07,297.16,405.20,163.68,7.38,15.87,22.99,3.10,117.74,4.55,1.34,6.43,12.50,26.64,4.17,2.15,13.06,42.83,0.00
"1788","杏昌",48.08,290.57,152.52,103.99,30.70,2.98,122.48,4.07,89.68,4.04,0.85,8.34,16.15,107.60,9.46,8.99,18.35,67.46,0.78
"1796","金穎生技",43.23,212.87,177.46,149.48,10.62,5.83,62.60,2.82,129.43,1.42,0.45,5.50,10.04,17.26,10.99,1.45,26.03,80.16,7.78
"1799","易威",27.83,477.37,1409.86,1282.01,-9.54,7.59,48.08,4.66,78.32,0.70,0.16,-13.02,-20.35,-10.38,-86.43,-0.99,-354.62,-291.48,-9.98
"1813","寶利徠",33.72,233.66,152.41,105.59,-670.39,4.21,86.69,2.01,181.59,1.26,0.36,-1.74,-2.93,-6.49,-5.59,-0.28,19.81,64.75,4.41
"1815","富喬",49.44,141.57,119.17,90.18,6.14,3.94,92.63,3.84,95.05,0.53,0.36,4.83,8.54,15.54,11.44,1.43,32.95,62.88,6.21
"2035","唐榮公司",71.04,470.87,153.02,40.08,19.47,227.97,1.60,4.76,76.68,4.83,0.89,8.78,31.56,45.32,9.43,4.53,10.95,24.89,1.42
"2061","風青",49.99,499.88,173.62,119.45,1081.89,2.76,132.24,5.99,60.93,7.13,0.88,10.72,20.63,22.15,11.35,2.37,-13.58,-1.60,-11.58
"2063","世鎧",60.98,187.65,135.91,72.64,17.09,5.38,67.84,2.02,180.69,2.69,0.79,8.69,19.54,41.41,10.34,3.31,-4.60,47.54,-13.39
"2064","晉椿",64.93,1.24,0.77,0.41,6.05,5.04,72.42,4.95,73.73,2.59,0.87,4.65,11.01,17.22,4.66,1.81,-15.06,-7.93,-13.67
"2065","世豐",41.71,334.75,210.99,121.85,40.89,5.84,62.50,3.46,105.49,4.69,1.03,10.22,18.66,63.06,9.65,5.42,18.84,30.74,2.01
"2066","世德",55.21,530.33,227.13,98.91,10.01,7.05,51.77,1.49,244.96,5.65,0.78,5.29,11.16,46.87,6.12,4.00,-19.74,31.50,-9.00
"2067","嘉鋼",72.36,110.38,87.22,51.01,-0.07,4.53,80.57,5.58,65.41,1.06,0.59,-0.17,-2.82,-3.39,-1.45,-0.24,6.96,35.77,2.77
"2070","精湛",42.01,305.24,219.47,151.94,22.91,4.00,91.25,0.80,456.25,1.59,0.40,6.60,11.59,32.89,15.96,2.66,53.00,98.20,12.58
"2073","雄順",51.27,124.61,94.13,87.82,33.37,4.87,74.94,48.60,7.51,1.32,0.82,11.89,22.70,45.38,14.14,3.67,67.48,126.64,14.78
"2221","大甲",44.79,233.49,223.78,130.33,57.92,5.45,66.97,2.62,139.31,3.52,0.96,11.68,20.08,58.36,10.69,4.27,38.52,127.60,11.84
"2230","泰茂",54.31,290.04,137.30,89.38,-0.21,3.80,96.05,2.21,165.15,3.06,0.55,-0.31,-1.64,-1.79,-1.40,-0.08,0.43,161.13,-0.78
"2235","謚源",41.68,202.96,130.13,109.08,18.27,2.51,145.41,3.41,107.03,1.05,0.37,2.84,4.07,17.83,7.25,1.42,24.70,98.87,5.89
"2596","綠意",28.49,5203.96,329.58,122.37,40.72,47.42,7.69,0.42,869.04,30.44,0.41,8.47,12.23,35.16,20.42,3.05,110.19,67.33,38.84
"2640","大車隊",42.02,188.22,124.52,115.62,121.74,8.24,44.29,6.29,58.02,1.92,0.74,8.51,14.26,52.77,11.33,4.11,54.75,137.08,11.53
"2641","正德",49.68,126.54,113.79,106.92,9.72,306.15,1.19,91.46,3.99,0.31,0.21,7.92,16.90,19.79,30.61,2.23,107.06,66.44,7.91
"2643","捷迅",40.50,1126.33,255.57,243.33,67.84,6.05,60.33,"*****","*****",45.73,2.93,17.11,28.21,120.76,5.75,9.72,21.48,1.83,1.42
"2718","全心投控",55.07,379.30,166.65,31.11,-1224.42,27.13,13.45,0.03,12166.66,0.18,0.03,-1.61,-6.12,-5.23,-58.67,-0.55,-23.76,-80.46,-20.86
"2719","燦星旅",78.16,160.97,196.71,169.54,-1922.42,29.13,12.53,181.48,2.01,0.26,0.14,-18.40,-71.55,-12.51,-128.62,-1.29,-105.92,-339.93,-20.20
"2724","藝舍-KY",67.99,3041.43,239.43,234.79,-171.05,2.87,127.17,816.53,0.44,2.31,0.07,-3.97,-31.57,-7.26,-66.10,-1.09,9.10,1154.19,2.89
"2726","雅茗-KY",62.22,396.25,127.17,100.81,-5.07,51.32,7.11,8.07,45.22,10.35,0.92,-5.34,-16.02,-26.54,-6.63,-2.65,26.92,159.56,20.00
"2729","瓦城",62.66,192.30,96.33,87.14,7.43,14.81,24.64,15.64,23.33,2.48,0.76,3.35,7.75,82.07,3.80,7.04,37.71,131.65,8.15
"2732","六角",49.86,558.21,128.87,104.12,9.24,12.07,30.24,9.19,39.71,8.19,0.96,3.23,5.90,39.04,2.93,3.08,13.86,95.26,-3.79
"2734","易飛網",53.99,283.79,370.71,308.50,-25.00,17.61,20.72,5.03,72.56,1.23,0.39,-14.63,-34.15,-20.22,-38.89,-2.37,-59.68,0.00,-11.41
"2736","富野",49.62,157.99,146.35,140.27,0.03,33.83,10.78,64.90,5.62,0.38,0.20,-0.82,-2.81,-3.55,-6.89,-0.69,33.54,129.83,4.45
"2740","天蔥",77.03,193.99,68.37,48.43,-26.72,17.40,20.97,21.64,16.86,3.14,0.92,-28.52,-89.44,-26.49,-31.83,-2.65,-59.61,22.65,-18.61
"2743","山富",33.28,1096.98,267.26,248.79,-64.67,1.85,197.29,360.34,1.01,1.12,0.08,-2.01,-2.99,-5.15,-26.40,-0.48,-14.05,2.62,-4.41
"2745","五福",20.83,364.37,329.94,277.21,-320.90,10.00,36.50,"NA","NA",1.15,0.22,-25.32,-32.43,-43.93,-117.56,-4.41,0.00,247.72,0.00
"2752","豆府",45.37,299.96,219.74,211.98,36.64,10.37,35.19,34.50,10.57,5.35,1.17,3.47,18.14,79.97,8.44,6.68,87.82,117.77,13.53
"2754","亞洲藏壽司",68.25,253.57,75.00,69.47,1.82,27.64,13.20,90.45,4.03,2.26,0.71,1.26,1.76,5.05,0.88,0.49,47.75,104.63,8.44
"2755","揚秦",52.51,151.36,143.51,130.26,28.83,47.26,7.72,25.74,14.18,2.74,1.31,6.36,12.97,46.15,4.67,3.65,53.36,121.21,17.52
"2756","聯發國際",63.88,164.15,166.27,149.65,43.66,29.52,12.36,11.17,32.67,2.37,1.05,15.51,49.90,103.76,14.38,7.58,85.44,111.38,27.42
"2916","滿心",23.69,590.42,361.39,150.71,200.76,4.41,82.76,1.21,301.65,7.74,1.09,11.09,14.26,30.39,10.16,2.52,35.16,92.25,0.85
"2924","宏太-KY",36.28,186.26,170.48,113.73,"NA",7.21,50.62,1.48,246.62,2.31,0.69,-15.29,-27.14,-7.28,-20.70,-1.72,-37.07,-90.84,-17.44
"2926","誠品生活",93.76,97.23,70.96,50.27,"NA",6.02,60.63,3.62,100.82,0.48,0.33,-0.59,-23.79,-57.21,-5.03,-4.82,31.10,182.14,6.82
"2937","集雅社",70.73,372.76,119.05,75.81,37.62,5.81,62.82,3.63,100.55,17.93,1.44,5.44,16.73,40.71,3.67,3.20,2.17,16.23,-0.17
"2941","米斯特",37.06,960.68,236.95,171.76,62.56,6.73,54.23,2.27,160.79,16.88,1.45,14.71,25.33,17.73,10.05,2.80,37.53,"NA",23.67
"2947","振宇五金",68.66,413.85,136.78,74.66,8.61,348.18,1.04,2.71,134.68,4.37,0.80,5.80,17.62,71.86,6.38,6.26,39.49,"NA",23.05
"2948","寶陞",56.45,2456.38,171.49,44.72,18.13,17.67,20.65,2.27,160.79,89.25,1.98,16.24,36.40,89.29,7.72,7.28,-5.19,-4.49,-13.42
"2949","欣新網",72.86,9248.70,141.20,97.13,14.56,12.65,28.85,6.03,60.53,714.07,3.17,3.17,34.64,56.31,2.98,4.73,-3.21,22.02,-7.29
"3064","泰偉",82.83,128.30,104.27,94.73,-1.04,6.77,53.91,0.34,1073.52,0.97,0.43,-2.92,-26.86,-10.57,-11.33,-0.75,0.43,-489.36,0.27
"3066","李洲",40.07,392.24,119.34,102.31,23.06,4.00,91.25,2.41,151.45,1.52,0.27,10.97,20.67,21.69,39.74,2.08,23.80,1090.97,6.83
"3067","全域",20.39,646.80,865.77,828.13,410.00,6.57,55.55,5.45,66.97,1.56,0.24,38.14,45.87,49.64,161.09,4.71,12.74,-73.46,1.21
"3071","協禧",52.41,343.20,158.13,121.51,40.93,3.83,95.30,5.57,65.52,5.12,0.81,6.49,12.90,21.70,7.83,1.86,3.44,98.91,-5.79
"3073","天方能源",67.41,610.40,142.40,139.77,-4.48,10.28,35.50,13.77,26.50,0.22,0.03,-5.31,-22.98,-23.51,-215.34,-3.16,-4.30,0.98,-3.63
"3078","僑威",42.25,425.84,209.17,161.86,188.45,3.53,103.39,5.24,69.65,7.39,1.04,10.18,17.98,57.05,9.69,4.30,2.25,66.98,-9.31
"3081","聯亞",14.23,216.22,608.80,531.03,100.54,4.03,90.57,4.44,82.20,0.83,0.37,6.70,7.83,45.75,18.02,3.71,261.31,88.59,8.23
"3083","網龍",9.46,27821.87,786.71,774.20,"NA","NA","NA","NA","NA",76.18,0.25,-2.87,-3.15,-3.65,-11.27,-0.46,22.28,49.45,1.82
"3085","新零售",50.25,98.35,52.53,46.30,-1576.05,17.83,20.47,6.82,53.51,0.84,0.48,8.14,22.73,3.67,18.82,0.37,0.00,0.00,0.00
"3086","華義",18.78,529.69,398.37,377.46,338.98,7.05,51.77,56.71,6.43,4.22,0.71,26.63,34.50,47.98,37.42,4.80,164.47,232.53,23.85
"3088","艾訊",42.31,207.86,175.75,93.39,6848.85,6.82,53.51,2.89,126.29,3.60,1.08,8.46,13.69,51.58,7.71,4.57,21.63,45.30,4.80
"3093","港建*",41.06,388.72,207.57,183.90,73358.71,7.79,46.85,13.88,26.29,8.13,1.31,17.49,27.25,91.96,13.34,7.41,62.98,178.81,20.87
"3095","及成",93.57,122.20,131.17,88.86,-127.94,5.37,67.97,5.89,61.96,0.90,0.55,-2.49,-42.56,-2.66,-6.76,-0.28,22.27,125.41,5.09
"3105","穩懋",50.43,243.59,366.67,265.21,18.69,11.01,33.15,2.70,135.18,1.02,0.40,8.42,15.81,150.95,19.90,12.90,108.31,85.77,4.23
"3114","好德",58.84,1072.91,149.31,113.40,1977.57,3.25,112.30,9.69,37.66,32.85,1.41,5.71,12.32,29.23,3.84,2.42,-17.62,-6.27,-30.67
"3115","富榮綱",11.96,3891.45,811.78,784.77,-3941.97,7.08,51.55,101.45,3.59,37.95,1.45,-4.84,-5.62,-3.28,-3.40,-0.33,115.23,240.19,7.22
"3118","進階",30.82,521.31,281.67,254.72,225.49,5.46,66.84,7.43,49.12,6.48,0.86,8.79,12.69,26.16,10.07,2.10,69.26,160.90,13.46
"3122","笙泉",39.96,483.22,439.77,375.01,151.31,9.17,39.80,5.42,67.34,5.02,1.10,18.24,27.04,36.61,16.46,3.38,101.36,203.94,21.84
"3128","昇銳",46.42,196.32,138.04,72.07,15.92,4.93,74.03,2.68,136.19,2.65,0.88,3.57,6.06,10.75,3.82,0.80,-7.20,52.95,-7.67
"3131","弘塑",48.61,326.34,163.64,100.38,144.00,7.88,46.31,1.45,251.72,3.49,0.59,11.63,22.20,285.63,18.30,23.47,24.25,83.58,7.95
"3141","晶宏",46.90,692.87,263.86,213.28,208.00,7.54,48.40,2.65,137.73,6.60,0.86,25.41,47.10,105.70,29.52,9.80,64.06,132.93,19.70
"3147","大綜",50.58,321.26,157.24,120.47,19.94,6.20,58.87,13.13,27.79,14.03,2.23,8.90,20.10,57.44,3.78,4.94,38.01,93.94,23.25
"3152","璟德",15.39,131.11,230.88,180.62,"NA",6.09,59.93,4.92,74.18,1.07,0.65,23.28,27.86,186.18,36.08,14.88,146.86,70.93,4.08
"3162","精確",43.09,575.58,203.00,187.85,5.51,4.20,86.90,6.64,54.96,4.19,0.59,4.42,7.23,9.38,6.11,0.82,5.83,39.28,3.93
"3163","波若威",37.03,459.91,329.96,283.89,14.09,4.15,87.95,5.24,69.65,4.47,0.78,2.97,4.43,13.77,3.56,1.09,0.00,129.42,-6.24
"3169","亞信",17.70,3559.12,544.92,497.67,805.74,12.07,30.24,5.16,70.73,28.20,0.66,25.00,30.04,75.04,29.14,6.34,141.26,193.26,18.37
"3171","炎洲流通",51.89,157.22,144.65,134.81,21.92,3.62,100.82,21.33,17.11,2.60,1.02,5.87,11.18,18.48,5.49,1.64,16.97,201.56,1.41
"3176","基亞",21.63,357.47,461.85,381.80,60.60,13.08,27.90,2.43,150.20,1.98,0.55,15.13,19.60,81.55,27.30,-0.38,48.65,-124.52,7.37
"3178","公準",57.42,133.15,128.48,87.79,9.28,4.91,74.33,4.30,84.88,1.04,0.58,4.36,9.14,23.27,6.73,2.00,39.82,66.06,5.95
"3188","鑫龍騰",65.55,56883.52,152.05,34.10,44.75,28718.81,0.01,0.28,1303.57,491.24,0.30,4.55,13.18,21.93,14.36,1.78,13.01,-78.88,22.34
"3191","雲嘉南",57.53,341.56,168.22,124.37,-10.22,4.09,89.24,6.72,54.31,5.91,0.78,-8.66,-23.73,-5.00,-11.87,-0.59,32.69,-225.94,-24.53
"3202","樺晟",55.66,454.22,186.76,132.41,9.99,2.73,133.69,4.48,81.47,8.23,1.03,3.58,7.72,12.92,3.18,0.31,0.80,-17.15,0.49
"3205","佰研",21.31,485.07,355.85,329.43,-224.41,10.15,35.96,12.67,28.80,5.05,0.83,-12.31,-15.62,-26.69,-14.88,-2.66,-23.17,-118.09,-5.77
"3206","志豐",59.17,358.51,151.24,123.78,40.67,3.30,110.60,8.90,41.01,11.53,1.49,5.02,11.96,30.77,3.08,2.39,4.41,93.63,-2.79
"3207","耀勝",53.36,572.18,140.29,93.17,7.22,4.82,75.72,6.22,58.68,7.31,1.18,4.09,8.45,6.10,3.12,0.74,-9.93,-40.98,-8.87
"3211","順達",54.27,930.49,190.75,154.28,11164.39,4.31,84.68,7.16,50.97,13.73,1.04,16.70,38.88,251.90,15.93,22.42,0.00,37.17,0.00
"3213","茂訊",27.65,883.51,312.56,159.60,1676.31,21.74,16.78,2.49,146.58,11.59,0.95,24.51,34.25,137.88,22.95,10.87,61.08,69.80,5.98
"3217","優群",20.78,490.70,294.17,238.86,4050.40,3.19,114.42,3.75,97.33,4.19,0.65,13.72,17.32,89.43,21.18,7.11,62.96,98.32,1.85
"3218","大學光",37.90,301.74,243.16,217.13,58.98,5.76,63.36,10.71,34.08,2.65,0.76,17.96,27.96,100.25,23.20,7.82,124.62,147.82,14.49
"3219","倚強科",35.51,942.95,207.38,169.92,88165.40,7.74,47.15,5.56,65.64,13.05,1.29,28.09,37.98,65.91,21.68,6.33,2.31,"NA",1.36
"3221","台嘉碩",35.34,294.51,206.03,148.27,88.37,5.17,70.59,3.05,119.67,3.60,0.92,16.14,24.29,63.26,17.38,5.28,6.39,76.80,0.93
"3224","三顧",16.43,1525.63,615.01,576.08,-3.35,5.34,68.35,14.38,25.38,9.71,0.80,-1.80,-2.76,-6.43,-2.65,-0.40,-46.02,-63.51,-4.73
"3226","龍鋒",40.16,350.62,167.90,143.66,46788.32,4.72,77.33,11.60,31.46,9.04,1.33,10.55,17.62,50.87,7.90,3.58,33.30,96.67,3.67
"3227","原相",24.58,1515.94,280.19,240.89,272.50,7.12,51.26,3.67,99.45,12.68,0.69,12.46,16.47,134.86,17.91,11.32,98.47,147.23,14.28
"3228","金麗科",14.63,326.94,354.46,234.45,287.24,14.02,26.03,0.81,450.61,3.78,0.83,26.63,33.83,30.61,32.01,2.92,169.67,224.43,30.18
"3230","錦明",54.35,169.48,163.79,140.91,0.30,2.78,131.29,10.57,34.53,2.36,0.71,-1.23,-3.87,-1.47,-2.29,-0.51,6.02,-0.92,1.55
"3232","昱捷",55.81,267.01,183.24,125.89,13.78,3.36,108.63,4.18,87.32,4.13,1.05,3.48,6.45,10.94,3.06,0.84,0.00,39.01,0.00
"3234","光環",55.51,135.49,102.91,49.96,-814.00,6.21,58.77,1.84,198.36,1.56,0.68,-6.47,-16.40,-17.48,-10.70,-1.74,27.47,130.86,5.76
"3236","千如",54.83,152.48,138.82,96.43,19.21,6.91,52.82,5.49,66.48,2.13,0.88,3.58,7.16,14.70,3.82,1.01,12.62,53.72,2.84
"3252","海灣",50.73,108.01,147.45,61.50,1.82,12.32,29.62,0.65,561.53,0.25,0.11,1.69,1.68,6.69,7.53,0.71,13.20,254.99,1.46
"3259","鑫創",14.86,782.23,572.01,249.39,2.03,9.65,37.82,1.76,207.38,7.70,1.05,0.33,0.23,0.18,0.17,0.02,-126.23,-66.79,-18.16
"3260","威剛",61.39,350.26,145.07,76.61,20.54,8.86,41.19,4.09,89.24,8.01,1.30,8.18,22.60,124.14,5.96,9.14,0.00,28.99,-3.99
"3264","欣銓",46.78,130.90,163.89,150.38,33.54,5.10,71.56,"NA","NA",0.78,0.49,10.91,19.48,64.96,21.64,5.46,134.44,89.69,9.77
"3265","台星科",23.07,211.39,494.23,472.95,100.23,4.44,82.20,26.00,14.03,1.39,0.51,6.61,8.20,34.58,12.76,2.89,140.96,160.89,4.62
"3268","海德威",44.75,1693.01,218.62,201.68,30.33,3.40,107.35,32.09,11.37,52.85,1.82,4.00,7.05,9.66,2.14,0.95,"NA",1251.32,"NA"
"3272","東碩",65.93,178.81,133.23,70.58,414.72,3.01,121.26,3.31,110.27,3.98,0.95,0.86,1.67,7.95,0.68,0.58,0.00,16.90,0.00
"3276","宇環",53.60,167.85,78.67,58.47,19.94,4.57,79.86,9.93,36.75,2.65,0.83,4.86,11.40,13.86,5.62,1.18,-0.81,-4.79,-0.39
"3284","太普高",41.28,621.78,383.39,327.85,-8.45,2.32,157.32,6.50,56.15,2.90,0.46,-3.80,-7.43,-9.43,-9.16,-0.86,34.70,10.73,4.52
"3285","微端",38.34,682.85,242.33,186.11,540.42,6.20,58.87,4.36,83.71,10.99,0.98,0.94,1.18,2.34,0.73,-0.02,0.00,101.68,-2.04
"3287","廣寰科",27.37,542.44,356.90,211.35,276.28,3.61,101.10,2.11,172.98,6.14,0.87,8.55,12.56,20.53,9.81,1.14,-62.52,-31.36,-18.71
"3288","點晶",62.38,5143.89,184.55,50.98,-6878.53,9.28,39.33,0.62,588.70,64.91,0.47,-12.74,-31.80,-14.87,-30.29,-1.48,15.23,1240.93,15.17
"3289","宜特",53.96,142.66,123.46,117.60,6.75,2.74,133.21,0.00,"*****",0.84,0.44,2.09,3.39,26.60,3.83,2.02,45.21,51.96,5.00
"3293","鈊象",26.66,818.34,324.42,317.27,44555.77,7.62,47.90,3.90,93.58,10.16,0.92,44.48,60.57,809.51,41.95,67.21,162.68,181.28,22.43
"3294","英濟",58.90,299.10,163.47,135.37,4.46,2.91,125.42,7.49,48.73,4.87,0.90,0.70,0.99,5.83,0.45,0.18,9.28,77.31,3.26
"3297","杭特",34.03,182.73,146.07,123.56,-7.68,6.07,60.13,1.56,233.97,0.77,0.28,-1.59,-2.61,-3.92,-6.20,-0.42,-0.41,-37.41,-0.20
"3303","岱稜",48.70,182.27,188.64,122.12,20.44,5.16,70.73,3.69,98.91,2.07,0.85,4.76,8.52,20.55,5.31,1.61,29.50,71.94,5.27
"3306","鼎天",21.55,9306.73,227.54,160.22,698.33,17.07,21.38,5.28,69.12,83.09,0.69,2.70,3.32,11.99,3.91,1.05,-15.91,80.25,-5.66
"3310","佳穎",77.27,954.23,137.57,35.51,4.22,2.85,128.07,0.32,1140.62,5.63,0.23,1.73,5.38,15.82,5.25,1.33,-30.07,22.15,-40.23
"3313","斐成",1.28,1368.99,6446.88,5356.53,3339.50,68.88,5.29,0.89,410.11,0.72,0.07,3.94,3.97,3.94,58.85,0.42,-2503.12,-53.51,-29.83
"3317","尼克森",26.23,801.58,321.60,272.72,6398.06,3.04,120.06,4.94,73.88,9.78,1.02,12.64,16.34,73.11,12.38,5.78,74.19,450.35,25.77
"3322","建舜電",52.56,208.12,152.61,100.22,19.82,4.65,78.49,7.20,50.69,5.44,1.51,8.16,17.39,22.36,5.17,1.85,16.83,38.94,10.04
"3323","加百裕",67.28,542.88,156.43,116.11,28.22,3.31,110.27,7.80,46.79,25.64,1.90,3.60,10.21,45.46,1.82,3.16,-20.37,-12.95,-27.77
"3324","雙鴻",58.73,254.94,158.36,112.68,138.70,3.04,120.06,6.01,60.73,6.63,1.29,10.65,24.20,160.81,8.09,13.12,25.46,67.67,12.65
"3325","旭品",45.52,309.59,185.83,143.94,-2149.96,2.01,181.59,4.68,77.99,5.33,0.79,-2.95,-5.55,-9.49,-3.93,-0.70,3.52,46.24,-7.94
"3332","幸康",28.37,571.96,304.33,209.65,4212366.67,6.43,56.76,2.00,182.50,5.06,0.66,5.83,7.71,26.27,8.77,2.20,9.42,86.87,0.06
"3339","泰谷",47.74,352.13,301.65,236.20,13.60,2.63,138.78,3.63,100.55,2.08,0.75,7.52,15.94,16.00,9.38,1.77,8.87,132.57,0.50
"3349","寶德",48.41,1159.86,220.72,146.42,"NA",7.10,51.40,7.53,48.47,27.69,1.42,6.95,15.09,20.81,4.89,1.77,34.54,22.25,21.25
"3354","律勝",28.36,255.74,249.82,165.62,-12.57,2.43,150.20,3.80,96.05,0.45,0.13,-3.22,-4.82,-8.41,-25.82,-0.74,76.01,160.32,13.81
"3357","臺慶科",35.22,156.24,183.66,149.29,198.13,2.91,125.42,5.61,65.06,1.75,0.78,15.24,24.46,134.90,19.42,12.08,46.42,65.65,7.99
"3360","尚立",75.42,1112.06,131.25,111.33,8.72,6.76,53.99,20.27,18.00,94.86,2.75,3.29,9.81,16.61,1.06,1.45,-13.81,115.40,-44.04
"3362","先進光",66.98,190.09,120.90,89.74,1.13,2.63,138.78,3.65,100.00,2.25,0.68,0.17,-0.57,0.24,-0.27,0.03,-22.88,-1.23,-9.09
"3363","上詮",24.77,412.84,322.09,242.94,66.55,4.62,79.00,4.35,83.90,4.05,0.88,9.07,11.84,30.88,10.14,2.31,36.84,89.62,4.33
"3372","典範",17.43,207.13,376.09,244.11,399.10,4.69,77.82,5.35,68.22,1.82,0.74,17.20,20.98,23.50,21.16,2.39,109.34,22.36,5.28
"3373","熱映",14.00,775.00,597.00,241.00,0.00,6.60,55.30,1.21,301.65,7.23,0.62,7.10,9.30,32.50,11.40,2.60,0.00,65.00,0.00
"3374","精材",23.94,173.99,277.17,225.63,307.10,5.84,62.50,20.84,17.51,1.93,0.96,23.64,33.42,81.03,24.48,6.92,219.81,172.15,12.92
"3379","彬台",50.40,268.20,115.01,56.25,10.26,13.34,27.36,1.77,206.21,2.93,0.71,1.13,2.17,3.72,1.43,0.27,17.53,11.87,13.63
"3388","崇越電",30.00,922.00,308.00,255.00,202.00,4.33,84.29,9.81,37.20,19.19,1.56,10.24,14.30,108.17,6.52,8.04,21.34,99.23,1.29
"3390","旭軟",44.81,540.54,190.54,167.66,7.54,2.55,143.13,3.44,106.10,4.36,0.47,1.97,3.12,6.06,3.63,0.48,-2.19,33.58,-1.99
"3402","漢科",58.24,390.07,158.45,74.72,505.71,6.00,60.83,1.96,186.22,7.64,0.89,8.17,18.32,51.27,8.19,3.88,5.51,69.43,-3.75
"3426","台興",36.29,1236.05,349.71,326.35,144.34,4.10,89.02,9.30,39.24,13.89,0.69,6.43,9.95,33.61,9.19,2.48,15.50,140.20,-1.95
"3430","奇鈦科",44.94,215.44,207.47,95.29,44.72,8.12,44.95,2.91,125.42,3.64,1.25,11.20,21.43,58.41,8.74,4.40,81.68,227.63,22.17
"3434","哲固",51.91,414.38,173.07,92.95,13.46,4.93,74.03,3.68,99.18,12.79,1.48,3.84,7.48,10.38,2.33,0.82,0.25,-19.32,0.21
"3438","類比科",22.17,283.67,284.63,211.33,46184.93,5.20,70.19,4.00,91.25,2.82,0.86,13.31,17.05,62.92,15.38,5.14,37.55,157.18,4.60
"3441","聯一光電",34.61,1393.35,297.33,213.43,14.50,4.20,86.90,1.38,264.49,9.51,0.45,2.96,4.03,8.47,5.92,0.63,5.54,40.95,-0.32
"3444","利機",38.58,366.62,180.81,165.93,60.77,2.19,166.66,14.81,24.64,5.35,0.93,10.45,17.41,42.40,11.03,3.44,50.13,120.34,18.89
"3455","由田",40.79,504.55,209.77,150.98,179.19,1.69,215.97,1.64,222.56,5.39,0.69,11.28,19.42,93.16,16.25,7.50,29.70,31.82,7.36
"3465","進泰電子",55.28,191627.54,275.11,273.16,4515.47,6.80,53.67,0.00,"*****",3798.79,2.42,46.52,89.97,186.43,19.11,16.36,15.67,-21.38,4.90
"3466","德晉",32.92,290.63,227.19,187.89,-61.90,2.99,122.07,3.35,108.95,2.85,0.65,-4.94,-7.50,-12.94,-7.65,-1.31,40.14,110.15,16.93
"3479","安勤",42.72,346.35,186.19,92.64,43.88,6.30,57.93,3.18,114.77,6.02,1.20,6.11,9.42,41.61,4.94,2.94,-22.72,57.97,-18.64
"3483","力致",59.25,252.08,146.54,116.58,2605.54,2.62,139.31,6.18,59.06,5.38,1.09,5.81,13.53,61.31,5.12,5.34,11.49,41.00,-1.55
"3484","崧騰",58.96,315.53,160.96,88.83,41.00,6.22,58.68,3.23,113.00,7.82,1.36,11.40,26.05,92.52,8.20,8.16,13.00,77.05,4.05
"3489","森寶",62.02,624919.09,285.81,55.43,2.21,15.57,23.44,0.63,579.36,4713.70,0.53,1.34,3.65,8.05,2.49,0.57,25.33,-37.04,12.43
"3490","單井",22.78,174.53,350.18,247.68,4928.44,3.32,109.93,2.36,154.66,0.60,0.32,7.62,10.00,22.72,23.73,2.19,107.11,90.93,6.66
"3491","昇達科",32.59,270.01,202.20,173.24,15282.58,3.24,112.65,3.68,99.18,1.91,0.52,8.46,12.05,55.25,16.07,3.81,16.81,72.67,-1.01
"3492","長盛",37.29,524.00,212.97,169.86,40.39,3.53,103.39,4.65,78.49,7.08,0.87,2.12,3.34,5.89,2.38,0.50,22.65,144.08,7.77
"3498","陽程",41.82,404.26,209.92,130.69,31.00,3.52,103.69,1.28,285.15,2.25,0.39,0.44,0.69,6.02,1.08,0.27,-11.14,55.46,-6.14
"3499","環天科",50.93,240.66,141.15,113.50,-2.45,6.93,52.66,2.26,161.50,1.82,0.38,-0.54,-1.76,-2.93,-2.31,-0.18,27.21,129.36,19.41
"3508","位速",52.50,560.62,54.38,32.58,-8419.00,5.39,67.71,11.51,31.71,0.96,0.08,-3.95,-8.04,-8.61,-48.99,-0.92,-0.08,78.18,-0.07
"3511","矽瑪",37.62,303.15,202.91,133.18,47.18,5.63,64.83,5.09,71.70,5.21,1.11,4.68,6.73,21.83,4.11,1.39,2.64,115.99,-0.36
"3512","皇龍",67.27,1088.46,158.37,28.28,55.54,8.45,43.19,0.49,744.89,11.50,0.47,6.81,19.89,43.02,14.37,3.79,-19.47,-45.57,-25.07
"3516","亞帝歐",32.52,221.00,193.19,162.94,15.92,2.84,128.52,3.28,111.28,1.77,0.58,2.53,3.39,9.71,4.07,0.86,10.06,70.00,2.29
"3520","華盈",47.23,316.19,194.09,161.69,686.56,2.29,159.38,6.64,54.96,5.49,0.93,1.52,2.49,3.31,1.37,0.13,10.49,-42.37,5.77
"3521","鴻翊",67.98,341.91,111.78,19.62,-524.06,11.40,32.01,0.51,715.68,2.12,0.31,-6.11,-18.44,-13.88,-22.20,-1.68,0.00,51.16,0.00
"3522","御嵿",82.18,435.82,54.40,51.60,-15.02,33.47,10.90,15.71,23.23,1.45,0.24,-17.69,-77.73,-65.14,-77.08,-6.64,-3.20,173.74,-1.42
"3523","迎輝",67.36,120.44,185.35,157.00,-6.66,3.35,108.95,5.44,67.09,0.33,0.22,-8.17,-25.20,-19.48,-40.73,-1.95,-12.52,-241.20,-0.80
"3526","凡甲",38.80,273.46,148.79,133.33,96.89,2.77,131.76,7.28,50.13,2.82,0.64,17.11,27.05,108.47,24.55,11.19,37.85,96.25,2.32
"3527","聚積",23.80,803.30,362.20,269.97,752.66,4.29,85.08,2.66,137.21,10.09,1.00,17.78,22.44,140.20,17.77,12.69,84.76,133.08,24.87
"3529","力旺",20.85,553.44,409.80,404.11,11772.54,20.25,18.02,"NA","NA",5.10,0.83,38.61,49.25,168.55,46.27,14.78,210.61,134.79,24.91
"3531","先益",37.08,550.75,250.97,198.40,2446.00,3.48,104.88,4.87,74.94,5.59,0.73,2.95,4.40,14.46,3.74,1.38,0.46,70.40,-2.06
"3537","堡達",47.91,502.79,195.67,152.07,80.39,2.79,130.82,9.57,38.14,14.72,1.53,11.38,20.50,49.61,6.73,3.97,14.77,76.38,0.24
"3540","曜越",59.41,1996.86,160.76,86.23,21.61,4.05,90.12,1.83,199.45,42.96,0.98,5.05,12.20,36.68,4.93,3.05,-21.01,33.68,-39.38
"3541","西柏",33.42,305.57,221.71,137.37,131.40,6.50,56.15,2.51,145.41,4.03,0.91,10.53,15.86,40.02,11.46,3.38,27.11,92.92,3.80
"3546","宇峻",24.19,1521.48,377.31,365.04,1505.06,6.89,52.97,"*****","*****",17.95,0.94,16.00,21.00,71.80,17.06,6.01,77.16,143.51,9.89
"3548","兆利",54.36,198.57,142.96,121.30,25.41,2.70,135.18,8.84,41.28,3.21,0.88,3.03,6.01,48.07,3.33,4.12,9.08,79.27,4.16
"3552","同致",62.36,340.25,147.51,97.36,9.88,1.96,186.22,2.51,145.41,5.54,0.85,5.27,12.67,61.40,5.55,5.43,4.90,96.26,2.20
"3555","博士旺",35.60,81534.62,279.89,276.60,2604.52,9.31,39.20,2.99,122.07,39.34,0.05,6.11,8.44,10.76,128.24,0.93,0.00,19.80,0.00
"3556","禾瑞亞",25.20,29151.65,398.89,299.49,1599.76,7.37,49.52,1.71,213.45,253.69,0.95,22.10,29.26,71.77,23.08,6.08,81.57,94.23,11.97
"3558","神準",56.30,162.96,132.01,79.88,213.74,7.26,50.27,4.52,80.75,5.05,1.27,6.24,14.67,123.67,4.89,9.16,0.89,51.35,0.00
"3564","其陽",54.85,184.68,169.38,81.93,12.68,3.60,101.38,2.31,158.00,2.30,0.94,2.31,3.86,11.76,2.21,0.75,-24.35,-40.94,-15.95
"3567","逸昌",25.51,120.93,149.30,149.30,467.60,4.01,91.02,"NA","NA",0.94,61.23,13.91,18.34,37.87,23.92,3.08,150.81,95.73,6.16
"3570","大塚",25.00,2758.71,384.87,331.28,297.77,5.03,72.56,9.03,40.42,49.08,1.35,15.06,19.85,104.84,11.16,8.50,43.66,164.83,1.67
"3577","泓格",24.98,186.13,248.59,87.35,139.59,10.43,34.99,0.87,419.54,1.57,0.74,12.28,16.17,40.56,16.38,3.23,53.23,51.17,8.52
"3580","友威科",46.44,1193.63,321.94,269.76,28.30,2.58,141.47,3.44,106.10,8.48,0.59,9.24,15.80,35.83,15.01,3.02,54.61,134.81,11.26
"3581","博磊",50.57,676.93,179.78,116.38,23.77,3.15,115.87,1.88,194.14,8.93,0.74,7.48,13.91,30.52,9.75,2.11,9.03,-13.82,3.33
"3587","閎康",38.35,207.77,277.29,254.63,42.25,3.93,92.87,"NA","NA",1.70,0.69,12.32,18.87,112.70,17.43,9.48,154.59,92.59,14.81
"3594","磐儀",51.47,399.53,200.44,125.67,249.26,2.64,138.25,1.69,215.97,4.31,0.48,1.13,1.42,3.41,1.42,0.30,-22.62,-37.24,-9.90
"3597","映興",44.96,366.55,224.83,168.86,22.00,3.59,101.67,6.08,60.03,4.74,1.01,7.69,14.20,27.69,7.20,2.10,12.65,73.06,0.04
"3609","三一東林",53.15,211.24,129.17,93.86,9.00,9.31,39.20,4.43,82.39,3.95,1.02,0.12,0.03,2.70,0.02,0.01,-11.89,18.47,-15.94
"3611","鼎翰",46.70,539.12,167.97,113.75,43.36,5.68,64.26,4.54,80.39,6.89,0.93,10.90,20.54,254.94,11.45,18.47,43.25,152.24,12.50
"3615","安可",26.91,307.17,340.81,302.87,1468.00,3.49,104.58,5.54,65.88,1.31,0.40,4.71,6.07,23.83,11.03,1.43,16.05,147.87,1.57
"3623","富晶通",34.51,1135.60,324.40,283.57,-12.83,6.93,52.66,6.46,56.50,10.95,0.63,-5.39,-8.36,-12.34,-9.05,-1.24,19.08,58.48,3.07
"3624","光頡",24.68,274.10,305.45,192.31,251.06,4.98,73.29,2.40,152.08,2.74,0.86,13.38,17.06,50.52,15.43,4.04,73.77,82.38,13.71
"3625","西勝",70.15,114.79,94.09,23.37,8.78,5.05,72.27,1.66,219.87,1.57,0.60,-4.71,-16.06,-17.14,-7.63,-1.92,-8.20,-5.50,-8.89
"3628","盈正",55.48,215.89,137.39,66.62,14.18,4.23,86.28,1.80,202.77,3.96,0.94,2.46,4.88,19.38,2.44,1.60,0.00,16.80,0.00
"3629","地心引力",27.73,2272.57,300.74,296.92,-280.18,4.84,75.41,"NA","NA",19.34,0.56,-25.99,-42.30,-47.05,-46.49,-4.76,51.59,90.14,20.88
"3630","新鉅科",48.80,129.34,154.58,116.09,-17.22,3.08,118.50,7.03,51.92,0.71,0.33,-8.03,-15.51,-34.69,-26.11,-3.43,-0.93,13.53,-0.15
"3631","晟楠",38.48,324.74,1426.05,1158.90,-0.52,3.93,92.87,0.72,506.94,0.30,0.07,-0.21,-0.99,-2.32,-6.88,-0.16,-79.49,-0.01,-2.72
"3632","研勤",58.78,321.86,123.23,93.53,-3.73,5.44,67.09,6.64,54.96,2.02,0.63,-6.59,-21.75,-8.61,-12.16,-0.71,0.00,79.91,0.00
"3646","艾恩特",39.88,417.29,214.09,128.15,91.31,5.48,66.60,3.95,92.40,7.54,1.09,10.92,17.31,26.93,9.95,2.17,10.51,53.18,-0.79
"3663","鑫科",30.42,557.61,301.33,128.51,11.22,8.49,42.99,4.89,74.64,12.31,1.74,4.47,6.02,11.87,2.34,0.96,0.00,155.84,0.00
"3664","安瑞-KY",48.94,3694.80,294.72,273.84,-28.95,1.81,201.65,2.79,130.82,24.52,0.50,-10.75,-21.01,-16.67,-22.07,-1.94,0.00,35.99,0.00
"3666","光耀",31.29,648.88,270.71,228.83,-6.49,2.23,163.67,7.36,49.59,8.99,0.79,-1.32,-2.17,-5.27,-1.86,-0.55,53.32,79.25,9.78
"3672","康聯訊",52.62,421.03,170.62,97.38,8.31,8.61,42.39,2.46,148.37,7.77,1.08,1.19,1.68,8.05,0.77,0.24,-20.80,-22.39,-15.77
"3675","德微",59.20,145.73,125.76,91.41,27.58,4.55,80.21,4.31,84.68,1.45,0.73,12.00,28.95,73.78,15.91,7.36,30.90,59.05,7.93
"3680","家登",52.37,176.42,176.80,118.07,17.96,5.96,61.24,2.07,176.32,0.98,0.40,4.98,10.08,55.59,11.85,4.03,21.78,26.58,0.52
"3684","榮昌",48.52,179.17,188.72,156.82,28.70,5.20,70.19,11.25,32.44,2.11,0.93,8.90,15.84,43.37,9.28,3.50,17.18,46.68,2.24
"3685","元創精密",43.65,146.05,156.74,101.78,1.31,3.42,106.72,4.31,84.68,1.78,0.63,0.63,0.40,0.50,0.29,0.05,-8.18,48.24,3.31
"3687","歐買尬",73.28,8318.19,136.57,136.35,260.33,155.36,2.34,59256.45,0.00,87.13,0.31,5.52,19.26,119.57,17.59,2.42,13.83,2084.96,33.79
"3689","湧德",48.58,212.02,153.82,89.78,15.04,3.94,92.63,3.75,97.33,4.09,1.08,4.72,9.11,42.36,4.09,3.28,2.93,73.65,-0.34
"3691","碩禾",43.43,253.92,200.83,138.36,-4.47,3.63,100.55,4.48,81.47,2.09,0.59,-2.98,-6.96,-57.18,-5.84,-5.34,29.82,85.07,7.97
"3693","營邦",46.34,260.67,167.32,66.90,23.81,6.41,56.94,2.16,168.98,5.16,1.14,4.09,7.17,40.03,3.43,3.08,0.00,-2.94,0.00
"3707","漢磊",35.54,275.83,245.53,181.48,19.27,4.96,73.58,4.10,89.02,2.56,0.79,4.43,6.96,14.76,5.33,0.73,41.52,42.51,5.69
"3709","鑫聯大投控",69.25,3790.38,139.74,85.68,26.57,11.37,32.10,8.64,42.24,323.54,3.30,7.03,23.50,50.37,2.05,4.55,30.24,92.32,66.01
"3710","連展投控",78.74,114.63,84.23,60.27,-1.85,3.23,113.00,5.05,72.27,2.38,0.82,-4.53,-25.15,-21.30,-7.25,-2.50,10.23,51.58,7.89
"3713","新晶投控",59.39,435.42,216.04,92.32,5.66,14.91,24.48,1.81,201.65,2.53,0.60,3.42,5.91,4.24,4.90,0.43,-38.64,4.11,-12.18
"4102","永日",38.04,186.55,265.93,147.65,3.58,4.57,79.86,2.05,178.04,1.14,0.51,1.08,1.40,1.61,1.69,0.14,56.30,71.02,4.50
"4105","東洋",37.96,248.66,155.64,122.80,58.28,4.18,87.32,1.71,213.45,1.78,0.49,8.98,13.89,43.73,18.14,3.35,41.17,81.45,3.86
"4107","邦特",27.39,220.90,327.02,271.83,144.37,6.29,58.02,3.53,103.39,1.43,0.49,11.66,15.78,77.66,23.62,6.22,78.83,98.86,4.08
"4109","加捷生醫",8.47,212.56,415.35,379.41,8145.90,5.58,65.41,2.03,179.80,0.55,0.24,0.51,0.55,0.55,2.10,0.06,5.34,7.07,0.62
"4111","濟生",33.68,140.95,145.78,119.60,96.91,3.94,92.63,7.91,46.14,1.35,0.66,5.19,7.42,18.40,7.75,1.42,31.18,104.56,3.98
"4113","聯上",72.32,7050.33,149.41,20.69,2.98,4348.00,0.08,0.11,3318.18,21.53,0.11,1.53,3.87,6.38,9.28,0.63,1.77,22.43,1.67
"4114","健喬",40.92,148.12,164.06,97.07,250.59,4.29,85.08,1.59,229.55,0.57,0.32,1.52,1.92,4.91,3.59,1.02,23.52,44.14,4.15
"4116","明基醫",43.75,214.00,187.68,135.41,16.79,7.36,49.59,4.58,79.69,2.12,0.78,2.78,4.42,13.86,3.35,0.65,26.17,118.68,4.45
"4120","友華",63.28,156.93,121.45,85.46,322.85,8.56,42.64,2.12,172.16,1.45,0.54,1.19,2.02,9.77,1.56,1.39,2.40,42.09,-0.90
"4121","優盛",52.61,316.34,187.35,113.80,904.40,19.36,18.85,3.42,106.72,5.70,1.11,4.03,7.42,18.92,3.23,1.35,51.61,113.69,22.87
"4123","晟德",30.70,3046.13,406.43,402.09,26.26,4.72,77.33,2.30,158.69,0.66,0.01,7.68,10.33,51.39,431.29,3.60,-13.36,15.73,-3.72
"4126","太醫",28.72,158.18,321.92,236.41,51.41,11.75,31.06,4.38,83.33,1.05,0.52,10.16,14.53,59.78,19.14,5.32,75.26,104.88,0.37
"4127","天良",36.82,119.19,131.55,98.38,2734.02,6.91,52.82,4.11,88.80,1.62,0.89,7.51,11.93,10.66,8.16,1.02,20.17,-462.77,7.19
"4128","中天",7.81,1150.65,894.66,844.98,-36.28,17.52,20.83,5.22,69.92,1.42,0.12,-1.58,-1.75,-5.09,-13.08,0.11,10.77,24.07,0.37
"4129","聯合",46.22,241.32,125.41,67.00,5.22,4.43,82.39,0.65,561.53,1.83,0.47,1.24,1.84,2.74,2.05,0.37,17.73,59.32,7.21
"4130","健亞",9.01,343.59,574.01,425.09,15.15,5.32,68.60,1.88,194.14,1.03,0.28,0.02,0.02,0.32,0.08,0.00,-15.60,52.02,-3.77
"4131","浩泰",46.00,217.00,132.00,52.00,-1296.00,2.84,128.52,0.69,528.98,1.31,0.32,-7.90,-19.70,-12.50,-27.00,-0.91,-13.00,113.00,-9.86
"4138","曜亞",35.97,1206.68,249.76,219.23,200.00,6.41,56.94,3.09,118.12,7.56,0.45,6.41,9.65,57.94,13.78,4.11,42.22,193.75,11.08
"4139","馬光-KY",60.70,234.94,79.00,57.78,5.64,7.68,47.52,10.37,35.19,3.76,0.71,3.77,7.44,13.30,4.02,0.91,44.68,362.79,38.75
"4147","中裕",36.20,447.63,1037.40,516.80,"*****",1.93,189.11,0.27,1351.85,0.41,0.08,-9.45,-14.81,-18.66,-113.90,-1.87,-93.86,"NA","NA"
"4153","鈺緯",16.52,435.58,454.87,265.64,259.81,3.72,98.11,1.53,238.56,3.14,0.60,1.91,2.21,4.61,3.07,0.37,-5.92,40.22,-2.53
"4154","樂威科-KY",41.27,153.89,138.29,109.00,-3528.25,3.54,103.10,9.03,40.42,2.53,0.67,-13.98,-26.17,-24.16,-21.41,-2.18,2.01,12.77,1.32
"4157","太景*-KY",9.99,4822.72,1370.79,1348.29,3593.00,9.07,40.24,0.78,467.94,49.12,1.33,79.58,91.47,230.62,59.92,1.08,699.94,0.00,45.01
"4160","訊聯基因",24.97,1565.91,345.04,273.64,262.46,7.00,52.14,5.63,64.83,26.65,1.25,1.93,2.54,4.21,1.54,0.32,7.03,35.85,2.23
"4161","聿新科",54.42,171.22,140.98,105.19,3.51,3.29,110.94,2.96,123.31,1.38,0.49,1.79,2.87,3.73,2.79,0.47,0.00,13.79,0.00
"4162","智擎",2.17,960643.41,4570.96,4557.38,2573.61,1.62,225.30,2.45,148.97,882.52,0.15,10.35,10.71,37.20,65.05,2.95,1059.99,1.24,14.38
"4163","鐿鈦",48.42,218.50,225.62,130.03,28.25,9.53,38.30,1.53,238.56,1.64,0.55,6.40,11.76,56.16,11.32,4.73,6.80,64.80,-3.21
"4167","松瑞藥",27.01,361.11,976.02,507.02,155.75,3.27,111.62,1.10,331.81,1.16,0.37,0.52,0.30,0.31,0.57,0.03,-56.44,9.04,-4.10
"4168","醣聯",2.59,133.84,1318.42,1224.08,"NA",29.92,12.19,"NA","NA",0.01,0.00,-11.62,-12.69,-17.69,-3150.56,-1.78,-518.27,"NA",-10.32
"4171","瑞基",35.40,462.48,424.33,326.44,75.94,5.41,67.46,0.91,401.09,3.46,0.69,25.67,38.08,112.32,36.61,8.19,125.44,85.49,14.59
"4173","久裕",59.50,12532.92,151.72,147.41,1612.99,3.62,100.82,8.84,41.28,85.80,0.22,1.40,3.07,9.13,5.85,0.74,13.28,648.10,14.68
"4174","浩鼎",13.73,433.74,872.23,818.16,-457.73,7.64,47.77,5.24,69.65,0.02,0.00,-34.90,-39.45,-87.43,-9151.34,-7.69,-325.31,-823.63,-22.26
"4175","杏一",82.66,203.27,87.29,41.39,2.58,40.93,8.91,4.23,86.28,3.45,1.07,1.57,5.84,16.73,1.01,1.97,37.86,"NA",36.80
"4183","福永生技",48.17,452.17,250.11,195.64,11.77,5.29,68.99,5.49,66.48,6.70,0.85,3.63,6.13,9.88,3.88,0.78,20.41,86.14,0.97
"4188","安克",5.96,801.57,1532.77,1433.74,-185.74,20.09,18.16,1.18,309.32,1.14,0.13,-4.21,-4.58,-5.05,-31.34,-0.48,-149.12,-299.68,-6.23
"4192","杏國",46.28,7385.69,186.28,147.85,-224.35,4.66,78.32,0.23,1586.95,0.88,0.01,-52.57,-91.40,-39.85,-6608.98,-4.04,-60.25,-789.89,-46.45
"4198","欣大健康",67.97,324.29,268.52,179.09,-53.98,5.33,68.48,0.67,544.77,2.21,0.42,-32.28,-155.38,-11.84,-77.96,-1.30,-87.18,-1595.45,-19.64
"4205","中華食",17.00,342.00,540.00,522.00,194.00,9.67,37.74,23.94,15.24,3.09,0.83,16.14,19.45,46.89,19.36,3.76,123.57,123.09,8.11
"4207","環泰",44.87,175.21,226.80,168.72,27.37,4.62,79.00,6.64,54.96,1.85,0.82,11.12,20.00,17.86,12.84,2.25,38.61,211.75,8.76
"4303","信立",24.78,186.02,103.43,81.34,66.81,6.83,53.44,4.80,76.04,0.68,0.30,11.35,14.98,20.03,37.47,1.96,26.90,-7.25,5.04
"4304","勝昱",47.17,185.33,141.66,119.07,20.15,3.03,120.46,8.67,42.09,2.42,0.68,28.43,80.02,42.32,39.69,4.22,8.21,511.01,3.21
"4305","世坤",14.70,367.30,583.04,530.97,1368.53,4.86,75.10,10.51,34.72,4.12,0.99,9.38,10.85,25.36,9.50,2.03,72.53,104.07,0.90
"4401","東隆興",54.18,141.70,143.24,67.63,17.52,9.47,38.54,3.22,113.35,1.76,0.84,5.66,12.14,34.02,6.40,2.64,39.99,71.23,8.49
"4402","郡都開發",53.22,159.93,120.71,105.55,-14.80,3.43,106.41,4.25,85.88,0.79,0.25,-5.95,-13.93,-8.56,-25.65,-0.86,-11.18,-58.37,-10.66
"4406","新昕纖",28.43,281.04,235.44,148.35,14.57,7.93,46.02,3.28,111.28,2.10,0.60,2.22,2.95,3.52,3.47,0.33,2.15,-93.81,-0.24
"4413","飛寶企業",29.04,338.23,871.61,510.65,8952.86,4.86,75.10,4.89,74.64,11.10,1.76,1.71,2.13,1.98,0.97,0.20,103.78,-110.32,9.25
"4416","三圓",81.96,108558.62,105.33,29.59,13.51,22.66,16.10,0.01,36500.00,26.08,0.01,9.39,56.80,203.11,1070.25,17.34,-20.53,-103.48,-56.72
"4417","金洲",33.28,237.39,255.93,137.20,46.39,3.60,101.38,1.70,214.70,1.71,0.55,6.36,9.27,42.18,11.14,3.12,23.47,74.82,0.61
"4420","光明",54.02,133.25,213.58,157.14,6.79,7.09,51.48,6.89,52.97,0.51,0.34,3.59,6.64,23.49,9.00,2.04,117.83,16.73,7.10
"4430","耀億",51.98,144.67,132.08,79.66,1.60,6.28,58.12,2.45,148.97,1.27,0.55,1.41,2.15,1.95,1.90,0.75,"NA",14.15,"NA"
"4432","銘旺實",21.24,465.16,402.40,222.09,"NA",5.68,64.26,3.59,101.67,4.95,0.93,-7.14,-9.08,-20.43,-7.64,-2.04,-27.27,53.22,-5.39
"4433","興采",46.97,111.27,93.74,54.27,7.51,11.15,32.73,3.04,120.06,1.21,0.65,2.02,3.13,21.19,1.97,1.21,7.19,55.92,1.49
"4442","竣邦-KY",42.19,321.52,186.64,149.32,80.26,8.16,44.73,16.90,21.59,10.07,1.97,13.30,23.95,50.96,6.68,3.99,-23.63,"NA",-23.90
"4502","健信",71.87,136.47,124.45,69.69,-2.14,4.50,81.11,3.13,116.61,1.20,0.60,-4.61,-23.90,-26.51,-10.48,-2.87,-21.28,59.87,-4.90
"4503","金雨",36.47,140.76,147.99,91.12,-20.76,2.97,122.89,1.63,223.92,0.39,0.20,-4.81,-7.09,-8.87,-24.70,-0.85,-34.44,-6.43,-27.43
"4506","崇友",43.72,419.05,158.53,101.23,1284.09,4.69,77.82,1.68,217.26,4.15,0.57,9.66,16.93,54.73,16.89,4.39,28.18,129.51,10.25
"4510","高鋒",62.38,202.82,143.25,91.59,-0.06,3.42,106.72,2.07,176.32,1.44,0.42,-0.21,-1.81,-3.20,-1.79,-0.33,"NA",40.71,"NA"
"4513","福裕",67.95,391.07,185.92,71.79,3.08,5.50,66.36,1.31,278.62,3.86,0.66,2.23,4.25,6.80,2.11,0.44,8.08,131.27,0.05
"4523","永彰",28.81,443.48,157.53,103.08,1.55,4.83,75.56,2.55,143.13,3.54,0.49,-0.71,-1.50,0.41,-1.97,-0.22,-21.86,24.49,0.00
"4527","方方土霖",47.00,309.00,195.00,137.00,34.00,2.70,135.18,3.60,101.38,4.40,1.00,6.00,11.00,26.00,6.00,1.98,6.00,92.00,-4.00
"4528","江興鍛",53.52,148.45,142.35,107.86,15.46,5.15,70.87,4.64,78.66,1.22,0.59,4.52,8.55,29.53,7.15,2.37,14.28,90.55,2.25
"4529","淳紳",25.81,888.68,93.85,12.96,-80.87,85.01,4.29,1.54,237.01,0.02,0.00,-41.02,-57.69,-60.21,-15975.78,-6.09,-28.85,35.30,-26.87
"4530","宏易",20.34,1102.10,460.11,422.58,-15.54,12.81,28.49,21.43,17.03,6.85,0.47,-5.70,-7.51,-4.12,-12.75,-0.47,-6.94,-113.97,-0.81
"4533","協易機",61.09,360.87,180.24,143.01,2.84,7.24,50.41,3.00,121.66,3.75,0.63,1.27,2.38,2.92,1.49,0.36,1.95,153.69,0.46
"4534","慶騰",46.21,174.25,155.16,98.49,8.19,2.99,122.07,2.45,148.97,2.02,0.71,3.36,5.61,5.92,4.28,0.59,-2.93,116.61,-0.96
"4535","至興",16.70,274.29,410.94,315.27,623.28,5.48,66.60,5.77,63.25,2.88,0.92,8.45,10.06,44.13,9.15,2.40,71.56,127.82,5.55
"4538","大詠城",12.29,144.23,311.52,211.14,0.00,3.38,107.98,5.69,64.14,0.97,0.60,5.02,5.59,9.58,8.34,0.76,21.71,100.66,-2.18
"4541","晟田",59.49,170.14,210.01,159.93,56.88,5.25,69.52,1.89,193.12,0.53,0.26,0.50,0.01,-1.85,0.01,0.00,32.55,70.82,4.31
"4542","科嶠",48.44,344.92,179.39,97.36,10.93,3.08,118.50,1.15,317.39,3.96,0.52,3.06,5.42,8.02,4.88,1.11,-17.39,5.99,-18.63
"4543","萬在",34.05,151.80,180.03,127.95,8.62,4.72,77.33,2.74,133.21,0.84,0.42,1.54,2.01,7.30,3.23,0.53,1.24,53.34,0.24
"4549","桓達",27.05,241.92,426.34,342.37,123.74,6.11,59.73,2.24,162.94,1.70,0.63,13.88,18.75,82.09,21.68,6.27,93.10,100.95,4.31
"4550","長佳",56.13,241.08,130.99,96.59,55.59,3.37,108.30,0.52,701.92,3.57,0.77,2.97,6.46,17.12,3.76,1.41,0.99,183.41,-7.39
"4554","橙的",42.57,1709.92,221.76,168.67,55.03,3.65,100.00,1.83,199.45,15.13,0.70,6.67,10.45,26.01,9.34,2.00,15.10,273.44,4.82
"4556","旭然",56.57,166.78,189.63,111.01,207.93,4.82,75.72,1.15,317.39,0.82,0.34,1.49,1.58,4.36,2.09,0.30,-6.89,16.92,-2.87
"4558","寶緯",65.04,206.80,157.41,82.84,2515.41,3.92,93.11,3.53,103.39,3.77,1.16,11.44,29.64,56.94,9.44,4.55,-31.75,18.35,-25.41
"4561","健椿",56.12,134.15,161.96,101.98,23.34,7.69,47.46,2.68,136.19,1.07,0.59,6.50,14.00,31.15,10.47,2.49,23.53,60.77,4.88
"4563","百德",70.62,308.91,118.55,68.30,-357.51,3.89,93.83,1.67,218.56,3.32,0.54,-4.21,-15.26,-28.54,-9.14,-3.36,8.73,25.16,8.84
"4568","科際精密",37.91,275.23,232.31,187.89,1487.45,4.19,87.11,5.45,66.97,3.15,0.79,8.62,13.70,62.36,10.91,5.03,62.03,92.45,13.17
"4577","達航科技",52.24,132.52,107.25,39.55,9.34,5.29,68.99,1.62,225.30,1.27,0.58,4.76,8.42,28.15,7.31,2.12,46.31,51.99,17.51
"4580","捷流閥業",45.93,269.85,176.99,92.62,54.86,4.25,85.88,2.13,171.36,3.19,0.81,10.89,18.85,112.69,13.11,8.04,30.12,66.05,4.60
"4584","君帆",59.46,194.89,137.16,104.97,19.82,2.40,152.08,3.18,114.77,2.35,0.69,7.99,19.11,74.77,10.83,5.07,31.02,131.25,14.40
"4609","唐鋒",78.02,371.07,143.38,128.09,-1.69,3.05,119.67,4.58,79.69,4.30,0.67,-1.55,-9.51,-3.86,-3.36,-0.39,-27.50,-88.89,-14.31
"4702","中美實",25.67,1347.68,154.44,147.13,2942.57,14.54,25.10,22.96,15.89,13.50,0.77,6.16,8.29,13.23,7.73,1.15,0.65,19.62,0.20
"4706","大恭",13.25,793.04,732.13,416.16,733.44,4.25,85.88,2.04,178.92,7.19,0.83,5.12,5.99,14.37,6.17,1.13,-9.07,82.99,-2.67
"4707","磐亞",33.72,702.67,47.07,36.06,11.92,8.39,43.50,9.20,39.67,1.80,0.20,4.22,5.99,10.59,19.85,1.05,7.06,335.55,1.73
"4711","永純",19.05,344.48,500.63,342.44,13674.42,4.82,75.72,3.55,102.81,3.29,0.82,5.62,6.87,15.30,6.74,1.27,10.94,78.44,-3.77
"4714","永捷",25.83,297.66,337.66,199.28,2505.41,4.97,73.44,0.74,493.24,0.47,0.14,4.51,6.06,11.70,22.57,0.28,-23.27,-33.61,-4.14
"4716","大立",36.43,233.68,207.74,182.33,33.83,3.50,104.28,5.43,67.21,1.49,0.49,15.52,25.82,34.26,32.99,3.55,-13.24,125.01,-7.01
"4721","美琪瑪",43.50,429.33,182.40,116.68,76.60,7.23,50.48,9.87,36.98,12.82,1.69,18.19,28.33,61.39,8.74,4.81,-29.85,37.04,-30.65
"4726","永昕",39.26,226.59,166.17,117.55,314.29,7.84,46.55,4.93,74.03,0.84,0.32,-3.64,-5.76,-5.71,-11.61,-0.61,-27.08,-16.75,-4.71
"4728","雙美",31.03,293.78,235.84,212.80,128.40,182.58,1.99,3.53,103.39,3.84,0.73,17.41,25.69,34.93,23.72,4.51,72.85,146.92,13.61
"4729","熒茂",67.16,280.45,116.65,95.24,-6.24,6.30,57.93,5.39,67.71,1.44,0.35,-4.82,-15.04,-16.52,-15.57,-1.26,-1.77,58.26,-1.18
"4735","豪展",43.83,251.39,156.20,100.96,89.12,6.06,60.23,3.30,110.60,6.13,1.10,15.09,33.90,105.98,13.57,8.65,32.07,63.94,-7.68
"4741","泓瀚",22.26,144.46,217.48,159.50,39.78,4.49,81.29,4.29,85.08,1.02,0.55,1.96,2.41,8.54,3.47,0.90,24.06,80.23,2.70
"4743","合一",10.43,2097.54,5120.58,5059.62,-7982.50,0.28,1303.57,0.31,1177.41,0.08,0.00,-2.62,-2.96,-10.27,-627.72,-1.06,0.00,23.73,0.00
"4744","皇將",56.90,287.47,169.55,133.99,8.02,7.76,47.03,1.46,250.00,2.73,0.56,4.34,8.67,16.96,6.96,1.71,8.87,76.20,2.31
"4745","合富-KY",34.73,1645.00,274.73,207.73,1472.71,1.95,187.17,6.00,60.83,22.42,0.95,4.30,6.21,43.22,4.20,1.80,-6.89,32.61,-5.39
"4747","強生製藥",17.42,221.63,249.56,165.14,58.51,4.46,81.83,1.54,237.01,1.11,0.39,4.70,5.75,20.63,11.93,1.64,29.26,55.40,-0.52
"4749","新應材",44.70,272.63,172.32,132.63,27.46,3.71,98.38,5.71,63.92,2.36,0.52,4.04,7.10,16.41,7.56,1.62,1.30,103.52,0.52
"4754","國碳科",44.24,168.64,279.84,167.01,34.25,10.50,34.76,3.64,100.27,1.52,0.75,8.82,15.93,30.29,11.17,2.40,-6.45,41.36,-2.93
"4760","勤凱科技",41.49,382.68,193.59,140.57,43.88,3.37,108.30,5.13,71.15,8.00,1.36,16.13,28.07,76.92,11.60,6.70,20.54,48.85,2.66
"4767","誠泰科技",39.06,588.92,386.54,270.88,34.24,3.94,92.63,3.76,97.07,6.45,0.93,6.72,10.94,32.85,7.05,2.84,38.03,98.73,4.76
"4768","晶呈科技",46.73,141.02,136.90,72.01,2641.63,7.46,48.92,2.28,160.08,1.48,0.61,9.37,16.43,42.19,14.74,2.15,4.00,22.23,-0.35
"4804","大略-KY",60.55,142.37,120.40,113.33,-37.49,4.17,87.52,"NA","NA",1.17,0.33,2.41,-1.54,-5.67,-1.74,-0.13,69.94,46.93,20.59
"4806","桂田文創",62.63,138.08,135.30,34.69,-49.54,0.01,36500.00,4.28,85.28,0.00,0.00,-33.20,-80.87,-37.17,-31124.67,-4.13,-21.25,116.13,-9.31
"4903","聯光通",48.44,540.08,188.08,168.43,-11.74,9.73,37.51,7.62,47.90,5.40,0.72,-4.12,-7.51,-5.50,-6.14,-0.35,-7.49,-335.81,-4.02
"4905","台聯電",1.93,3128.42,3845.24,3783.38,1346.69,6.98,52.29,0.61,598.36,0.51,0.02,1.66,1.69,21.96,80.84,1.49,38.15,14.30,0.00
"4907","富宇",74.39,2933165.19,242.86,36.36,45.36,4.12,88.59,0.18,2027.77,4761.19,0.19,2.71,10.50,22.02,13.85,1.75,18.49,-10.41,9.75
"4908","前鼎",11.19,492.07,716.38,593.09,8353.30,6.19,58.96,1.50,243.33,2.40,0.44,8.45,9.35,21.36,18.64,1.86,82.76,137.56,3.49
"4909","新復興",10.92,773.27,842.63,805.73,-124.57,3.43,106.41,6.88,53.05,2.07,0.24,-4.97,-5.69,-14.92,-20.68,-1.49,-39.60,59.84,-4.75
"4911","德英",1.25,178.52,1565.79,1308.84,"NA",4.42,82.57,0.79,462.02,0.06,0.04,-2.83,-2.87,-3.27,-80.92,-0.36,-105.90,5.23,-1.30
"4923","力士",29.37,19658.31,368.43,277.66,271.27,4.38,83.33,5.42,67.34,314.61,1.60,20.37,28.48,68.97,12.65,5.73,57.07,80.84,13.65
"4924","欣厚-KY",37.78,211.35,143.35,101.23,13.35,3.42,106.72,5.25,69.52,4.37,0.99,7.03,10.93,10.36,6.65,0.98,30.99,93.03,9.50
"4931","新盛力",35.75,1757.23,263.17,146.20,-210.89,3.78,96.56,3.46,105.49,28.65,1.09,-2.88,-4.28,-7.72,-2.65,-0.63,-86.80,3.12,-36.19
"4933","友輝",24.11,743.74,479.66,409.14,9123.12,5.99,60.93,3.84,95.05,5.94,0.70,6.95,9.08,44.57,9.85,3.66,65.90,186.66,4.90
"4939","亞電",46.98,262.08,187.82,162.20,22.37,2.05,178.04,5.89,61.96,2.75,0.66,6.19,10.87,26.89,8.84,1.76,24.04,87.73,5.49
"4945","陞達科技",16.44,7431.06,611.70,538.28,431.28,5.26,69.39,4.06,89.90,62.35,0.74,13.87,16.12,42.66,18.49,3.51,105.07,129.88,11.81
"4946","辣椒",50.52,3263.13,125.76,119.52,28.93,2.78,131.29,"*****","*****",20.28,0.18,10.91,22.32,18.13,58.86,1.79,16.04,-10.77,10.50
"4950","金耘國際",23.22,1341.10,472.45,386.84,21.69,3.47,105.18,8.38,43.55,22.07,1.05,5.53,6.73,4.96,5.06,0.49,-156.90,-403.56,-33.06
"4951","精拓科",19.14,525.33,421.33,356.43,425.59,8.19,44.56,1.88,194.14,4.35,0.77,14.40,17.36,43.51,18.63,3.95,122.30,123.76,15.85
"4953","緯軟",38.82,325.07,224.00,222.75,10634.40,3.43,106.41,"NA","NA",7.61,1.61,12.00,19.01,76.98,7.38,6.91,3.84,64.46,0.00
"4966","譜瑞-KY",25.39,2992.16,277.41,233.60,0.00,13.44,27.15,5.02,72.70,46.79,1.11,29.17,38.63,718.31,26.22,66.29,137.46,228.06,32.44
"4971","IET-KY",7.15,148.78,566.12,402.47,524.33,4.95,73.73,1.94,188.14,0.77,0.48,5.77,6.14,28.09,11.62,2.45,220.97,66.42,8.47
"4972","湯石照明",19.18,456.33,404.87,303.44,400.74,7.57,48.21,3.12,116.98,4.00,0.75,6.87,8.39,32.72,9.13,2.51,46.82,91.83,1.70
"4973","廣穎電通",30.52,991.80,199.02,99.52,6.46,8.54,42.74,4.35,83.90,17.99,1.45,0.90,1.11,3.74,0.54,0.35,0.00,84.78,-4.98
"4974","亞泰",29.77,737.81,329.07,263.96,1619.25,7.20,50.69,6.04,60.43,13.20,1.12,11.41,16.39,71.43,10.15,5.87,38.49,113.57,3.73
"4979","華星光",31.43,200.89,275.19,174.25,-39.00,6.28,58.12,2.94,124.14,0.94,0.42,-13.56,-20.90,-21.50,-32.91,-2.22,-9.39,-50.06,-0.98
"4987","科誠",27.69,245.34,286.57,144.08,298.76,6.77,53.91,2.18,167.43,3.13,0.95,10.48,14.27,62.67,11.03,4.61,47.82,81.08,7.83
"4991","環宇-KY",8.22,824.88,1543.02,1342.15,-82.59,6.88,53.05,2.22,164.41,1.94,0.28,-8.50,-9.43,-34.98,-30.62,-4.20,139.28,195.80,3.64
"4995","晶達",54.17,186.59,154.91,102.77,21.56,5.72,63.81,2.69,135.68,2.62,0.79,7.63,13.52,31.18,9.29,2.68,20.58,40.19,2.61
"5009","榮剛",57.04,208.39,199.65,79.26,8.14,4.94,73.88,1.30,280.76,0.96,0.41,4.46,9.16,22.29,9.55,1.70,0.00,40.27,-0.65
"5011","久陽",43.92,256.30,168.52,126.47,9.41,8.97,40.69,9.91,36.83,5.34,1.31,5.12,9.97,15.05,3.58,1.74,9.95,19.42,4.72
"5013","強新",50.55,193.39,210.58,110.52,18.67,5.15,70.87,4.12,88.59,2.68,1.09,10.22,19.36,73.14,8.84,4.40,7.10,49.03,0.80
"5014","建錩",65.22,194.33,117.19,45.24,6.05,13.76,26.52,7.24,50.41,12.74,2.70,9.15,22.57,40.53,2.81,3.14,-4.12,-35.92,-4.66
"5015","華祺",47.60,387.49,169.78,77.09,32.77,7.84,46.55,2.27,160.79,7.61,1.14,12.03,21.09,51.39,10.24,4.10,0.00,51.06,0.00
"5016","松和",47.22,231.17,248.58,138.00,28.64,4.98,73.29,3.54,103.10,3.14,1.01,8.87,16.14,59.60,8.03,4.75,10.30,68.65,-0.82
"5201","凱衛",26.05,4585.90,405.05,395.68,88.50,9.82,37.16,30.67,11.90,22.88,0.40,8.69,11.69,16.77,21.31,1.56,19.30,133.07,-14.85
"5202","力新",15.66,1320.46,521.15,503.42,1523.18,3.94,92.63,4.51,80.93,2.85,0.21,-1.64,-1.97,1.05,-7.96,-0.32,0.00,22.09,0.00
"5205","中茂",78.39,2428.57,121.51,101.49,"NA",1.56,233.97,13.97,26.12,34.85,0.68,-38.93,-252.15,-16.71,-57.39,-1.69,"NA","NA","NA"
"5206","坤悅",69.12,191830.83,144.11,18.74,1.24,587.89,0.62,0.21,1738.09,956.14,0.22,0.94,2.77,7.66,4.31,0.54,0.00,0.00,0.00
"5209","新鼎",78.78,1076.70,126.73,116.69,5694.76,8.91,40.96,59.52,6.13,33.79,1.29,10.27,45.57,102.83,7.98,10.02,36.44,416.48,85.12
"5210","寶碩",34.45,247.64,191.68,181.87,-19.06,3.99,91.47,6.45,56.58,1.22,0.35,-3.00,-4.27,-3.40,-8.87,-0.37,0.00,474.36,0.00
"5211","蒙恬",12.01,441.93,994.53,919.29,9175.33,6.55,55.72,1.23,296.74,0.81,0.21,6.72,7.57,17.19,31.90,1.48,-106.52,-62.42,-8.40
"5212","凌網",39.02,710.52,236.93,229.69,107.92,6.77,53.91,31.97,11.41,12.52,1.20,11.40,18.79,32.45,9.39,2.68,36.79,154.91,-0.82
"5213","亞昕",79.25,460.86,148.93,17.67,3.55,4.38,83.33,0.08,4562.50,0.79,0.08,0.90,2.92,9.06,8.30,0.73,-28.11,-30.03,-36.79
"5220","萬達光電",45.44,151.83,181.28,141.25,36.88,5.90,61.86,4.81,75.88,1.58,0.72,9.81,16.89,27.24,13.49,3.43,52.66,69.85,7.89
"5223","安力-KY",48.12,304.36,220.00,199.82,52.79,2.17,168.20,8.69,42.00,2.66,0.65,6.89,15.28,62.19,10.15,5.22,35.42,145.63,8.97
"5227","立凱-KY",54.64,144.73,121.83,81.92,-58.74,13.74,26.56,4.30,84.88,0.65,0.25,-43.75,-72.46,-93.11,-178.57,-9.31,0.00,0.00,0.00
"5228","鈺鎧",59.37,114.74,107.01,70.37,9.88,5.82,62.71,3.43,106.41,0.83,0.55,4.97,11.03,19.16,8.15,1.71,31.01,131.29,8.57
"5230","雷笛克光學",45.12,185.78,192.88,114.22,7.79,3.58,101.95,2.21,165.15,1.41,0.55,3.16,5.06,14.36,5.03,1.28,11.61,118.33,1.18
"5236","凌陽創新",21.54,41281.75,467.72,437.57,303370.66,6.50,56.15,4.18,87.32,370.46,0.89,24.62,32.67,134.27,27.77,11.83,121.27,196.56,16.21
"5245","智晶",31.04,137.43,155.57,95.67,9247.62,8.94,40.82,5.16,70.73,1.44,0.87,11.90,17.19,55.47,13.61,4.47,82.40,122.93,12.18
"5251","天鉞電",17.82,981.05,459.13,350.35,-72.93,7.59,48.08,1.90,192.10,3.93,0.32,-12.81,-15.47,-21.77,-39.86,-2.32,-57.65,-148.17,-8.65
"5263","智崴",36.49,398.91,319.69,280.61,-468.23,3.56,102.52,"NA","NA",0.81,0.15,-2.25,-4.64,-25.22,-16.92,-2.31,-2.33,36.86,-0.62
"5272","笙科",16.87,257.64,402.53,287.26,32.00,9.48,38.50,1.71,213.45,1.25,0.44,4.44,5.24,9.05,9.05,0.96,86.46,55.32,8.15
"5274","信驊",22.17,1921.68,376.80,358.83,493.98,5.41,67.46,7.80,46.79,21.87,0.88,31.82,40.09,468.46,36.09,38.30,181.25,140.62,27.45
"5276","達輝-KY",35.51,314.66,191.32,93.71,41.77,3.96,92.17,3.91,93.35,4.54,1.05,2.87,4.39,9.95,2.89,0.58,-21.68,19.05,-8.85
"5278","尚凡*",51.82,30654.56,186.18,165.85,236.14,15.01,24.31,6.99,52.21,985.87,1.99,30.48,57.86,204.45,15.25,16.52,53.96,130.62,10.08
"5287","數字",39.51,242.42,149.89,148.93,906.19,11.03,33.09,"*****","*****",1.95,0.54,19.60,31.71,178.14,35.88,12.13,69.04,105.80,16.60
"5289","宜鼎",26.70,394.05,326.16,231.18,661.21,8.36,43.66,5.12,71.28,6.82,1.41,21.93,29.03,238.55,15.52,18.94,44.44,103.71,4.29
"5291","邑昇",41.54,221.14,155.93,110.63,150.39,3.86,94.55,4.99,73.14,3.58,1.02,10.74,18.54,51.02,10.45,4.18,10.40,52.24,1.86
"5299","杰力",35.34,1048.06,234.85,185.14,3602.78,6.78,53.83,3.99,91.47,17.50,1.08,29.08,43.72,217.57,22.78,17.68,77.92,137.64,27.25
"5301","寶得利",24.82,2406.67,565.59,19.12,-21.45,11.04,33.06,0.09,4055.55,0.70,0.07,-19.67,-33.42,-20.91,-305.78,-2.09,-65.16,-93.81,-9.36
"5302","太欣",21.26,1342.58,154.98,128.80,-9.34,24.65,14.80,1.38,264.49,0.23,0.01,-2.24,-3.12,-2.76,-143.30,-0.27,-51.82,-2398.38,-1.44
"5309","系統電",58.44,321.51,145.15,103.23,1418.95,5.12,71.28,5.39,67.71,5.87,0.97,3.98,8.39,6.13,3.88,0.62,-1.94,-5.83,-1.83
"5310","天剛",26.19,24820.14,406.86,402.69,-33.21,2.30,158.69,0.35,1042.85,17.80,0.09,-12.67,-23.23,-10.47,-141.88,-1.22,-199.53,-1067.62,-50.07
"5312","寶島科",53.76,356.32,74.21,35.60,17.37,143.78,2.53,1.96,186.22,2.52,0.51,5.31,10.87,58.28,9.81,4.83,43.04,145.86,7.78
"5314","世紀",11.88,447.22,683.10,681.68,0.00,7.06,51.69,0.32,1140.62,0.34,0.07,-15.67,-17.62,-5.00,-214.51,-0.50,0.00,3237.90,0.00
"5315","光聯",24.71,1240.44,412.77,325.90,295.40,5.92,61.65,4.20,86.90,17.55,1.03,9.11,12.61,15.89,8.85,1.74,10.00,60.00,-1.00
"5321","美而快",76.12,137.84,93.00,66.78,799.79,8.51,42.89,4.04,90.34,3.01,0.91,6.92,40.13,65.97,6.88,3.11,17.67,79.36,17.32
"5324","士開",78.68,982.77,165.16,59.33,-1.69,38.50,9.48,0.24,1520.83,1.49,0.11,-1.63,-10.52,-6.53,-20.55,-0.64,0.00,18.86,0.00
"5328","華容",22.18,996.91,313.83,275.46,10.10,2.61,139.84,5.42,67.34,5.39,0.47,1.67,1.98,2.52,3.22,0.20,31.45,11.46,6.79
"5340","建榮",14.86,149.13,268.68,155.35,1179.05,3.41,107.03,3.74,97.59,1.23,0.67,2.52,2.94,3.38,3.77,0.27,68.58,113.52,5.32
"5344","立衛",13.01,220.48,296.16,294.00,48.36,3.58,101.95,33.76,10.81,1.43,0.55,9.15,11.65,7.62,15.71,0.76,150.07,149.52,10.70
"5345","天揚",31.09,722.41,301.69,157.95,"NA",2.69,135.68,0.30,1216.66,0.71,0.09,-11.18,-17.36,-0.04,-132.13,-0.35,-137.62,-847.60,-39.38
"5347","世界",46.35,214.82,228.28,199.83,257.43,5.78,63.14,6.98,52.29,2.37,0.80,21.72,36.52,87.18,26.89,7.14,141.81,93.74,11.96
"5348","正能量智能",21.20,4374.49,520.77,373.88,0.00,8.99,40.60,2.01,181.59,30.45,0.68,-9.00,-11.19,-5.10,-13.26,-0.53,-127.66,-308.19,-24.00
"5351","鈺創",41.10,788.64,203.84,122.19,2814.11,4.99,73.14,1.80,202.77,9.35,0.92,15.65,28.35,40.16,16.51,3.91,44.45,98.59,12.15
"5353","台林",38.60,307.60,203.43,125.52,841.72,6.89,52.97,2.89,126.29,3.50,0.83,4.45,6.69,11.55,5.35,1.01,3.68,56.51,-2.56
"5355","佳總",37.38,359.84,230.77,211.90,-7.19,4.08,89.46,6.25,58.40,1.80,0.31,-4.70,-8.30,-3.72,-16.16,-0.67,-21.12,63.89,-7.17
"5356","協益",24.31,642.75,290.48,239.71,-1063.87,4.40,82.95,6.66,54.80,5.14,0.66,-0.46,-0.66,-5.00,-0.79,-0.28,-11.77,131.72,-6.86
"5364","力麗店",68.56,127.48,57.94,57.21,4.07,21.68,16.83,"NA","NA",0.48,0.27,-5.34,-23.85,-27.23,-23.55,-2.49,9.46,59.32,3.91
"5371","中光電",60.60,341.77,139.23,109.13,31.32,3.24,112.65,5.30,68.86,6.79,0.92,3.87,9.02,71.24,4.09,5.12,0.00,82.95,0.00
"5381","合正",10.94,16287.79,1659.40,1451.49,21.99,3.66,99.72,4.08,89.46,77.27,0.51,1.74,1.83,0.68,3.33,0.07,-10.80,"NA","NA"
"5386","青雲",71.49,22580.12,138.56,75.58,2211.20,6.12,59.64,5.87,62.18,1730.61,2.47,5.24,14.70,28.53,2.01,2.36,-39.87,48.89,-101.16
"5392","能率",53.53,327.37,172.08,135.81,5.75,4.88,74.79,5.85,62.39,3.83,0.74,1.85,3.18,22.18,1.92,0.35,4.93,142.28,1.50
"5398","慕康生醫",13.10,23221.60,412.89,279.35,9816.43,3.97,91.93,1.72,212.20,98.93,0.54,2.53,2.87,4.14,4.61,0.33,122.10,107.74,15.56
"5403","中菲",55.66,179.54,108.22,57.48,66.83,7.63,47.83,2.79,130.82,3.31,0.84,8.92,22.50,75.47,10.47,5.88,23.87,106.36,12.39
"5410","國眾",48.30,904.61,144.77,125.57,211.18,3.96,92.17,10.03,36.39,17.95,1.39,7.24,14.84,25.76,5.19,2.14,5.38,71.32,0.00
"5425","台半",42.28,259.53,206.04,145.12,62.01,4.95,73.73,4.26,85.68,2.91,0.86,9.19,16.19,73.47,10.49,3.55,46.29,95.19,11.36
"5426","振發",39.61,151.04,166.45,130.30,-27.22,3.66,99.72,5.10,71.56,1.32,0.53,-3.25,-5.16,-8.04,-6.04,-0.62,-11.54,29.60,-4.54
"5432","新門",9.58,17209.38,848.39,707.30,336.45,5.49,66.48,2.78,131.29,34.35,0.28,1.84,2.01,3.24,6.67,0.32,-161.05,-36.00,-19.06
"5438","東友",29.70,6713.84,109.85,75.81,15.57,4.78,76.35,6.44,56.67,60.23,0.64,1.98,2.64,5.00,2.93,0.51,0.00,54.26,-0.48
"5439","高技",37.71,184.92,189.53,118.88,147.43,3.43,106.41,3.90,93.58,3.08,1.05,12.79,19.91,54.57,12.07,4.61,1.22,49.26,0.00
"5443","均豪",57.20,441.64,151.51,123.31,19.90,2.45,148.97,3.56,102.52,6.55,0.74,5.21,11.51,21.22,6.67,1.54,10.76,97.26,3.97
"5450","南良",57.76,213.33,160.17,111.87,7.79,5.69,64.14,5.02,72.70,3.38,1.04,5.33,11.21,14.38,4.47,1.23,10.98,94.45,3.99
"5452","佶優",47.79,712.83,207.68,154.68,20.76,3.58,101.95,8.14,44.84,21.93,1.77,7.29,12.44,30.04,3.85,1.60,-15.12,29.68,-11.94
"5455","昇益",75.91,537780.20,127.93,22.99,-1.08,29.37,12.42,0.04,9125.00,880.15,0.04,-0.26,-1.13,-0.93,-9.69,-0.09,-58.93,-30.42,-202.48
"5457","宣德",57.94,211.60,136.40,110.67,40.90,2.79,130.82,8.56,42.64,4.59,1.10,9.90,24.39,124.77,8.77,5.11,11.55,68.92,5.81
"5460","同協",15.95,215.36,506.22,449.81,41.66,3.70,98.64,4.47,81.65,1.45,0.56,0.07,0.06,0.67,0.09,0.01,31.34,207.45,2.04
"5464","霖宏",73.47,242.08,116.31,105.94,1982.06,5.16,70.73,7.31,49.93,2.05,0.34,8.60,30.76,50.28,20.56,4.81,-42.43,-161.68,-42.37
"5465","富驊",42.80,263.81,170.00,107.45,82.53,3.70,98.64,5.47,66.72,5.24,1.08,4.65,9.05,20.43,4.25,1.27,0.00,65.19,-4.59
"5468","凱鈺",29.31,194.30,289.63,133.80,5.06,16.18,22.55,2.50,146.00,1.19,0.54,2.25,3.37,1.79,3.48,0.19,4.44,90.99,0.53
"5474","聰泰",19.66,150.21,248.53,135.56,779.74,63.13,5.78,2.52,144.84,3.26,1.02,17.59,24.29,120.03,21.43,9.66,26.02,88.86,-10.46
"5475","德宏",57.42,514.95,269.68,234.09,43.73,2.59,140.92,5.68,64.26,5.79,0.95,22.72,58.03,38.31,23.55,3.73,14.64,123.32,3.01
"5478","智冠",50.19,2087.36,185.69,183.39,1175.73,13.31,27.42,18.98,19.23,17.17,0.45,6.00,11.54,86.99,13.23,6.84,33.47,294.16,24.81
"5481","新華",23.22,5447.51,1278.89,1246.44,36.72,17.19,21.23,4.03,90.57,5.76,0.06,7.55,9.64,21.41,127.29,1.81,-70.06,-9.73,-7.98
"5483","中美晶",68.81,326.57,258.98,231.95,206.77,7.53,48.47,5.35,68.22,1.66,0.50,9.29,24.78,293.50,18.33,11.62,87.96,152.92,15.27
"5487","通泰",16.81,574.48,902.28,787.61,2107.31,5.96,61.24,3.42,106.72,4.07,0.62,6.88,8.39,30.23,11.04,2.02,204.85,71.90,15.54
"5488","松普",38.66,576.93,369.22,294.02,3.67,3.68,99.18,3.44,106.10,6.47,0.88,0.81,0.84,1.33,0.61,0.08,-7.85,75.59,-2.61
"5489","彩富",34.40,332.91,224.38,160.94,6509.95,4.91,74.33,2.18,167.43,2.62,0.58,4.29,5.90,14.85,7.24,1.25,1.01,59.65,-3.90
"5490","同亨",28.55,2284.63,392.03,280.16,20982.12,3.00,121.66,2.05,178.04,20.88,0.70,5.88,7.96,18.21,8.44,1.41,-50.13,46.61,-24.18
"5493","三聯",42.80,262.55,136.95,90.80,6840.46,4.02,90.79,4.02,90.79,3.33,0.78,9.17,15.32,103.77,11.53,4.65,15.90,75.14,3.25
"5498","凱崴",51.68,155.99,117.54,90.49,347.27,2.11,172.98,3.14,116.24,1.24,0.41,1.45,1.87,2.95,2.39,0.18,-1.33,61.91,-1.49
"6101","寬魚國際",5.40,606.41,1181.96,1073.17,-35834.50,"*****","*****","*****","*****",0.07,0.02,-6.15,-6.45,-6.16,-371.66,-0.63,-79.77,-1.19,-5.44
"6103","合邦",37.64,861.79,252.13,226.98,0.00,4.38,83.33,2.58,141.47,1.46,0.11,-1.26,-2.83,-0.44,-16.24,-0.04,0.00,0.00,0.00
"6104","創惟",47.14,198.81,148.67,87.20,124.10,10.80,33.79,2.08,175.48,3.39,1.04,18.58,33.29,73.92,17.73,6.41,23.91,55.66,5.14
"6109","亞元",54.34,761.55,163.96,105.63,-26.48,3.58,101.95,3.30,110.60,15.09,0.99,-6.53,-14.08,-13.50,-6.76,-1.39,-33.15,-4.52,-23.65
"6111","大宇資",28.89,18920.23,318.95,283.55,272.47,3.70,98.64,5.99,60.93,62.46,0.26,35.63,59.05,160.47,134.00,11.36,54.22,37.02,18.01
"6113","亞矽",60.56,28362.17,139.08,108.19,10.44,5.34,68.35,10.64,34.30,1086.06,2.04,4.22,8.91,9.04,1.90,0.85,-30.33,-162.08,-38.67
"6114","久威",44.38,308.70,197.85,186.17,7.20,3.65,100.00,16.61,21.97,4.59,0.93,0.94,1.18,10.90,0.71,0.33,8.57,223.55,2.90
"6118","建達",61.29,715.78,152.44,76.27,28.71,7.91,46.14,10.23,35.67,64.39,3.57,2.13,5.37,7.85,0.57,0.60,21.45,62.19,30.78
"6121","新普",49.60,479.02,184.67,131.26,1457.38,5.30,68.86,4.78,76.35,11.64,1.37,10.54,22.56,553.12,7.71,34.50,15.85,70.40,4.32
"6122","擎邦",51.08,819.18,178.18,87.17,11.80,31.12,11.72,0.41,890.24,12.18,0.75,2.51,4.82,9.16,3.10,0.79,9.05,48.94,7.00
"6123","上奇",52.52,926.34,152.56,139.09,37.78,6.71,54.39,18.22,20.03,33.72,1.82,13.31,27.22,74.12,7.13,4.87,52.99,179.07,42.63
"6124","業強",28.52,175.36,164.73,125.85,17.00,2.99,122.07,5.54,65.88,1.26,0.52,5.31,7.10,16.43,9.17,1.29,39.10,40.58,12.64
"6125","廣運",54.83,238.22,128.23,90.75,-14.92,7.22,50.55,1.91,191.09,1.37,0.39,-8.76,-19.00,-35.70,-23.64,-1.14,35.10,78.35,13.30
"6126","信音",50.92,232.28,181.04,139.52,78.16,2.86,127.62,4.65,78.49,3.98,1.02,6.14,15.74,36.24,5.90,1.97,34.31,116.00,7.81
"6127","九豪",64.06,142.44,88.43,67.84,2.77,2.63,138.78,2.71,134.68,0.72,0.33,2.80,4.51,7.83,4.92,0.47,7.07,55.41,2.06
"6129","普誠",19.36,525.63,577.40,448.31,9238.91,5.31,68.73,3.69,98.91,3.80,0.71,6.87,8.27,8.90,9.62,0.63,65.11,78.31,6.78
"6130","上亞科技",14.16,609.14,139.10,110.82,5.12,8.40,43.45,12.97,28.14,1.27,0.12,4.53,7.33,9.17,31.98,1.06,64.87,-3.96,7.62
"6134","萬旭",42.81,381.20,164.32,128.10,-4.53,3.02,120.86,3.62,100.82,6.08,0.95,-2.37,-5.12,-5.59,-2.86,-0.54,7.04,50.24,2.44
"6138","茂達",36.64,716.20,291.07,239.15,659.24,5.39,67.71,4.87,74.94,12.03,1.39,24.20,36.60,195.92,17.35,12.90,93.78,117.08,26.91
"6140","訊達電腦",64.95,22558.91,149.73,126.13,7.74,3.13,116.61,11.93,30.59,976.03,1.84,2.19,5.45,9.14,1.03,0.68,13.89,275.97,24.49
"6143","振曜",55.37,531.56,154.83,118.42,41.49,3.69,98.91,4.85,75.25,12.17,1.05,5.63,12.39,45.57,5.20,3.33,20.07,95.64,16.13
"6144","得利影",16.59,756.90,587.67,500.58,-80.64,8.39,43.50,2.35,155.31,4.15,0.46,-6.64,-8.07,-7.85,-14.71,-0.78,77.45,106.71,10.60
"6146","耕興",24.75,198.63,275.42,263.27,250.27,3.86,94.55,5.49,66.48,1.82,0.75,19.55,25.66,146.63,25.80,11.01,156.73,106.97,20.19
"6147","頎邦",22.54,264.97,173.67,154.27,153.83,4.95,73.73,12.75,28.62,1.59,0.56,12.72,16.65,100.56,22.66,9.00,102.65,99.49,8.86
"6148","驊宏資",52.54,29886.28,210.58,191.26,75.00,5.17,70.59,4.48,81.47,270.77,0.59,4.11,8.13,12.91,6.88,0.98,18.88,278.70,5.26
"6150","撼訊",55.99,369.60,166.01,115.28,198.38,8.88,41.10,7.26,50.27,20.07,2.37,29.32,66.27,283.74,12.33,24.00,43.49,66.22,42.28
"6151","晉倫",41.83,210.61,165.39,117.81,95.45,3.96,92.17,6.34,57.57,4.47,1.41,12.93,21.80,51.80,9.08,4.04,26.24,73.08,4.20
"6154","順發",39.28,496.29,224.42,97.04,50.51,92.15,3.96,6.00,60.83,16.91,2.50,7.00,11.26,21.99,2.75,1.76,25.08,103.14,9.20
"6156","松上",58.98,305.68,155.67,133.47,11.19,2.79,130.82,9.25,39.45,6.96,1.16,2.86,6.28,14.47,2.28,1.29,5.54,144.59,3.08
"6158","禾昌",57.79,145.95,115.77,85.36,28.03,2.89,126.29,4.78,76.35,2.93,0.94,7.14,17.18,31.01,7.37,3.09,25.10,43.47,8.98
"6160","欣技",40.37,693.55,224.28,97.48,1286.25,6.15,59.34,1.86,196.23,11.04,1.16,3.18,4.69,6.21,2.54,0.52,-0.62,3.12,-0.28
"6161","捷波",29.48,329.49,255.03,128.92,720.70,16.38,22.28,2.41,151.45,4.14,1.01,13.59,18.45,44.34,13.50,3.28,12.24,74.64,-3.44
"6163","華電網",61.07,1044.71,153.19,84.85,1599.25,4.74,77.00,2.72,134.19,26.13,1.21,3.59,8.62,16.52,2.77,1.43,14.24,34.34,16.87
"6167","久正",27.08,285.05,284.95,183.04,7105.89,6.85,53.28,4.51,80.93,3.10,0.88,4.04,5.33,5.65,4.31,0.50,-22.35,345.42,0.00
"6169","昱泉",27.62,25821.04,89.15,87.02,-17.35,4.92,74.18,"NA","NA",12.33,0.05,-6.98,-10.27,-7.17,-145.13,-0.71,-37.13,-721.79,-10.06
"6170","統振",51.74,330.42,147.04,109.24,14.14,7.89,46.26,3.96,92.17,6.06,0.95,6.93,13.34,22.61,6.89,1.86,0.84,42.26,-0.26
"6171","大城地產",52.55,1555143.26,189.47,22.43,27.67,9174.76,0.03,0.50,730.00,19496.36,0.59,12.34,28.88,56.96,20.60,4.82,-9.72,-7.52,-15.43
"6173","信昌電",29.84,343.03,281.81,225.24,150.89,5.52,66.12,6.06,60.23,2.85,0.70,13.51,19.74,83.57,19.04,6.67,53.49,102.38,4.58
"6174","安碁",20.92,400.40,352.30,197.88,430.91,4.32,84.49,1.91,191.09,3.58,0.76,11.41,13.78,20.89,14.89,1.79,15.09,"NA",2.00
"6175","立敦",38.79,166.09,205.70,137.53,1640.81,4.14,88.16,4.59,79.52,1.75,0.81,11.86,18.78,49.52,13.76,3.45,28.12,69.05,4.13
"6179","亞通",55.39,4545.62,236.40,116.24,6.15,2.75,132.72,"NA","NA",17.19,0.76,4.27,9.18,20.48,4.70,1.84,0.00,0.00,0.00
"6180","橘子",38.22,214.97,157.04,143.32,21119.58,11.71,31.16,49.34,7.39,4.03,1.21,10.81,17.76,82.34,8.87,6.30,73.91,135.85,29.23
"6182","合晶",39.03,167.25,237.62,182.78,11.45,4.44,82.20,2.54,143.70,0.78,0.41,6.63,10.37,34.55,14.91,2.02,54.26,62.41,6.31
"6185","幃翔",17.73,263.37,1113.50,972.53,"NA",3.04,120.06,3.89,93.83,0.56,0.19,-3.78,-4.62,-6.66,-19.01,-0.67,6.34,77.15,"NA"
"6186","新潤",81.61,58765.76,134.96,17.23,148.56,27.13,13.45,0.24,1520.83,455.54,0.25,2.71,15.32,40.81,10.57,3.08,10.65,-65.53,26.18
"6187","萬潤",35.66,439.39,202.00,140.04,1444.96,3.39,107.66,2.22,164.41,5.16,0.83,17.29,25.74,79.60,20.78,6.64,12.77,77.46,0.00
"6188","廣明",39.07,583.23,242.01,206.71,221.64,4.38,83.33,5.35,68.22,7.74,0.84,7.68,12.40,43.68,9.07,3.57,32.33,65.57,13.25
"6190","萬泰科",61.93,273.96,123.56,71.49,9.18,4.70,77.65,4.10,89.02,7.85,1.35,5.47,12.23,23.18,3.58,1.68,-12.61,7.88,-14.16
"6194","育富",19.54,594.25,448.19,352.17,107.03,3.26,111.96,6.03,60.53,4.91,0.73,0.73,0.89,3.25,1.00,0.26,-3.81,41.31,-4.04
"6195","詩肯",53.58,250.68,138.59,75.67,17.85,20.30,17.98,2.15,169.76,2.85,0.81,9.87,21.28,68.57,11.32,5.54,53.84,218.34,11.30
"6198","瑞築",0.66,707080.88,18389.24,16642.89,-82.19,"*****","*****",0.22,1659.09,127.63,0.04,-1.05,-1.09,-1.32,-15.59,-0.14,-1730.88,-2230.92,-8.92
"6199","天品",11.22,11169.91,838.43,339.23,17049.78,13.50,27.03,0.19,1921.05,43.12,0.35,4.13,4.60,6.23,46.79,0.68,-124.28,-100.04,-18.85
"6203","海韻電",40.07,1535.05,361.84,234.36,194.29,5.99,60.93,3.12,116.98,23.78,1.20,18.16,31.86,120.49,15.00,9.42,-12.46,72.16,-15.67
"6204","艾華",31.73,370.66,274.96,230.38,1072.56,8.28,44.08,6.77,53.91,4.30,0.76,35.09,47.18,139.15,46.00,12.41,36.23,44.93,-67.84
"6207","雷科",62.57,285.04,123.29,107.52,14.43,2.68,136.19,3.99,91.47,2.51,0.45,6.99,16.87,33.76,14.69,3.07,6.77,104.35,1.36
"6208","日揚",48.31,155.02,127.06,69.72,47.85,5.97,61.13,1.75,208.57,1.67,0.61,8.01,15.44,41.87,12.85,3.32,27.15,52.15,7.94
"6210","慶生",19.54,233.89,413.82,359.34,1013.99,3.29,110.94,5.73,63.69,2.01,0.68,9.40,11.83,34.68,13.79,2.95,42.52,81.51,-2.34
"6212","理銘",79.95,1359863.87,124.55,8.86,7.84,89.25,4.08,0.25,1460.00,34389.36,0.29,3.77,16.40,51.11,12.69,4.09,-37.19,-58.49,-161.97
"6217","中探針",53.55,224.72,198.75,148.44,26.15,2.85,128.07,3.57,102.24,3.56,0.89,5.05,9.50,29.80,5.47,2.70,17.42,0.42,4.37
"6218","豪勉",37.44,397.47,202.33,125.52,349.65,5.91,61.75,1.47,248.29,3.44,0.62,3.03,4.42,7.54,4.84,0.70,2.59,62.40,-4.74
"6219","富旺",82.38,5313.20,135.53,57.58,1.32,7.00,52.14,0.47,776.59,112.57,0.31,1.04,3.39,6.35,2.13,0.44,3.38,119.65,-2.67
"6220","岳豐",75.70,385.07,152.02,67.15,2.28,4.74,77.00,2.84,128.52,9.15,1.27,1.88,3.88,10.11,0.80,0.76,-27.30,-31.26,-27.85
"6221","晉泰",57.20,534.52,175.25,113.41,4235.62,6.98,52.29,2.96,123.31,11.81,1.23,6.78,15.57,39.74,5.35,2.95,32.88,121.34,31.41
"6222","立軒",3.72,278.71,1020.41,847.17,-543.94,3.08,118.50,17.90,20.39,3.44,0.72,-4.03,-5.18,-0.92,-5.81,-0.38,737.75,40.65,32.09
"6223","旺矽",38.65,207.20,213.94,107.79,122.89,5.13,71.15,1.49,244.96,1.93,0.69,7.44,11.89,88.09,10.69,7.44,25.27,62.20,2.37
"6227","茂綸",68.01,14489.42,148.56,95.75,4786.63,4.05,90.12,6.46,56.50,938.08,2.36,7.14,22.44,71.19,2.96,5.56,-1.20,15.94,-7.92
"6228","全譜",51.71,122.01,108.66,83.94,-0.89,6.82,53.51,2.81,129.89,0.77,0.43,-0.76,-2.44,-1.09,-2.76,-0.13,-2.32,8.32,-1.12
"6229","研通",54.33,1068.20,147.46,122.85,82.30,7.25,50.34,12.51,29.17,42.77,1.71,13.10,26.92,59.12,7.57,4.49,0.00,58.35,-4.41
"6231","系微",34.19,2429.09,298.39,286.13,129.90,10.95,33.33,"*****","*****",44.63,1.06,18.64,28.07,77.96,17.37,5.94,83.16,258.56,20.32
"6233","旺玖",11.72,1042.18,718.78,621.23,9474.88,7.36,49.59,2.47,147.77,4.59,0.42,5.66,6.37,7.55,13.40,0.75,110.48,128.09,9.13
"6234","高僑",35.63,314.21,188.09,137.45,21.39,4.57,79.86,1.53,238.56,1.48,0.31,3.23,4.91,16.04,10.10,1.24,14.86,77.21,4.37
"6236","中湛",6.62,532.09,1036.52,763.26,-10604.00,3.75,97.33,1.27,287.40,3.99,0.39,-6.62,-7.38,-1.69,-17.05,-0.17,146.89,-230.60,10.96
"6237","驊訊",12.59,739.23,433.33,308.50,4032.95,10.32,35.36,3.70,98.64,5.81,0.75,22.77,25.68,61.07,30.15,5.75,82.80,51.59,6.36
"6240","松崗",66.21,6856966.67,33.43,33.42,2852.38,0.92,396.73,"NA","NA",16.80,0.01,2.61,7.69,11.90,198.00,1.13,-0.92,777.59,1.40
"6241","易通展",64.05,1249.34,174.41,43.92,-12516.77,4.90,74.48,1.14,320.17,18.42,0.60,-18.19,-40.74,-25.22,-30.75,-3.15,0.00,10.22,0.00
"6242","立康",20.14,145.62,244.77,208.11,140.52,49.84,7.32,4.00,91.25,1.06,0.61,8.22,10.28,28.60,13.20,2.32,68.43,120.85,-0.27
"6244","茂迪",62.37,212.51,189.08,160.19,2.93,11.16,32.70,7.09,51.48,2.15,0.72,1.90,3.29,3.28,1.83,0.30,55.35,54.35,14.14
"6245","立端",55.24,392.85,207.40,123.19,41.97,6.72,54.31,2.64,138.25,6.25,1.01,7.46,15.52,56.65,7.21,4.65,10.07,65.39,-1.44
"6246","臺龍",68.04,391.98,135.35,100.44,3.18,3.09,118.12,6.58,55.47,16.68,1.53,3.54,8.84,8.89,1.68,0.91,3.25,29.47,3.46
"6248","沛波",70.97,272.70,136.76,105.65,704.10,4.82,75.72,21.85,16.70,14.01,2.31,3.51,10.42,15.66,1.31,1.62,-13.03,-46.37,-21.87
"6259","百徽",33.10,8877.38,330.39,280.56,7.34,2.98,122.48,2.30,158.69,113.72,1.04,0.71,0.84,2.15,0.56,0.03,-14.12,74.05,-4.40
"6261","久元",22.79,284.25,301.71,243.13,229.71,4.17,87.52,4.31,84.68,2.14,0.62,13.04,16.69,108.23,20.87,8.41,67.23,107.38,4.95
"6263","普萊德",20.82,17733.07,490.30,429.48,609.76,14.50,25.17,4.29,85.08,182.65,0.83,18.73,23.45,62.82,22.50,5.14,105.51,116.28,8.27
"6264","富裔",72.18,206.97,133.80,47.99,-0.60,19.61,18.61,0.94,388.29,0.61,0.20,-0.72,-5.15,-4.55,-8.08,-0.19,-31.25,42.89,-27.12
"6265","方方土昶",16.71,1448.04,505.14,318.01,936.67,4.59,79.52,4.33,84.29,16.59,1.01,4.76,5.65,6.81,4.70,0.64,-134.21,168.94,-29.93
"6266","泰詠",45.19,298.69,170.13,77.50,6812.35,5.57,65.52,2.45,148.97,4.74,0.98,6.31,10.14,20.07,6.38,1.59,-11.75,25.40,-17.32
"6270","倍微",37.97,1983.84,214.06,158.12,75.02,5.11,71.42,9.70,37.62,56.53,1.78,7.85,11.44,26.65,4.07,2.36,13.17,-0.24,1.79
"6274","台燿",46.53,359.06,267.10,221.41,80.90,3.18,114.77,6.57,55.55,5.02,1.02,9.22,16.53,89.74,8.90,7.01,23.48,77.74,1.11
"6275","元山",60.53,278.52,183.81,98.84,1948.56,4.57,79.86,3.51,103.98,5.82,1.37,7.25,17.29,34.95,5.01,2.86,0.00,60.31,-4.33
"6276","安鈦克",42.29,2502.93,226.20,165.01,26.05,6.17,59.15,7.45,48.99,99.21,1.92,4.55,8.51,10.78,2.30,1.09,-39.00,69.15,-48.61
"6279","胡連",38.98,144.05,149.43,101.82,72.39,2.40,152.08,2.67,136.70,1.49,0.65,10.59,16.54,95.91,16.08,7.91,19.88,64.03,2.81
"6284","佳邦",41.32,236.37,234.58,180.46,60.44,3.03,120.46,5.02,72.70,2.53,0.78,6.56,10.18,48.02,8.28,4.04,27.01,54.34,4.13
"6287","元隆",89.30,71.53,70.31,40.99,5.15,4.52,80.75,3.81,95.80,4.08,1.01,7.85,76.25,2.40,6.47,0.24,15.09,-1.32,5.44
"6290","良維",46.75,758.90,218.41,139.80,40.86,3.68,99.18,3.36,108.63,9.67,1.06,6.35,10.27,41.96,5.81,3.05,0.00,57.75,-7.97
"6291","沛亨",80.93,419.59,93.94,64.29,3026.24,5.81,62.82,3.67,99.45,19.17,1.04,9.63,11.17,7.03,9.01,1.19,-2.59,-279.06,-15.68
"6292","迅德",45.24,823.45,206.13,178.49,60.08,4.60,79.34,5.20,70.19,9.25,0.62,13.24,23.06,56.61,19.26,5.01,4.87,72.26,-7.10
"6294","智基",52.30,3757.58,156.38,153.02,9185.51,113.42,3.21,0.39,935.89,35.60,0.64,18.72,40.29,139.87,29.09,11.21,45.72,160.00,8.78
"5508","永信建",56.16,52085.75,267.44,14.59,22.01,100.40,3.63,0.29,1258.62,363.96,0.48,15.58,35.88,103.39,32.04,8.90,10.73,-17.99,-2.10
"5511","德昌",62.14,1911.48,171.02,155.97,55.97,13.71,26.62,0.43,848.83,19.38,0.55,4.29,10.53,51.37,7.65,4.15,0.00,76.31,0.00
"5512","力麒",57.24,498.88,161.21,52.29,2.55,4.54,80.39,0.29,1258.62,0.92,0.14,0.91,1.03,5.29,3.15,0.42,0.67,51.80,-0.93
"5514","三豐",34.75,847.60,200.22,78.44,11.00,0.00,"*****",0.00,"*****",0.02,0.11,-0.13,-0.26,-0.13,-130.30,-0.04,-11.88,-7.06,-9.35
"5516","雙喜",74.36,399.98,125.41,68.76,775.43,8.50,42.94,0.52,701.92,12.21,0.97,5.92,18.10,37.48,5.32,2.91,0.00,15.21,0.00
"5520","力泰",27.75,257.61,244.97,214.02,171563.21,3.02,120.86,11.28,32.35,3.18,0.96,12.31,16.91,74.35,12.81,5.56,51.93,113.15,7.01
"5523","豐謙",52.50,8254.45,199.68,65.22,185.89,217.88,1.67,0.53,688.67,161.38,0.56,16.96,41.33,67.55,29.91,5.91,62.40,-3435.52,57.92
"5529","鉅陞",37.10,439.59,259.48,43.18,-12.80,33.89,10.77,0.04,9125.00,0.22,0.04,-8.39,-15.63,-9.43,-250.15,-1.03,-123.16,-153.62,-52.95
"5530","龍巖",66.66,332.15,93.81,21.71,54.54,0.37,986.48,0.07,5214.28,0.55,0.05,2.27,6.81,40.59,41.19,3.36,5.98,129.47,10.63
"5536","聖暉*",60.99,1557.90,176.59,112.23,9006.27,3.89,93.83,0.75,486.66,38.89,1.20,9.30,22.86,380.94,7.68,21.08,-0.80,44.86,-8.60
"5543","桓鼎-KY",63.92,360.98,133.75,81.52,1157.61,4.90,74.48,4.64,78.66,7.24,0.99,6.00,20.40,61.35,5.49,3.26,-4.90,-3.43,-6.68
"5601","台聯櫃",26.05,776.07,701.98,542.10,147.84,19.42,18.79,1.00,365.00,0.33,0.04,0.99,1.33,3.47,23.07,0.28,150.89,110.66,0.54
"5603","陸海",33.15,181.62,186.22,166.19,117.59,3.90,93.58,2.33,156.65,1.65,0.76,28.64,46.01,96.28,37.53,9.20,19.81,70.23,1.24
"5604","中連",15.46,136.80,2493.69,2491.56,1585.00,376.34,0.96,"NA","NA",0.06,0.04,20.43,24.71,67.86,490.09,6.75,746.76,-14.32,-19.75
"5609","中菲行",54.50,814.57,166.39,166.39,176.36,11.30,32.30,"NA","NA",70.49,4.74,28.83,63.13,200.33,6.05,16.98,31.41,328.80,22.60
"5701","劍湖山",79.43,64.59,7.06,5.56,-1.94,29.32,12.44,21.34,17.10,0.14,0.11,-4.23,-27.98,-5.57,-53.93,-0.65,0.73,"NA",0.18
"5703","亞都麗緻",51.37,73.29,69.63,59.98,-25.69,16.89,21.61,22.06,16.54,0.29,0.17,-9.94,-21.43,-17.29,-58.79,-1.77,0.00,52.62,11.22
"5704","老爺知",23.25,157.03,199.12,186.36,3446.25,32.23,11.32,72.48,5.03,1.12,0.55,8.56,11.25,17.73,16.18,1.51,35.35,134.15,-2.23
"5864","致和證",4.73,714.88,184.73,184.69,"NA","NA","NA","NA","NA","NA","NA",9.46,16.16,29.36,66.47,2.79,"NA","NA","NA"
"5878","台名",26.62,1244.49,252.63,250.62,"NA",7.86,46.43,"NA","NA",16.08,1.03,9.48,13.32,37.00,9.19,2.98,70.64,117.23,9.03
"5902","德記",26.55,19217.96,241.33,202.44,283.20,7.97,45.79,11.38,32.07,287.74,1.35,11.14,14.81,19.62,8.22,1.57,26.20,503.20,9.96
"5903","全家",89.65,195.44,50.42,30.48,8.61,"NA","NA",9.15,39.89,5.58,1.30,2.47,20.16,79.80,1.69,6.02,25.39,137.22,45.85
"5904","寶雅",80.07,204.02,124.23,57.91,16.01,"NA","NA",2.31,158.00,5.07,0.73,8.14,37.50,228.03,10.53,18.25,58.53,110.02,10.47
"5905","南仁湖",63.47,449.14,142.49,103.53,-958.81,15.23,23.96,0.54,675.92,0.69,0.15,-2.56,-6.11,-10.22,-19.42,-0.77,2.79,100.27,0.13
"6015","宏遠證",67.64,12410.27,143.91,143.74,"NA","NA","NA","NA","NA","NA","NA",7.44,26.12,41.14,47.50,3.74,14.69,"NA","NA"
"6016","康和證",77.33,"NA",113.06,"NA","NA","NA","NA","NA","NA",4.16,0.11,3.71,16.17,26.38,32.34,2.33,"NA","NA","NA"
"6020","大展證",36.79,2368.03,256.17,256.07,"NA","NA","NA","NA","NA",6.17,0.17,11.60,18.87,37.89,68.11,3.40,"NA","NA","NA"
"6021","美好證",65.96,"NA",156.23,"NA","NA","NA","NA","NA","NA",2.34,0.09,2.13,6.08,11.37,24.60,1.05,"NA","NA","NA"
"6023","元大期貨",87.40,2227.79,112.32,112.30,"NA","NA","NA","NA","NA","NA","NA",0.88,7.11,36.17,22.12,2.97,2.01,122.06,6.18
"6026","福邦證",59.80,36297.30,157.01,156.98,"NA","NA","NA","NA","NA","NA","NA",14.58,33.78,54.77,66.39,5.00,0.00,134.80,0.00
"6411","晶焱",33.05,260.41,187.04,162.92,1177.54,4.62,79.00,4.55,80.21,3.08,0.76,16.97,23.37,122.23,22.25,10.32,82.76,125.08,34.87
"6417","韋僑",27.82,193.88,261.86,170.92,5563.88,7.09,51.48,3.03,120.46,1.69,0.69,7.20,10.52,32.67,10.36,3.02,28.01,52.63,3.49
"6418","詠昇",57.57,111.91,183.63,137.45,-215.00,4.32,84.49,4.64,78.66,3.47,0.99,-2.05,-5.03,-4.33,-2.66,-0.68,6.36,35.54,1.82
"6419","京晨科",42.72,5725.47,267.25,253.20,56.67,12.36,29.53,7.11,51.33,10.83,0.59,15.11,28.61,47.97,24.09,4.87,-4.71,-20.63,-1.94
"6425","易發",66.17,157.88,114.28,83.04,-5.23,2.82,129.43,3.54,103.10,2.63,0.67,-3.51,-11.04,-30.03,-6.10,-2.52,-5.46,13.97,-5.65
"6432","今展科",41.13,708.11,384.04,308.78,56.48,3.31,110.27,5.11,71.42,10.56,1.12,7.34,11.61,38.94,6.45,2.91,-0.18,83.86,-4.04
"6435","大中",41.45,805.59,248.76,174.66,335444.03,6.10,59.83,4.73,77.16,14.86,1.59,22.29,35.91,159.48,14.03,13.09,55.72,88.96,14.44
"6441","廣錠",52.09,323.06,196.56,165.33,-600.79,6.32,57.75,4.43,82.39,2.38,0.54,-4.31,-11.29,-29.30,-8.84,-2.88,-2.24,-12.19,-1.49
"6461","益得",48.58,109.03,141.18,112.22,-14.44,4.23,86.28,0.11,3318.18,0.02,0.01,-10.96,-22.63,-25.95,-775.74,-2.97,0.00,0.00,0.00
"6462","神盾",28.68,7635.64,316.26,270.68,-20.72,7.55,48.34,4.19,87.11,34.65,0.44,-2.62,-3.91,-44.80,-6.26,-3.11,-44.83,97.58,-24.15
"6465","威潤",48.48,0.99,132.22,95.88,-801.98,11.27,32.38,1.90,192.10,0.98,0.35,-7.27,-16.18,-14.60,-22.95,-1.71,-20.03,-25.52,-18.99
"6469","大樹",73.58,130.06,132.88,66.04,15.51,28.64,12.74,5.03,72.56,3.38,1.68,6.51,23.49,72.08,3.61,5.83,38.30,84.68,15.72
"6470","宇智",51.54,1517.11,193.70,154.32,43.30,3.43,106.41,7.15,51.04,35.39,1.07,7.07,15.19,35.56,6.48,3.42,27.03,133.06,9.41
"6482","弘煜科",31.06,413.77,319.38,317.71,125.58,6.64,54.96,"NA","NA",4.68,0.93,7.07,9.70,16.93,7.55,1.34,5.77,-321.27,1.85
"6485","點序",21.26,2023.04,443.21,379.88,541.62,6.83,53.44,2.54,143.70,5.59,1.13,28.77,36.59,145.07,25.46,12.20,168.47,341.86,44.11
"6486","互動",56.30,251.40,146.43,101.35,39.98,3.23,113.00,1.67,218.56,3.81,0.64,9.15,22.55,83.53,13.97,6.73,0.00,64.26,-17.18
"6488","環球晶",69.71,352.31,285.48,254.92,54.44,7.12,51.26,4.89,74.64,1.72,0.50,9.85,26.44,376.11,19.42,27.27,94.34,170.96,16.19
"6492","生華科",4.48,12840.11,2486.51,2472.29,-623.23,5.82,62.71,"NA","NA",0.04,0.01,-14.76,-15.33,-36.59,-59864.91,-3.67,-364.88,-25847.15,-14.93
"6494","九齊",36.34,1151.65,218.61,183.64,2580.02,10.10,36.13,5.88,62.07,28.21,1.61,38.47,57.37,214.27,23.95,17.21,143.81,169.89,47.74
"6496","科懋",33.10,1311.16,612.41,526.81,-121.02,6.81,53.59,4.34,84.10,11.04,0.73,-0.64,-1.25,-2.14,-1.16,-0.34,22.31,120.00,0.56
"6499","益安",4.03,26271.28,1490.88,1474.23,"NA",0.79,462.02,1.77,206.21,4.31,0.02,52.93,59.43,-70.17,2945.96,28.54,"NA",98.88,"NA"
"6506","雙邦",50.67,151.53,153.16,106.20,10.22,5.07,71.99,4.94,73.88,1.55,0.82,3.40,6.01,11.05,3.77,0.83,8.62,104.86,0.20
"6508","惠光",22.96,360.06,353.37,205.33,185.24,4.01,91.02,1.71,213.45,2.93,0.65,10.37,13.92,55.09,15.75,3.85,-13.70,101.59,-6.60
"6509","聚和",49.75,168.52,168.77,99.51,30.28,4.02,90.79,3.01,121.26,1.83,0.75,7.39,14.23,32.52,9.06,2.48,18.66,82.87,2.51
"6510","精測",13.47,192.80,407.30,364.60,112472.92,4.53,80.57,4.78,76.35,1.08,0.50,10.59,12.22,330.37,21.02,27.20,95.30,86.52,7.68
"6512","啟發電",15.10,451.05,535.81,374.39,-1792.29,4.28,85.28,1.54,237.01,2.26,42.30,-7.97,-9.09,-15.06,-18.85,-1.51,-87.65,17.13,-13.76
"6516","勤崴國際",11.46,2350.61,1022.89,1011.02,11090.78,5.12,71.28,11995.76,0.03,9.63,0.30,4.15,4.71,15.47,13.40,1.09,76.36,258.70,6.49
"6517","保勝光學",29.66,787.62,381.24,278.87,130.46,5.43,67.21,3.35,108.95,8.80,1.06,14.82,21.89,24.03,13.89,2.18,66.42,571.10,9.79
"6523","達爾膚",16.17,17312.43,605.70,561.63,486.67,9.12,40.02,3.57,102.24,87.49,0.54,14.49,16.76,82.58,26.78,6.58,103.74,51.65,-33.80
"6527","明達醫",23.40,192.92,275.34,166.07,93.99,6.96,52.44,2.88,126.73,3.48,0.79,8.57,11.08,44.97,10.70,3.24,33.61,54.19,3.76
"6530","創威",12.63,10504.00,783.48,714.80,438.09,5.11,71.42,3.59,101.67,54.04,0.53,7.23,8.20,13.60,13.53,1.09,53.11,126.76,0.06
"6532","瑞耘",21.18,167.92,247.52,183.25,2512.50,6.08,60.03,2.01,181.59,1.19,0.49,9.43,11.67,33.19,18.75,2.63,54.35,63.36,4.61
"6535","順藥",9.79,129237.77,723.34,664.24,"NA",1.48,246.62,0.09,4055.55,8.20,0.01,4.64,5.18,5.88,552.62,0.64,"NA","NA","NA"
"6538","倉和",30.00,696.00,417.00,383.00,63.62,1.71,213.45,4.81,75.88,4.64,0.55,6.47,8.91,57.57,11.65,4.13,139.65,146.49,16.20
"6542","隆中",28.40,13883.41,324.69,318.52,-34298.41,7.54,48.40,152.76,2.38,156.12,0.83,-18.03,-24.56,-46.36,-23.33,-3.89,-33.92,113.98,-14.03
"6546","正基",51.28,911.34,174.44,113.28,269.54,6.04,60.43,4.72,77.33,36.34,1.40,16.86,31.02,85.60,12.04,6.78,30.76,106.37,13.73
"6547","高端疫苗",11.76,393.85,847.50,654.32,235.30,21.48,16.99,3.05,119.67,2.74,0.75,32.20,36.08,66.24,42.98,6.65,132.07,"NA",11.51
"6548","長科*",43.33,424.54,232.51,155.61,52.89,5.15,70.87,5.17,70.59,5.41,0.95,13.13,25.19,617.69,13.59,4.81,38.16,100.47,6.26
"6556","勝品",50.05,169.45,142.72,82.38,36.15,4.46,81.83,3.46,105.49,2.52,0.95,6.38,11.87,56.10,6.52,4.46,-6.66,10.79,-8.17
"6560","欣普羅",28.75,30141.79,378.96,282.37,2985.05,5.92,61.65,6.10,59.83,456.59,1.74,27.27,39.89,116.77,15.65,9.43,84.71,61.77,20.07
"6561","是方",43.70,855.53,487.88,482.22,32.24,12.54,29.10,4.09,89.24,6.51,0.54,13.84,22.58,121.38,24.52,9.75,147.04,121.29,5.47
"6568","宏觀",14.28,660.97,567.05,452.23,573.41,9.03,40.42,2.23,163.67,4.57,0.60,9.71,11.39,60.06,16.14,5.65,35.23,102.26,-2.87
"6569","醫揚",39.20,5224.39,161.93,95.22,54.21,6.14,59.44,3.15,115.87,53.70,0.78,8.31,12.12,46.30,10.53,4.22,3.97,77.34,-7.79
"6570","維田",50.27,165.94,245.97,137.83,29.47,7.76,47.03,2.83,128.97,1.62,0.81,10.28,20.67,42.43,12.33,3.58,29.75,31.81,3.80
"6574","霈方",29.72,1015.31,385.97,341.60,8.51,8.10,45.06,2.40,152.08,13.07,0.74,1.76,2.12,8.13,2.13,0.63,43.39,113.72,7.29
"6576","逸達",19.57,2096.69,1750.78,1708.79,"NA","NA","NA","NA","NA",2.67,0.12,-30.46,-36.15,-44.77,-251.86,-4.85,-286.55,-607.44,-14.35
"6577","勁豐",39.75,2514.17,235.62,183.40,113.03,4.67,78.15,4.10,89.02,37.64,1.07,10.01,14.99,51.19,9.30,4.24,29.82,70.69,0.70
"6578","達邦蛋白",49.55,131.37,180.48,145.59,-14.65,8.93,40.87,9.50,38.42,0.67,0.39,-4.91,-9.08,-21.65,-13.27,-1.92,-19.89,9.91,-3.83
"6584","南俊國際",64.95,107.53,111.92,82.52,5.89,5.34,68.35,7.78,46.91,0.80,0.55,3.04,7.12,20.39,4.27,1.72,3.77,31.07,1.46
"6588","東典光電",20.61,163.41,359.18,288.79,11.60,3.04,120.06,2.01,181.59,0.43,0.19,1.32,1.54,3.74,6.36,0.48,4.79,61.65,-2.43
"6589","台康生技",8.85,569.09,1289.83,1215.91,"NA",19.54,18.67,2.10,173.80,0.91,0.22,-0.34,-0.69,-1.37,-2.51,-0.18,"NA","NA","NA"
"6590","普鴻",27.96,2709.21,276.20,255.67,142.00,2.80,130.35,1.42,257.04,24.68,0.68,14.88,20.20,64.64,21.69,4.64,27.96,62.16,-3.56
"6593","台灣銘板",46.70,128.41,131.25,70.00,7.22,8.37,43.60,3.45,105.79,1.15,0.65,2.21,3.55,10.23,2.91,0.84,30.92,99.81,6.51
"6596","寬宏藝術",42.43,194.23,144.29,79.52,-132.55,9.46,38.58,1.09,334.86,0.99,0.29,-8.21,-13.18,-35.39,-28.36,-2.86,-30.26,133.41,-33.30
"6597","立誠",54.01,170.72,129.15,99.32,9.84,3.64,100.27,4.52,80.75,2.29,0.61,6.68,14.08,19.40,8.16,1.98,20.09,74.65,10.44
"6603","富強鑫",65.68,255.76,170.56,97.84,13.32,3.08,118.50,2.35,155.31,2.84,0.68,1.84,4.85,14.80,2.49,0.80,5.56,29.33,2.90
"6609","瀧澤科",56.26,278.15,159.94,100.11,15.76,3.72,98.11,1.94,188.14,3.08,0.64,4.23,8.44,30.38,6.17,2.51,19.40,65.64,12.25
"6612","奈米醫材",15.00,888.46,480.62,418.21,89.28,5.15,70.87,1.29,282.94,4.06,0.43,4.16,4.90,21.54,9.48,1.74,33.28,81.52,4.51
"6613","朋億*",54.74,1314.87,187.68,122.71,16775.06,3.25,112.30,3.56,102.52,32.29,1.09,9.97,21.32,249.67,9.08,16.75,11.29,76.38,2.88
"6615","慧智",24.06,1406.68,302.82,262.66,37.62,8.46,43.14,6.75,54.07,9.80,0.64,7.39,9.64,29.81,11.16,2.68,64.91,74.25,11.85
"6616","特昇-KY",58.30,279.85,203.92,89.60,-2.00,9.38,38.91,2.40,152.08,3.92,0.97,-2.51,-9.27,-12.60,-3.90,-1.08,8.07,33.81,"NA"
"6624","萬年清",63.82,181.14,164.43,161.67,1.28,4.81,75.88,0.40,912.50,1.27,0.46,0.47,0.25,0.56,0.21,0.04,0.53,-0.09,0.32
"6629","泰金-KY",45.53,175.65,149.32,102.08,27.90,6.19,58.96,3.38,107.98,2.59,0.83,14.75,26.55,76.36,17.05,6.51,39.30,99.90,8.87
"6637","醫影",44.02,209.89,183.50,156.64,27.59,4.47,81.65,8.26,44.18,2.04,0.79,10.42,18.21,45.73,12.71,3.58,53.25,106.77,6.48
"6640","均華",59.36,351.95,147.96,103.68,25.27,2.74,133.21,2.18,167.43,459.66,0.67,7.43,16.06,70.78,10.63,5.84,5.92,75.91,0.00
"6642","富致",29.15,354.26,611.30,542.77,81.40,3.94,92.63,3.54,103.10,3.00,0.40,13.88,19.13,49.82,25.73,4.65,92.01,102.24,7.00
"6643","M31",18.23,247.17,419.92,407.90,15341.85,3.45,105.79,"NA","NA",2.38,0.55,13.76,16.34,92.88,24.97,8.12,83.27,83.11,-1.37
"6649","台生材",23.64,165.70,277.39,244.19,-45.06,9.79,37.28,1.20,304.16,0.15,0.07,-8.28,-10.64,-14.38,-113.84,-1.44,-41.44,-83.28,-7.99
"6651","全宇昕",34.18,3277.84,294.84,205.02,232.50,3.16,115.50,3.07,118.89,53.88,1.29,20.11,33.48,94.32,15.55,7.77,0.57,55.37,-9.21
"6654","天正國際",49.79,1408.76,320.17,277.06,124.84,1.84,198.36,2.92,125.00,9.42,0.62,12.60,22.21,80.64,20.01,6.26,-12.91,48.71,-14.77
"6661","威健生技",26.96,1585.76,298.67,272.64,40.05,4.21,86.69,7.91,46.14,15.10,0.80,3.58,4.87,7.12,4.38,0.59,9.85,154.15,-4.18
"6662","樂斯科",19.84,265.47,590.75,548.45,65.36,5.70,64.03,6.10,59.83,1.14,0.39,7.88,9.73,22.04,19.84,1.76,141.30,76.19,3.41
"6664","群翊",50.91,386.34,159.17,91.90,335.86,5.93,61.55,0.98,372.44,3.50,0.49,8.57,17.21,78.24,17.60,6.12,12.83,94.40,1.11
"6667","信紘科",56.80,219.42,196.97,89.51,27.33,8.40,43.45,0.80,456.25,2.45,0.83,6.36,12.89,42.83,7.34,3.27,15.20,26.69,3.43
"6679","鈺太",24.21,4354.59,266.84,151.91,1023.53,5.41,67.46,2.65,137.73,63.45,1.34,30.88,40.34,178.51,22.86,15.06,69.06,74.42,16.90
"6680","鑫創電子",36.27,473.87,306.96,223.94,4972.16,14.89,24.51,3.13,116.61,4.20,0.70,5.97,8.74,20.57,8.41,1.79,-6.86,51.56,-10.83
"6683","雍智科技",18.54,404.20,418.71,278.77,2621.52,6.76,53.99,1.05,347.61,3.70,0.67,18.91,24.43,194.54,28.33,15.50,82.77,82.61,10.13
"6684","安格",18.38,2888.25,585.33,535.63,390.48,23.44,15.57,3.29,110.94,21.90,0.79,18.76,23.47,75.48,23.70,6.59,132.30,175.44,20.98
"6690","安碁資訊",36.40,2060.14,178.02,177.00,594.55,6.73,54.23,"NA","NA",44.16,1.17,8.99,13.81,63.89,10.19,5.11,96.51,137.93,43.98
"6692","進能服",68.06,1622.18,139.32,108.98,66.98,8.85,41.24,"NA","NA",33.05,0.85,4.52,11.16,26.38,5.22,2.11,16.86,106.61,27.24
"6693","廣閎科",58.29,271.73,169.47,91.80,29.97,8.33,43.81,3.83,95.30,4.67,1.10,11.10,25.09,34.25,9.74,2.91,23.41,17.68,13.99
"6697","東捷資訊",35.57,1832.36,197.22,187.57,104.02,2.30,158.69,45.85,7.96,55.89,1.48,8.16,13.44,31.71,5.47,2.65,54.28,182.44,24.53
"6703","軒郁",15.53,11737.51,616.36,540.69,388.12,13.41,27.21,4.70,77.65,150.73,1.24,13.02,15.54,86.36,10.48,6.84,87.89,100.12,0.00
"6708","天擎",33.09,31937.16,380.30,290.57,34.04,9.79,37.28,2.02,180.69,247.75,0.80,8.09,11.75,14.87,9.85,1.29,12.27,99.82,0.33
"6712","長聖",23.00,2116.93,1519.89,1458.87,643.11,17.89,20.40,3.83,95.30,3.99,0.30,25.69,27.60,64.19,84.22,6.00,140.60,"NA",6.85
"6716","應廣",26.87,5189.07,296.99,274.30,352.44,6.40,57.03,7.29,50.06,80.59,1.04,30.35,41.06,136.00,29.23,11.52,137.48,205.27,33.36
"6720","久昌",36.37,2014.19,222.52,172.13,97.84,4.16,87.74,3.35,108.95,28.05,0.91,12.46,18.05,39.26,13.51,2.40,87.42,134.66,35.51
"6721","信實",49.82,406.62,182.20,180.13,69.41,6.97,52.36,"*****","*****",24.90,2.69,13.42,26.11,68.57,4.91,5.44,37.24,105.75,10.18
"6727","亞泰金屬",77.95,351.37,131.37,80.26,3614.05,4.78,76.35,1.12,325.89,4.41,0.46,4.56,16.75,70.51,9.69,5.75,32.14,90.01,62.00
"6728","上洋",26.64,399.45,317.47,118.17,213.69,13.74,26.56,2.15,169.76,7.59,1.71,23.96,32.98,146.66,13.88,11.74,63.68,41.25,6.67
"6732","昇佳電子",28.57,924.32,310.62,271.77,4351.29,9.56,38.17,6.12,59.64,14.35,0.87,24.73,34.23,402.89,28.28,33.97,74.92,131.63,5.37
"6733","博晟生醫",7.85,22318.12,2923.54,2764.79,-801383.33,3.48,104.88,0.64,570.31,2.07,0.01,-16.49,-17.51,-14.00,-1556.45,-1.37,-517.22,-452.45,-18.59
"6735","美達科技",35.36,182.31,260.48,174.14,237.67,7.14,51.12,0.99,368.68,1.15,0.51,17.36,26.27,55.60,34.17,4.40,38.28,60.75,-1.23
"6739","竹陞科技",34.68,288.19,205.94,125.43,30.26,3.56,102.52,1.47,248.29,2.51,0.64,3.41,4.83,8.00,5.14,0.62,-13.32,-20.67,-6.95
"6741","91APP*-KY",42.46,9791.70,221.00,220.46,1290.47,23.01,15.86,"NA","NA",54.41,0.37,9.94,18.29,62.03,27.13,2.58,-15.26,630.86,-10.84
"6747","亨泰光",13.93,498.58,573.57,539.80,403.48,7.73,47.21,5.18,70.46,2.56,0.57,21.43,25.12,123.29,37.30,10.01,143.16,144.91,5.73
"6751","智聯服務",45.23,4341.02,212.40,198.69,690.29,3.54,103.10,35.88,10.17,182.34,1.95,5.02,8.74,30.68,2.57,2.44,25.55,9.92,11.74
"6752","叡揚",56.17,134.43,122.16,99.64,308.83,8.75,41.71,49.39,7.39,2.15,0.74,8.43,17.24,55.25,11.41,4.70,29.20,89.34,12.09
"6761","穩得",41.54,997.85,238.48,155.06,40.85,3.67,99.45,3.61,101.10,19.26,1.38,14.10,24.57,100.05,9.95,8.54,-2.05,36.55,-7.40
"6762","達亞",32.60,906.32,940.08,834.22,2108.14,5.59,65.29,3.69,98.91,3.10,0.33,8.39,12.02,75.34,24.51,6.04,68.40,78.99,0.00
"6763","綠界科技*",87.87,3843.86,115.09,115.00,354.09,225.65,1.61,"NA","NA",117.14,0.40,9.06,75.91,270.16,22.56,21.42,17.55,342.69,92.30
"6767","台微醫",23.17,616.58,556.23,476.51,-125.03,4.23,86.28,0.80,456.25,2.24,0.32,-10.47,-12.94,-16.27,-32.79,-1.64,-35.85,-170.87,-5.10
"6785","昱展新藥",1.03,6531.50,11867.41,11651.52,"NA","NA","NA","NA","NA","NA","NA",-11.23,-11.34,-11.27,"NA",-1.13,"NA","NA","NA"
"6788","華景電",21.30,651.67,501.35,357.67,299.17,7.32,49.86,1.62,225.30,5.33,0.78,16.45,21.29,86.00,21.08,7.08,38.44,72.46,-0.56
"6791","虎門科技",46.10,386.44,189.78,183.87,74.85,3.91,93.35,30.43,11.99,5.52,0.85,12.97,22.93,48.59,15.02,3.85,35.66,159.06,6.93
"6803","崑鼎",52.00,253.68,207.10,199.70,5852.77,3.96,92.17,"NA","NA",1.61,0.54,8.39,17.11,194.36,15.29,13.15,83.72,131.29,12.16
"6804","明係",63.74,127.70,120.56,38.43,9.16,8.23,44.34,2.65,137.73,2.03,0.96,2.98,7.04,22.92,2.75,1.85,"NA",1.83,"NA"
"6811","宏碁資訊",78.58,29761.67,124.48,114.30,2754.35,3.97,91.93,20.28,17.99,1611.55,1.65,7.55,34.81,100.47,4.57,7.79,10.35,353.83,19.12
"6821","聯寶",41.66,397.00,182.34,149.18,14.46,3.38,107.98,6.53,55.89,3.23,0.57,3.84,6.23,10.16,6.39,1.12,8.75,71.94,-0.95
"6823","濾能",48.46,526.28,178.47,92.61,164.17,7.40,49.32,2.83,128.97,16.02,1.44,16.98,27.84,68.62,11.70,5.46,6.69,38.96,3.55
"6829","千附精密",31.47,202.99,205.11,143.62,156.64,9.76,37.39,4.16,87.74,1.70,0.96,14.54,20.94,58.22,15.01,4.90,59.37,236.86,11.14
"6840","東研信超",47.28,194.18,182.74,179.81,23.38,6.14,59.44,"NA","NA",1.61,0.70,11.28,20.90,63.71,15.66,5.62,80.62,203.30,17.92
"6841","長佳智能",2.51,4514.45,4527.93,4514.44,"*****",34.14,10.69,5.50,66.36,1.37,0.02,-3.43,-3.51,-7.52,-141.73,-0.61,"*****","*****","*****"
"6843","進典",42.79,269.84,172.07,103.32,39.02,3.94,92.63,2.04,178.92,3.52,0.83,7.84,13.21,31.76,9.14,2.45,9.71,116.13,-3.49
"6844","諾貝兒",41.40,314.58,239.50,123.37,2163.52,380.98,0.95,3.06,119.28,4.42,1.05,7.66,12.32,111.64,6.93,8.79,52.63,54.72,8.08
"6846","綠茵",26.92,741.19,369.49,307.20,124.46,6.70,54.47,2.94,124.14,7.47,0.86,16.52,23.46,69.23,19.14,5.46,88.75,113.12,15.06
"6855","數泓科",17.21,564.41,490.88,368.86,"NA",5.82,62.71,2.52,144.84,5.11,0.86,18.63,23.31,62.54,21.67,5.34,-3.27,76.06,-5.41
"6856","鑫傳",16.30,783.85,545.41,539.47,587.19,11.12,32.82,1037.35,0.35,8.91,0.82,19.45,23.12,56.67,23.64,4.51,151.87,121.30,3.80
"6859","伯特光",26.75,202.11,355.64,309.09,62.65,5.28,69.12,5.83,62.60,1.34,0.60,9.90,13.83,61.67,16.18,5.41,163.11,104.39,19.41
"6865","偉康科技",34.33,4246.94,281.74,280.68,10127.88,7.14,51.12,"NA","NA",62.62,1.36,20.53,35.93,61.50,14.96,5.54,-5.86,"NA",-6.25
"6870","騰雲",42.80,4224.65,174.33,156.59,32.10,1.68,217.26,6.21,58.77,92.57,0.82,11.06,21.35,33.63,13.06,3.22,-17.54,-179.77,-22.42
"6874","倍力",51.58,11093.25,186.84,171.36,22.57,4.43,82.39,17.69,20.63,333.02,2.41,17.13,36.58,67.46,6.78,6.27,34.85,82.65,29.30
"6875","國邑*",9.36,4926.49,1439.20,1396.33,-21026.77,"*****","*****","*****","*****",0.00,0.00,-45.23,-54.72,-52.42,"*****",-3.02,0.00,0.00,0.00
"6877","鏵友益",40.88,325.11,388.22,340.12,42.96,4.38,83.33,3.68,99.18,3.26,0.72,12.61,23.75,35.31,17.07,4.05,34.37,12.23,5.77
"6904","伯鑫",54.33,162.44,337.54,174.79,61.09,9.14,39.93,2.76,132.24,1.42,0.79,12.30,26.74,94.24,15.38,7.55,67.27,48.86,7.11
"6922","宸曜",41.23,1381.64,231.12,112.03,30227.91,14.45,25.25,2.08,175.48,32.13,1.64,21.22,33.97,80.40,12.86,6.27,34.44,"NA",10.22
"7402","邑錡",53.97,8953.40,527.32,392.79,22.61,9.50,38.42,2.82,129.43,69.99,0.95,6.70,11.47,18.42,6.85,1.56,43.93,97.63,7.07
"7556","意德士科技",16.57,436.57,401.22,374.07,282.73,5.42,67.34,6.60,55.30,2.57,0.53,11.33,13.49,58.32,21.42,4.62,100.99,101.69,12.82
"7584","樂意",56.61,417.79,189.93,186.71,257.77,11.12,32.82,"NA","NA",8.60,1.16,21.09,43.32,101.70,18.07,8.18,82.26,154.82,17.09
"8024","佑華",12.71,506.11,792.65,746.25,0.00,6.22,58.68,7.35,49.65,4.03,0.69,10.49,11.85,17.37,14.12,1.68,184.48,198.56,18.39
"8027","鈦昇",33.09,590.35,281.46,166.75,50.61,3.86,94.55,1.83,199.45,5.79,0.83,8.10,12.57,30.45,9.59,2.62,2.04,-5.52,-2.52
"8032","光菱",41.16,2114.45,188.20,139.86,3741.18,3.75,97.33,5.32,68.60,43.79,1.31,5.33,8.61,41.41,3.94,2.91,-6.34,154.48,-6.76
"8034","榮群",15.89,22594.36,643.80,433.86,176.08,4.45,82.02,1.20,304.16,166.14,0.66,10.13,11.78,15.14,15.17,1.28,46.26,65.90,8.35
"8038","長園科",53.44,230.28,562.70,368.47,-12.46,1.79,203.91,0.52,701.92,0.16,0.06,-10.96,-23.44,-21.19,-191.17,-2.05,"NA",1.64,"NA"
"8040","九暘",26.27,279.92,270.83,236.64,70.70,21.61,16.89,6.77,53.91,3.99,1.09,6.07,8.47,8.55,5.52,0.91,13.98,354.71,2.31
"8042","金山電",53.10,337.37,212.85,147.62,791.20,2.63,138.78,2.72,134.19,2.56,0.55,2.39,4.26,16.27,3.74,1.24,11.45,56.49,3.35
"8043","蜜望實",51.23,2324.94,196.49,148.27,804.42,2.24,162.94,7.69,47.46,51.72,1.25,2.85,5.63,21.62,2.28,1.76,-3.54,21.81,-3.79
"8044","網家",68.67,1303.82,128.08,109.92,7.17,20.43,17.86,23.85,15.30,50.76,1.99,0.52,1.06,18.79,0.13,0.84,6.17,27.29,3.97
"8047","星雲",26.42,564.96,285.90,153.56,99205.00,10.43,34.99,2.28,160.08,7.55,0.98,2.83,3.69,4.52,2.74,0.43,1.59,47.38,-0.57
"8048","德勝",22.93,446.19,378.89,298.43,22205.00,6.14,59.44,3.40,107.35,3.52,0.65,11.81,15.14,32.61,18.09,2.94,-3.72,50.05,-9.57
"8049","晶采",18.90,679.42,368.85,231.53,19094.97,9.59,38.06,3.50,104.28,6.54,0.88,13.57,16.76,32.22,15.26,2.61,42.58,93.41,-0.91
"8050","廣積",44.87,337.18,181.36,116.65,7.58,7.09,51.48,2.73,133.69,2.55,0.56,2.49,3.77,16.28,3.87,2.69,13.33,4.88,1.18
"8054","安國",11.17,13774.33,630.95,554.27,15391.32,12.97,28.14,2.97,122.89,54.91,0.44,8.90,10.15,36.03,20.19,3.25,-14.46,48.87,-3.30
"8059","凱碩",32.38,6330.72,139.67,105.03,-209.29,3.20,114.06,10.03,36.39,57.62,0.62,-5.70,-7.87,-7.98,-8.90,-0.80,0.00,76.22,0.00
"8064","東捷",58.92,524.06,162.08,101.09,32.86,2.42,150.82,1.52,240.13,6.15,0.61,5.43,13.07,32.63,8.58,2.12,60.58,136.46,49.95
"8066","來思達",66.24,914.62,143.50,125.13,12.46,6.69,54.55,52.44,6.96,67.11,2.83,5.71,6.20,48.59,1.84,1.11,7.64,98.61,0.26
"8067","志旭",53.00,180.17,150.48,72.55,-7.71,6.33,57.66,1.18,309.32,2.11,0.61,-5.64,-14.99,-8.81,-12.02,-0.92,0.00,0.00,0.00
"8068","全達",45.34,1735.60,94.64,77.63,-5.78,1.14,320.17,4.12,88.59,10.72,0.33,-2.89,-6.28,-5.21,-9.85,-0.52,28.63,-2.67,19.87
"8069","元太",37.38,732.56,107.98,83.00,67.12,8.47,43.09,3.57,102.24,4.20,0.38,10.16,15.68,56.88,26.21,4.53,26.29,73.37,3.92
"8071","能率網通",57.35,366.65,154.77,125.42,10.13,5.05,72.27,7.91,46.14,6.72,1.05,3.71,8.50,21.05,3.15,1.07,1.15,106.91,-0.77
"8074","鉅橡",46.70,150.69,132.72,85.49,1216.12,3.49,104.58,2.55,143.13,1.45,0.56,3.51,5.57,12.69,5.79,0.94,8.52,57.41,1.27
"8076","伍豐",44.27,1222.51,129.50,86.74,7.41,3.60,101.38,1.73,210.98,7.40,0.40,2.54,3.84,6.51,5.48,0.55,6.58,198.89,4.82
"8077","洛碁",86.85,361.44,31.62,29.76,-414.37,20.41,17.88,"NA","NA",0.44,0.10,-7.61,-53.96,-32.58,-92.55,-3.30,12.69,271.52,2.78
"8080","泰霖",97.10,254.45,62.09,41.75,3275.29,0.92,396.73,4.11,88.80,10.59,0.86,391.90,-236.79,-22.76,-15.21,-1.21,-2.15,-59.09,-9.02
"8083","瑞穎",46.57,166.14,159.18,96.86,7304.00,3.23,113.00,3.09,118.12,2.65,1.05,16.52,28.69,126.81,15.48,10.08,18.94,53.08,-13.18
"8084","巨虹",69.13,469.31,108.91,59.62,-571.24,2.81,129.89,2.75,132.72,6.23,0.74,-4.92,-15.95,-9.26,-7.57,-0.83,-0.81,-80.96,-0.69
"8085","福華",47.27,415.82,617.23,546.65,373.00,3.65,100.00,4.90,74.48,1.48,0.32,1.58,2.29,2.71,3.65,0.24,-5.17,-103.76,-0.54
"8086","宏捷科",10.82,185.30,487.02,392.55,0.00,10.44,34.96,5.85,62.39,1.45,0.54,9.69,10.83,49.62,17.89,4.29,161.62,98.62,7.59
"8087","麗升能源",44.84,283.95,62.90,38.69,-1710.78,2.73,133.69,22.11,16.50,0.67,0.16,-5.77,-9.10,-8.38,-36.74,-0.84,-9.93,196.04,-2.97
"8089","康全電訊",29.21,1909.68,322.60,185.43,-28.09,4.37,83.52,2.17,168.20,17.88,0.86,-1.30,-1.96,-5.13,-1.57,-0.46,-83.11,39.21,-37.88
"8091","翔名",25.62,174.44,392.20,288.36,8974.08,5.35,68.22,2.87,127.17,0.99,0.49,8.28,10.51,71.18,16.49,5.92,70.37,54.84,4.66
"8092","建暐",63.00,121.00,117.00,37.00,-219.00,3.88,94.07,1.02,357.84,0.97,0.43,-2.29,-7.40,-6.07,-6.54,-0.58,1.33,-13.05,1.16
"8093","保銳",51.24,176.06,92.39,18.33,-14.47,5.24,69.65,1.53,238.56,2.09,0.63,-6.92,-14.09,-8.92,-11.58,-0.83,-24.55,-42.50,-33.66
"8096","擎亞",70.07,1644.52,138.40,96.27,4.11,8.30,43.97,14.81,24.64,206.55,4.00,3.42,6.73,14.81,0.56,1.13,-16.78,-160.78,-41.18
"8097","常珵",52.38,1199.57,246.80,176.08,-0.35,5.05,72.27,4.90,74.48,4.44,0.40,-0.54,-2.77,-2.67,-3.35,-0.31,-43.13,20.48,-8.97
"8099","大世科",55.75,1449.15,161.32,115.42,151.15,6.17,59.15,4.93,74.03,38.05,1.43,6.03,12.89,25.13,4.17,2.01,23.02,83.09,12.03
"8107","大億金茂",49.49,213.86,190.29,156.70,2.94,4.11,88.80,6.79,53.75,0.85,0.36,1.15,1.46,2.97,2.23,0.27,26.46,32.84,3.80
"8109","博大",49.74,342.06,236.96,208.21,49.40,12.66,28.83,2.45,148.97,1.97,0.43,11.22,21.71,62.95,25.67,5.28,32.09,75.02,6.23
"8111","立碁",35.44,331.79,208.91,179.44,53.19,3.50,104.28,3.29,110.94,2.08,0.50,18.01,28.06,36.72,35.15,3.61,9.04,131.94,-1.35
"8121","越峰",55.41,193.50,145.87,97.47,976.76,4.22,86.49,3.34,109.28,2.23,0.77,2.61,4.73,7.85,2.94,0.32,4.45,67.17,1.27
"8147","正淩",43.07,196.62,217.10,179.57,33.19,4.24,86.08,5.50,66.36,2.50,0.90,3.76,6.00,21.04,4.02,1.29,22.75,66.47,3.10
"8155","博智",41.84,201.97,169.44,135.82,264.07,3.10,117.74,5.51,66.24,3.15,0.92,12.36,20.19,94.82,13.45,7.85,9.29,89.45,-6.10
"8171","天宇",45.94,1740.06,359.39,239.19,-950.60,12.20,29.91,3.28,111.28,14.41,0.70,-4.86,-9.49,-12.07,-7.53,-1.22,-65.73,-269.61,-18.16
"8176","智捷",18.45,403.08,421.66,254.06,369.86,3.37,108.30,0.87,419.54,1.50,0.33,0.19,-0.67,2.60,-1.58,-1.27,-114.14,68.12,-16.79
"8182","加高",39.98,192.58,197.40,140.58,5212.49,4.39,83.14,3.41,107.03,1.76,0.67,9.67,15.49,61.41,14.21,4.76,44.44,64.29,8.06
"8183","精星",44.53,305.63,187.72,152.83,87.40,2.32,157.32,7.08,51.55,4.95,1.12,12.52,21.74,52.10,11.09,4.16,10.26,72.64,2.35
"8227","巨有科技",37.57,294.67,227.63,182.84,1891.54,12.69,28.76,4.71,77.49,4.72,1.21,12.54,19.73,19.93,10.38,1.75,73.97,210.75,33.73
"8234","新漢",64.46,208.12,115.10,53.05,9.36,4.02,90.79,2.45,148.97,4.48,0.85,2.23,5.40,14.54,2.09,1.00,-12.00,25.83,-20.13
"8240","華宏",55.30,315.77,166.36,135.72,2771.00,2.86,127.62,7.82,46.67,6.44,1.20,5.23,11.08,71.45,4.17,4.39,15.05,96.37,6.29
"8255","朋程",33.28,240.48,99.37,70.64,30.07,6.24,58.49,4.39,83.14,1.40,0.43,5.57,7.85,58.40,12.60,5.25,18.58,50.75,2.88
"8277","商丞",12.13,237.48,675.69,500.56,-8078.06,6.61,55.21,2.66,137.21,1.11,0.41,-11.00,-12.74,-8.38,-27.36,-0.78,0.00,72.68,0.00
"8279","生展",26.67,234.48,243.21,167.93,93.46,4.27,85.48,3.17,115.14,1.74,0.65,10.58,14.00,109.03,16.16,8.77,80.38,78.34,9.85
"8284","三竹",32.97,495.93,248.54,242.76,2834.85,8.69,42.00,12.76,28.60,10.11,1.40,12.01,18.08,49.53,8.53,4.06,27.61,162.92,3.55
"8289","泰藝",37.05,414.11,259.44,188.04,9174.97,4.28,85.28,2.75,132.72,5.88,1.04,6.85,15.22,44.25,9.40,3.12,31.23,75.68,9.52
"8291","尚茂",62.04,125.01,131.56,101.92,-951.63,3.63,100.55,4.31,84.68,0.88,0.44,-6.26,-20.12,-6.55,-15.33,-0.66,-6.48,46.18,-1.30
"8299","群聯",40.80,619.41,227.68,138.25,513.34,8.48,43.04,2.93,124.57,11.07,1.13,14.76,22.49,494.11,13.02,41.34,23.35,56.80,1.33
"8342","益張",46.54,139.69,138.99,100.37,38.39,6.29,58.02,7.56,48.28,2.43,1.11,9.01,15.68,46.79,7.90,3.73,14.32,33.86,"NA"
"8349","恒耀國際",64.75,180.35,125.90,60.77,7.24,4.44,82.20,2.38,153.36,2.51,0.78,3.25,7.62,37.01,3.58,3.03,0.16,55.59,-1.87
"8354","冠好",44.36,116.26,130.66,88.19,15.75,3.58,101.95,2.87,127.17,0.35,0.22,7.36,13.19,31.13,31.64,3.06,-2.31,25.56,-2.78
"8358","金居",26.28,260.40,279.51,239.09,316.75,4.91,74.33,10.78,33.85,4.27,1.18,20.23,26.89,75.41,17.08,6.03,80.45,132.89,9.20
"8383","千附",32.49,234.38,210.36,127.92,-22.74,7.49,48.73,"NA","NA",2.12,0.66,-2.93,-4.47,-4.40,-4.47,-1.33,23.19,67.02,2.20
"8390","金益鼎",18.77,710.69,449.40,318.74,366.29,10.25,35.60,3.96,92.17,7.49,1.06,12.57,15.65,45.48,11.82,3.47,91.67,159.89,12.87
"8401","白紗科",33.00,184.10,235.86,215.55,26.96,4.55,80.21,17.74,20.57,2.07,0.91,8.22,12.54,16.44,8.76,1.96,55.33,140.07,6.59
"8403","盛弘",36.47,824.91,214.38,191.65,14.29,3.58,101.95,8.18,44.62,6.07,0.65,3.53,5.18,22.61,5.02,2.04,24.47,95.83,6.25
"8409","商之器",48.35,176.76,123.65,77.46,-16.25,3.88,94.07,0.99,368.68,1.07,0.37,-4.05,-7.49,-7.19,-11.21,-0.73,"NA","NA","NA"
"8410","森田",25.03,241.43,249.96,217.16,24.07,2.29,159.38,5.09,71.70,1.87,0.55,2.15,2.76,13.43,3.71,1.14,51.15,117.35,6.39
"8415","大國鋼",44.59,1037.62,213.12,86.44,32.45,10.04,36.35,1.43,255.24,7.81,0.67,11.55,20.08,45.18,16.68,3.50,62.52,44.83,19.40
"8416","實威",22.39,602.97,416.03,389.75,2373.45,3.03,120.46,9.64,37.86,6.34,0.88,20.52,26.43,146.33,23.18,11.35,100.02,136.76,9.81
"8421","旭源",78.31,66.21,73.65,48.47,-2.78,3.63,100.55,3.16,115.50,1.59,0.57,-3.96,-20.95,-20.89,-9.02,-2.07,4.98,63.19,7.55
"8423","保綠-KY",33.42,143.51,269.28,215.18,11.62,6.22,58.68,7.19,50.76,0.87,0.52,3.80,5.29,10.13,6.67,0.75,65.40,250.37,4.94
"8424","惠普",12.84,167.43,371.31,280.32,8306.00,3.75,97.33,6.20,58.87,1.32,0.72,13.53,15.48,57.58,18.63,4.61,93.72,77.77,-0.29
"8426","紅木-KY",61.21,138.33,142.45,95.71,1.20,6.65,54.88,5.50,66.36,1.48,0.77,1.87,0.79,0.58,0.41,0.12,14.47,40.11,4.83
"8431","匯鑽科",40.51,229.39,156.93,146.55,28.23,2.82,129.43,30.50,11.96,2.60,0.74,14.62,23.12,66.48,17.20,4.24,54.13,82.68,20.57
"8432","東生華",7.34,4754.41,1072.23,971.72,770.36,3.94,92.63,2.20,165.90,17.21,0.34,3.93,4.35,16.03,11.39,1.23,80.08,70.82,-0.04
"8433","弘帆",54.14,541.48,114.91,107.73,19.20,4.70,77.65,466.15,0.78,8.06,0.88,6.83,14.26,48.17,7.39,4.00,-8.08,70.01,-11.84
"8435","鉅邁",26.13,464.82,384.75,337.36,481.50,6.44,56.67,5.92,61.65,4.28,0.78,12.97,16.99,53.81,16.54,4.03,81.49,125.94,5.91
"8436","大江",37.18,222.60,175.80,149.57,86.23,10.40,35.09,6.33,57.66,2.06,0.64,12.26,19.20,169.94,18.83,13.17,35.53,112.45,5.15
"8437","大地-KY",23.45,1101.82,219.44,206.46,25.93,2.60,140.38,1.05,347.61,2.28,0.16,7.62,9.93,63.76,44.86,5.36,68.72,94.40,31.00
"8440","綠電",17.84,182.71,342.78,273.63,84.72,12.31,29.65,10.86,33.60,2.78,1.25,8.12,9.47,16.74,6.01,1.37,100.39,-404.85,11.06
"8444","綠河-KY",75.65,31.71,25.38,15.67,496.36,14.77,24.71,9.41,38.78,0.81,0.67,5.41,18.19,45.55,6.67,4.62,7.28,19.44,11.53
"8446","華研",51.12,53098.94,124.17,122.12,37.48,21.12,17.28,0.26,1403.84,210.64,0.27,11.46,23.25,117.31,41.40,6.56,24.41,124.24,34.78
"8450","霹靂",37.22,227.29,444.85,362.46,-42.13,5.98,61.03,1.31,278.62,0.93,0.25,-13.65,-19.02,-46.51,-55.76,-4.60,-30.98,-5.55,-3.92
"8455","大拓-KY",58.28,206.58,171.12,150.70,4.64,2.97,122.89,13.41,27.21,2.59,0.85,1.23,1.98,12.36,1.02,1.00,2.64,217.63,0.97
"8472","夠麻吉",49.85,14378.86,158.90,137.17,51.86,40.10,9.10,"NA","NA",310.18,1.30,1.00,1.99,8.60,3.53,0.61,-13.51,87.52,-21.52
"8477","創業家",53.47,4739.84,184.41,183.21,-54.56,48.27,7.56,720.88,0.50,520.58,3.77,-2.97,-6.27,-13.65,-0.81,-1.06,-10.45,61.49,-23.34
"8489","三貝德",47.37,571.23,165.76,159.56,22.04,8.35,43.71,1.14,320.17,10.67,0.70,2.51,7.15,15.64,3.34,-0.80,36.85,257.79,19.00
"8905","裕國",27.16,253.86,265.72,108.60,4883.09,7.00,52.14,1.41,258.86,2.25,0.67,8.00,11.36,27.24,11.80,2.53,81.42,76.12,18.61
"8908","欣雄",55.81,119.71,101.71,63.90,95.10,12.50,29.20,8.07,45.22,1.75,0.97,7.32,16.49,27.10,7.45,2.16,29.11,78.31,7.73
"8916","光隆",39.93,370.84,213.71,111.22,44.90,8.57,42.59,3.43,106.41,4.69,1.02,6.34,10.44,40.76,6.08,3.58,-19.96,36.37,-13.05
"8917","欣泰",53.34,147.10,195.59,191.04,1372.00,9.79,37.28,32.87,11.10,0.86,0.46,6.51,13.90,27.36,14.20,2.21,61.81,87.56,7.70
"8921","沈氏",16.09,328.09,274.75,215.06,304.64,4.89,74.64,5.47,66.72,1.77,0.50,1.40,1.66,3.16,2.80,0.31,23.57,103.89,0.84
"8923","時報",44.54,24239.71,162.24,122.15,74.01,2.95,123.72,1.77,206.21,158.83,0.56,3.87,3.43,12.14,6.86,1.00,25.63,193.22,12.89
"8927","北基",59.14,119.53,106.22,68.85,3.48,189.06,1.93,8.93,40.87,1.42,0.69,2.44,4.75,6.84,2.53,0.69,11.83,29.07,1.82
"8928","鉅明",66.90,143.77,115.39,84.35,2009.14,2.99,122.07,4.82,75.72,3.37,1.03,9.00,25.88,58.21,7.74,4.70,-6.55,20.69,-8.84
"8929","富堡",32.14,446.26,300.31,263.53,"NA",5.33,68.48,6.66,54.80,4.42,0.67,-5.16,-7.88,-14.85,-8.45,-1.32,"NA","NA","NA"
"8930","青鋼",45.48,201.91,500.04,337.06,13.40,4.39,83.14,4.22,86.49,1.24,0.59,4.15,6.86,12.44,6.48,1.00,-32.23,24.39,-5.65
"8931","大汽電",53.71,144.44,295.64,187.12,13.56,9.54,38.25,7.61,47.96,0.79,0.46,4.20,8.45,17.38,8.53,1.39,55.82,71.43,0.67
"8932","智通*",55.73,265.18,175.14,139.61,-299.85,5.28,69.12,4.83,75.56,2.14,0.59,-3.91,-10.50,-11.37,-7.10,-1.21,8.36,23.77,2.28
"8933","愛地雅",61.84,422.90,129.65,55.55,435.05,6.53,55.89,2.66,137.21,8.05,0.88,2.29,4.91,4.53,1.79,0.29,-18.51,-51.63,-20.51
"8935","邦泰",55.67,147.37,117.06,63.60,3.05,4.32,84.49,4.01,91.02,1.79,0.77,3.25,5.59,4.43,3.15,0.52,5.94,-44.21,2.54
"8936","國統",49.24,625.54,142.11,73.22,6.00,5.30,68.86,1.42,257.04,3.18,0.36,3.13,4.94,19.80,7.08,1.81,0.87,70.43,-0.26
"8937","合騏",30.00,482.97,245.54,188.41,32.64,17.43,20.94,1.16,314.65,0.81,0.13,-5.96,-7.96,-9.60,-45.45,-0.79,-32.35,-63.71,-8.95
"8938","明安",56.62,211.60,135.99,81.96,62.68,4.63,78.83,4.93,74.03,5.93,1.42,12.37,27.60,134.62,8.59,10.01,11.60,65.55,4.84
"8941","關中",58.30,938.13,119.44,68.22,1428.21,6.72,54.31,5.83,62.60,26.70,1.50,5.88,12.82,39.03,3.58,3.60,0.02,76.29,-8.29
"8942","森鉅",47.84,358.65,125.66,107.04,44.37,5.08,71.85,3.22,113.35,1.27,0.34,9.74,16.13,90.44,23.91,7.81,1.70,88.89,-7.05
"9949","琉園",15.66,348.17,584.65,227.30,-52.79,7.71,47.34,0.39,935.89,1.48,0.37,-6.07,-7.44,-7.56,-16.53,-0.76,-40.78,-70.71,-3.68
"9950","萬國通",92.26,74.00,52.70,23.13,-1031.87,6.60,55.30,2.00,182.50,0.34,0.24,-13.12,-96.46,-42.13,-60.52,-4.21,-19.51,-72.17,-9.95
"9951","皇田",41.93,251.84,192.59,122.75,14154.77,4.86,75.10,3.11,117.36,3.24,0.89,7.52,12.87,65.89,8.37,5.33,32.75,118.06,5.98
"9960","邁達康",56.89,17585.90,147.37,127.33,28.45,18.42,19.81,7.88,46.31,227.52,0.97,8.72,16.86,35.69,8.60,2.54,25.05,257.22,14.43
"9962","有益",35.40,418.38,243.01,39.95,126.76,24.66,14.80,2.70,135.18,9.74,1.85,10.09,13.84,19.43,5.40,1.55,0.00,49.53,0.00