"公司代號","公司簡稱","財務結構-負債佔資產比率(%)","財務結構-長期資金佔不動產、廠房及設備比率(%)","償債能力-流動比率(%)","償債能力-速動比率(%)","償債能力-利息保障倍數(%)","經營能力-應收款項週轉率(次)","經營能力-平均收現日數","經營能力-存貨週轉率(次)","經營能力-平均售貨日數","經營能力-不動產、廠房及設備週轉率(次)","經營能力-總資產週轉率(次)","獲利能力-資產報酬率(%)","獲利能力-權益報酬率(%)","獲利能力-稅前純益佔實收資本比率(%)","獲利能力-純益率(%)","獲利能力-每股盈餘(元)","現金流量-現金流量比率(%)","現金流量-現金流量允當比率(%)","現金流量-現金再投<br>資比率(%)"
"1240","茂生農經",30.23,374.86,204.01,158.81,25.81,5.25,69.52,11.00,33.18,6.86,1.32,8.00,11.45,49.73,5.83,4.34,29.45,72.27,4.86
"1259","安心",60.94,155.07,66.77,62.24,4.74,45.23,8.06,67.48,5.40,3.72,0.98,1.14,2.31,19.88,0.93,2.05,39.49,156.26,0.13
"1264","德麥",24.04,213.14,260.37,169.50,19847.90,5.78,63.14,4.89,74.64,3.87,1.31,17.22,21.94,314.25,13.10,20.55,63.67,85.14,6.18
"1268","漢來美食",67.75,131.76,116.52,94.25,9.84,24.67,14.79,17.19,21.23,3.32,0.85,6.73,19.22,124.62,7.16,10.06,49.81,119.52,11.57
"1294","漢田生技",26.65,167.89,278.14,240.97,37.21,8.86,41.19,6.14,59.44,1.38,0.73,15.58,25.43,70.52,20.77,6.02,78.43,80.32,13.05
"1336","台翰",37.07,154.54,146.08,119.87,15.79,5.20,70.19,12.54,29.10,2.17,0.89,6.15,8.76,31.79,6.35,2.10,26.89,106.61,4.88
"1565","精華",19.04,201.61,343.21,248.97,106.90,6.28,58.12,3.00,121.66,1.33,0.56,9.51,11.77,187.02,16.42,14.82,76.67,128.48,5.91
"1569","濱川",52.78,136.31,123.61,91.72,-5.13,2.12,172.16,3.75,97.33,1.23,0.48,-4.02,-10.33,-23.40,-10.04,-2.57,5.28,99.95,0.21
"1570","力肯",15.14,595.01,522.04,378.36,54477.00,7.06,51.69,2.25,162.22,4.14,0.65,10.44,12.02,27.03,15.83,2.25,64.36,85.60,4.88
"1580","新麥",25.81,255.07,272.85,185.39,81027.17,8.85,41.24,3.44,106.10,3.86,1.13,17.26,23.14,217.01,15.19,13.59,71.83,112.35,5.46
"1584","精剛",35.44,199.13,230.20,77.43,8.82,3.71,98.38,1.04,350.96,1.30,0.44,5.21,6.95,15.45,10.68,1.57,-20.56,-28.64,-9.94
"1586","和勤",60.33,152.57,162.13,104.81,212.87,3.33,109.60,3.88,94.07,1.44,0.65,1.62,2.36,4.74,1.37,0.43,24.74,173.28,6.73
"1591","駿吉-KY",11.14,200.77,650.89,492.23,-36.39,15.97,22.85,2.54,143.70,0.85,0.41,-8.29,-9.62,-12.65,-20.64,-1.25,4.71,123.69,0.21
"1593","祺驊",31.27,230.23,222.52,174.80,16.43,8.39,43.50,3.76,97.07,1.41,0.55,5.03,6.90,33.41,8.55,1.70,32.98,47.58,2.38
"1595","川寶",35.37,349.89,249.66,142.56,2.20,3.02,120.86,0.49,744.89,1.04,0.21,0.08,-0.19,2.46,-0.57,-0.06,2.16,31.76,-0.49
"1599","宏佳騰",27.07,164.47,202.03,103.90,0.00,23.43,15.57,3.75,97.33,1.81,0.82,3.15,4.22,14.14,3.63,1.21,-9.30,116.10,-2.10
"1742","台蠟",24.83,174.47,238.31,229.70,3.78,14.20,25.70,4.84,75.41,0.28,0.08,3.80,6.14,8.93,35.77,0.89,110.57,54.13,24.06
"1777","生泰",10.23,183.50,607.52,371.53,217.08,8.43,43.29,1.51,241.72,0.89,0.44,13.73,16.13,109.49,31.27,8.82,283.69,83.10,14.47
"1781","合世",51.91,505.44,262.05,188.30,952.37,5.73,63.69,2.96,123.31,5.84,0.92,3.53,6.66,6.07,3.43,0.51,15.04,55.63,0.00
"1784","訊聯",24.09,486.88,506.19,477.82,80.94,4.19,87.11,4.81,75.88,2.31,0.44,2.58,3.39,19.25,5.72,1.65,44.68,133.18,5.01
"1785","光洋科",54.34,258.01,193.84,62.11,8.53,13.77,26.50,1.91,191.09,3.87,1.03,7.43,13.95,39.64,6.38,3.21,3.77,28.26,0.00
"1788","杏昌",39.48,279.59,177.17,127.62,33.95,2.98,122.48,4.56,80.04,3.49,0.85,7.74,12.02,95.86,8.83,8.08,36.37,83.24,5.07
"1796","金穎生技",31.25,160.66,306.85,178.19,-5.18,4.73,77.16,2.51,145.41,0.79,0.45,-1.63,-2.68,-6.62,-4.32,-0.54,6.03,98.60,-4.49
"1799","易威",50.90,436.28,193.10,123.68,-3.17,10.15,35.96,1.54,237.01,2.17,0.39,-4.94,-12.97,-7.24,-16.36,-0.81,-37.53,-200.39,-14.83
"1813","寶利徠",30.01,270.21,113.75,68.00,-477.16,3.55,102.81,1.84,198.36,1.06,0.29,-3.48,-5.78,-10.73,-13.78,-0.63,12.13,96.78,1.97
"1815","富喬",48.81,150.96,251.13,163.00,1.27,3.60,101.38,2.37,154.00,0.47,0.29,1.55,0.87,1.06,1.48,0.13,13.92,82.55,1.17
"2035","唐榮公司",78.40,423.84,123.35,12.08,-3.64,624.45,0.58,4.66,78.32,3.52,0.70,-3.71,-18.29,-22.04,-6.33,-2.20,0.00,59.80,0.00
"2061","風青",45.05,437.42,189.95,140.29,60.74,2.96,123.31,8.54,42.74,7.24,1.08,0.01,-2.55,-1.26,-1.23,-0.30,-41.24,-90.35,-28.72
"2063","世鎧",47.50,261.25,142.42,94.83,8.22,4.94,73.88,1.83,199.45,2.44,0.55,5.32,8.77,24.79,8.55,1.93,14.36,108.68,-5.86
"2064","晉椿",59.25,113.23,78.68,54.15,0.84,4.56,80.04,5.04,72.42,1.62,0.64,0.47,-1.24,-0.73,-0.78,-0.18,4.39,80.72,2.65
"2065","世豐",41.31,187.47,155.23,91.28,13.28,5.27,69.25,3.48,104.88,2.00,0.70,6.75,11.44,47.17,8.85,3.56,34.01,87.14,5.24
"2066","世德",43.36,418.45,246.14,138.24,9.97,6.40,57.03,1.43,255.24,5.37,0.75,8.03,12.82,76.65,9.59,6.16,21.70,109.10,3.91
"2067","嘉鋼",84.16,76.24,54.20,29.65,-2.98,4.41,82.76,4.03,90.57,1.11,0.54,-6.38,-42.05,-33.36,-14.72,-3.29,0.00,12.55,0.00
"2070","精湛",27.75,302.63,240.89,136.43,34.30,5.30,68.86,0.98,372.44,2.03,0.49,7.55,11.54,38.63,14.85,2.97,48.91,280.38,5.42
"2073","雄順",38.83,131.43,135.73,130.97,6.41,4.42,82.57,113.11,3.22,1.33,0.78,2.68,3.87,7.77,2.91,0.63,55.19,133.91,7.77
"2221","大甲",36.30,253.03,275.86,170.60,21.35,3.76,97.07,2.37,154.00,3.05,0.86,5.93,8.92,27.24,6.62,2.02,52.20,116.03,10.63
"2230","泰茂",25.96,362.89,475.10,390.56,43.44,6.72,54.31,7.74,47.15,4.62,1.08,20.04,28.65,63.43,16.30,6.10,84.91,65.55,9.02
"2235","謚源",14.25,243.44,349.66,252.90,100.98,2.85,128.07,2.96,123.31,1.03,0.36,5.97,73.35,32.88,16.20,2.67,55.44,147.93,-0.15
"2596","綠意",59.13,5428.74,164.87,38.01,381.08,3.49,104.58,0.18,2027.77,18.29,0.16,1.32,2.70,9.67,7.95,0.67,"NA","NA","NA"
"2641","正德",34.29,133.63,201.15,77.69,4.74,38474.42,0.00,1.03,354.36,0.19,0.14,6.73,8.18,19.47,35.23,1.92,119.35,29.70,6.93
"2643","捷迅",31.24,1274.46,334.13,276.28,29.46,3.66,99.72,"*****","*****",33.92,1.79,7.52,11.16,77.56,4.06,6.11,-1.85,128.86,-9.35
"2718","全心投控",18.98,73495.75,532.70,340.77,158.29,174.95,2.08,0.35,1042.85,543.02,0.78,57.10,81.69,375.28,72.77,35.33,317.02,263.64,61.62
"2724","藝舍-KY",21.76,8826.77,463.73,325.67,9125.63,9.72,37.55,5.81,62.82,89.78,0.75,30.60,51.64,40.55,32.78,2.96,122.03,3819.56,32.52
"2726","雅茗-KY",47.90,356.98,189.15,145.15,15.56,9.59,38.06,5.13,71.15,5.01,0.75,14.16,33.29,37.69,17.84,3.58,45.10,277.30,18.62
"2729","瓦城",54.08,156.54,79.13,54.78,24.96,14.46,25.24,12.08,30.21,2.47,1.11,6.57,13.47,110.18,5.68,9.01,58.17,121.45,10.65
"2732","六角",54.21,634.89,183.90,161.80,7.61,9.22,39.58,9.25,39.45,6.61,0.79,4.89,9.50,56.91,5.40,4.79,38.64,93.32,6.15
"2734","易飛網",40.36,548.19,223.32,160.57,12.00,24.97,14.61,23.40,15.59,10.04,1.34,3.99,8.46,7.75,2.77,1.00,-40.19,-51.38,-21.03
"2736","富野",45.36,141.34,93.50,82.56,-4.91,35.37,10.31,67.51,5.40,0.29,0.16,-4.26,-9.05,-20.61,-29.77,-1.77,-15.17,79.02,-2.30
"2740","天蔥",48.42,397.06,179.45,165.63,-35.56,25.56,14.28,49.60,7.35,7.09,1.10,-27.08,-51.01,-46.53,-25.11,-4.65,-123.67,0.00,-46.15
"2745","五福",60.83,917.25,154.20,126.02,950.14,19.16,19.05,"NA","NA",81.24,3.88,15.72,40.47,114.82,4.05,9.07,43.90,813.71,53.39
"2751","王座",49.98,536.48,169.96,154.67,26.93,12.86,28.38,15.58,23.42,13.37,1.81,10.85,22.33,41.35,5.83,4.55,82.14,252.33,23.79
"2752","豆府",42.52,358.29,211.28,198.92,56.55,13.08,27.90,34.14,10.69,7.67,1.62,18.82,32.42,193.26,11.44,15.66,102.08,121.78,9.64
"2754","亞洲藏壽司",67.75,205.17,52.40,46.82,3.10,44.91,8.12,93.07,3.92,2.71,1.03,3.06,6.51,28.89,2.01,2.31,78.72,117.40,14.03
"2755","揚秦",54.77,204.76,156.45,137.57,35.01,24.16,15.10,25.26,14.44,4.05,1.50,10.74,22.36,73.04,6.94,5.84,36.42,199.74,5.75
"2756","聯發國際",53.56,319.96,360.91,326.97,16.10,10.94,33.36,5.58,65.41,2.49,0.68,6.30,10.88,35.74,8.55,2.41,57.95,95.59,1.03
"2916","滿心",22.97,458.51,355.31,155.31,61.49,5.18,70.46,1.16,314.65,5.37,1.04,13.67,18.06,48.01,12.92,4.19,13.92,58.41,-8.79
"2924","宏太-KY",38.52,1584.41,247.12,214.89,-33.38,13.19,27.67,5.58,65.41,2.52,0.29,-11.80,-19.45,-12.36,-41.06,-1.67,6.21,40.86,2.46
"2926","誠品生活",96.19,107.56,87.58,58.63,110.07,6.35,57.48,3.10,117.74,0.62,0.40,0.79,2.07,5.82,0.17,0.27,31.80,223.76,7.16
"2937","集雅社",69.77,163.19,112.84,61.28,18.12,5.42,67.34,3.21,113.70,7.67,1.42,4.95,15.47,48.53,3.30,3.86,13.32,24.59,19.80
"2941","米斯特",40.94,710.32,233.95,153.64,85.55,7.31,49.93,2.50,146.00,16.96,1.30,9.25,16.04,40.38,6.07,3.31,20.34,113.81,-1.23
"2947","振宇五金",74.69,361.85,107.84,34.48,3.73,226.40,1.61,2.28,160.08,3.40,0.72,3.02,8.87,43.21,3.06,3.46,35.51,104.19,22.29
"2948","寶陞",54.33,4286.07,199.43,45.44,3.48,12.44,29.34,1.06,344.33,61.80,0.92,4.18,6.31,31.22,3.12,2.19,-15.34,-0.88,-19.75
"2949","欣新網",55.62,15414.36,188.08,129.97,14.88,6.78,53.83,3.98,91.70,641.01,1.94,3.83,7.51,47.60,1.82,3.34,-7.06,3.38,-9.78
"3064","泰偉",70.13,159.97,361.19,349.96,1.02,4.42,82.57,1.17,311.96,0.55,0.31,2.19,0.54,0.14,0.50,0.05,4.03,-568.81,0.25
"3066","李洲",29.63,586.74,176.20,169.77,14.45,4.36,83.71,0.76,480.26,0.97,0.13,6.86,9.53,13.53,49.05,1.30,-13.58,208.88,-4.22
"3067","全域",16.56,671.66,524.25,478.11,-33.00,6.88,53.05,2.61,139.84,1.03,0.13,-5.79,-7.80,-8.96,-46.23,-1.01,-165.41,-0.94,-11.33
"3071","協禧",51.50,398.35,155.84,132.88,9.62,3.80,96.05,5.97,61.13,4.40,0.63,4.33,7.88,18.91,6.08,0.81,9.28,106.31,1.87
"3073","天方能源",72.26,128.58,49.55,44.81,3.27,25.91,14.08,1.28,285.15,0.08,0.04,2.12,5.14,7.13,41.45,0.75,-29.01,-12.07,-13.44
"3078","僑威",30.63,384.85,314.06,260.05,184.19,3.22,113.35,4.15,87.95,4.49,0.82,12.19,18.82,76.43,14.84,5.62,69.24,97.75,7.15
"3081","聯亞",12.09,244.20,946.41,784.50,-10.48,5.61,65.06,2.76,132.24,0.67,0.28,-1.15,-1.43,-7.37,-4.51,-0.59,167.70,110.67,4.39
"3083","網龍",6.45,101877.18,813.01,799.84,"NA",7.96,45.85,"NA","NA",306.27,0.29,5.12,5.50,9.11,17.44,0.81,61.83,29.52,4.52
"3085","新零售",17.60,573.60,557.70,554.00,-3931.90,7.20,50.69,13.30,27.44,0.60,0.13,-17.20,-23.60,-9.60,-128.20,-1.69,0.20,-2395.00,3.61
"3086","華義",9.66,490.53,840.82,829.89,97.81,4.64,78.66,69.30,5.26,2.34,0.40,4.70,5.15,6.67,11.52,0.67,175.47,221.71,11.82
"3088","艾訊",35.42,250.01,338.11,218.52,4744.67,7.77,46.97,2.72,134.19,2.96,0.98,11.17,17.33,101.68,11.18,7.53,76.50,76.40,8.57
"3093","港建*",33.62,315.98,229.01,205.94,2283.68,4.56,80.04,11.41,31.98,4.42,0.82,9.40,13.82,55.15,11.46,1.06,23.95,107.99,-9.66
"3095","及成",85.93,150.67,148.75,116.55,159.51,4.84,75.41,7.52,48.53,1.26,0.66,2.63,8.25,11.22,1.42,0.84,10.55,69.67,2.34
"3105","穩懋",39.09,200.45,163.82,91.23,1.30,14.70,24.82,2.66,137.21,0.59,0.26,1.46,2.13,7.85,1.95,1.81,64.45,82.63,6.61
"3114","好德",36.28,1471.05,226.37,199.31,1314.85,3.11,117.36,10.15,35.96,25.26,1.10,5.02,7.41,22.32,4.23,1.80,13.53,99.98,2.72
"3115","富榮綱",15.63,41324.77,638.74,635.83,-139.04,0.19,1921.05,2.05,178.04,2.10,0.02,-9.90,-12.14,-7.26,-599.05,-0.73,-147.31,278.46,-10.40
"3118","進階",32.30,187.96,192.46,150.49,290.01,6.47,56.41,5.29,68.99,2.46,0.88,7.89,11.68,25.00,8.86,2.00,25.39,85.01,1.10
"3122","笙泉",38.50,420.48,608.05,507.85,-10.84,6.08,60.03,3.13,116.61,2.43,0.51,-7.57,-13.00,-14.24,-15.91,-1.44,19.16,98.92,2.32
"3128","昇銳",58.05,137.01,97.23,49.62,10.36,5.74,63.58,2.68,136.19,2.67,0.77,5.42,10.50,13.00,6.39,1.69,3.34,42.66,10.09
"3131","弘塑",55.85,282.63,172.97,110.71,96.00,8.24,44.29,1.05,347.61,2.05,0.39,9.46,20.57,358.20,20.75,29.07,32.70,84.98,14.23
"3141","晶宏",32.65,867.93,584.87,421.15,4.62,7.56,48.28,0.84,434.52,3.67,0.42,1.78,2.07,8.55,3.32,1.16,77.33,63.48,0.00
"3147","大綜",58.83,379.13,144.69,120.46,32.97,3.70,98.64,13.46,27.11,12.00,1.47,14.14,32.94,144.52,9.37,11.94,9.43,62.47,0.82
"3152","璟德",13.23,156.59,347.13,315.13,"NA",6.47,56.41,6.18,59.06,0.70,0.40,10.05,11.66,77.63,25.36,6.21,131.99,97.12,6.79
"3162","精確",64.28,133.41,121.43,100.02,1.59,2.23,163.67,6.34,57.57,1.47,0.64,2.04,2.62,4.28,1.53,0.54,4.41,-7.16,1.69
"3163","波若威",22.05,860.78,485.50,435.21,175.08,4.11,88.80,4.63,78.83,5.26,0.54,12.92,16.98,60.71,23.85,5.75,0.00,136.85,-7.48
"3169","亞信",8.73,3791.11,1131.78,1091.67,451.08,9.05,40.33,4.81,75.88,18.14,0.44,11.13,12.26,40.27,25.27,3.42,203.44,123.12,5.32
"3171","炎洲流通",38.31,232.30,191.21,176.96,440.37,3.82,95.54,17.03,21.43,4.52,1.08,8.33,12.41,39.00,7.69,2.12,35.84,122.43,2.91
"3176","基亞",24.92,347.43,395.71,323.53,-2.10,4.47,81.65,1.00,365.00,0.80,0.18,-2.54,-4.43,-8.09,-16.20,-1.47,4.10,-122.61,0.59
"3178","公準",55.20,142.86,147.04,84.55,4.66,4.49,81.29,2.69,135.68,0.91,0.47,2.14,3.85,11.99,3.68,1.06,38.96,100.37,4.04
"3188","鑫龍騰",68.12,116010.78,182.01,25.58,88.35,86.31,4.22,0.12,3041.66,441.82,0.17,5.34,15.11,28.62,27.40,2.21,-19.24,-49.48,-30.85
"3191","雲嘉南",46.50,1481.25,574.42,465.69,-3.33,3.29,110.94,3.69,98.91,6.16,0.41,-4.58,-10.58,-5.29,-13.53,-0.57,-14.40,-140.78,-2.25
"3205","佰研",19.25,432.49,272.63,236.86,-239.00,9.14,39.93,10.51,34.72,4.68,0.79,-8.36,-10.50,-15.26,-10.62,-1.49,-48.35,-671.73,-13.71
"3206","志豐",46.89,412.89,200.45,171.99,47.91,3.60,101.38,8.78,41.57,7.95,1.12,7.22,13.68,56.99,5.91,4.10,22.06,228.25,6.69
"3207","耀勝",42.52,244.95,174.09,136.51,-0.06,5.39,67.71,5.40,67.59,1.71,0.55,-0.50,-1.79,-3.32,-2.00,-0.16,-12.06,17.62,-3.59
"3211","順達",34.52,864.02,249.82,216.55,10217.50,3.88,94.07,9.57,38.14,10.41,0.85,16.50,27.95,191.64,19.21,17.59,26.70,68.34,2.61
"3213","茂訊",22.06,772.84,397.29,197.38,450.05,8.86,41.19,1.62,225.30,6.72,0.68,12.89,16.96,108.96,17.36,8.44,93.92,68.93,9.89
"3217","優群",21.16,506.28,311.24,260.15,5022.36,2.95,123.72,3.26,111.96,3.89,0.62,18.07,22.66,140.44,29.17,11.25,86.84,105.36,7.36
"3218","大學光",34.83,266.02,260.54,229.04,63.92,7.18,50.83,5.75,63.47,2.53,0.78,19.59,29.59,155.57,24.84,12.57,153.30,157.49,17.01
"3221","台嘉碩",27.07,294.52,266.61,199.24,18.11,5.20,70.19,2.13,171.36,2.77,0.72,2.69,3.51,10.59,3.51,0.98,28.81,109.72,2.52
"3224","三顧",20.31,377.97,383.06,360.27,-18.20,4.55,80.21,16.81,21.71,2.83,0.43,-4.82,-6.17,-23.61,-11.67,-1.01,-31.97,-41.21,-6.46
"3226","龍鋒",26.99,298.72,213.69,185.21,98.67,4.09,89.24,7.81,46.73,3.45,0.86,14.58,20.67,71.02,16.83,5.56,78.48,110.89,19.65
"3227","原相",18.83,1400.23,368.28,321.03,434.42,8.00,45.62,3.11,117.36,10.33,0.63,13.61,16.71,137.13,21.45,12.52,112.82,113.26,14.83
"3228","金麗科",16.17,300.74,252.93,114.12,-13.35,9.04,40.37,0.73,500.00,2.15,0.58,-3.10,-3.92,-3.45,-5.68,-0.34,78.03,168.94,15.95
"3230","錦明",17.74,311.87,565.68,537.72,34.48,1.97,185.27,6.20,58.87,0.97,0.33,22.58,33.37,35.27,65.96,3.83,7.23,17.51,0.58
"3232","昱捷",40.33,360.61,260.24,212.09,2.24,4.04,90.34,5.82,62.71,6.55,1.25,2.11,2.10,3.80,0.95,0.32,45.56,61.37,15.74
"3234","光環",26.46,276.93,469.25,297.76,-2803.90,5.74,63.58,1.40,260.71,1.40,0.45,-19.36,-31.58,-22.86,-44.42,-2.21,-41.12,161.29,-1.36
"3236","千如",50.27,142.85,162.65,127.88,187.00,7.17,50.90,5.45,66.97,1.18,0.59,0.63,0.29,1.58,0.23,0.04,19.25,66.90,4.20
"3252","海灣",48.84,108.27,145.77,56.34,0.84,8.03,45.45,1.05,347.61,0.17,0.13,0.94,-0.57,-1.83,-2.19,-0.31,12.03,95.81,1.33
"3259","鑫創",17.28,2222.81,687.40,491.12,-111.66,9.37,38.95,1.00,365.00,8.33,0.39,-29.26,-35.45,-24.83,-75.76,-3.18,-67.78,-102.20,-9.26
"3260","威剛",64.18,337.30,190.84,82.59,5.00,7.78,46.91,2.09,174.64,3.89,0.85,7.63,17.06,127.82,7.08,9.25,5.74,1.12,-0.22
"3264","欣銓",45.68,131.09,160.02,152.60,11.36,4.53,80.57,"NA","NA",0.61,0.39,6.92,11.72,49.31,16.06,4.44,112.92,92.10,7.63
"3265","台星科",17.48,228.05,300.21,283.12,87.31,4.44,82.20,29.07,12.55,1.45,0.54,11.19,13.73,76.34,20.37,6.23,106.26,98.45,3.36
"3268","海德威",51.84,2426.84,163.28,154.41,2.78,2.26,161.50,35.56,10.26,35.73,0.94,1.36,1.70,3.32,0.91,0.26,"NA",33.97,"NA"
"3272","東碩",67.85,185.29,150.27,103.03,-2.64,3.08,118.50,2.61,139.84,1.86,0.62,-3.30,-12.40,-32.32,-6.92,-3.15,0.00,46.24,0.00
"3276","宇環",45.65,433.90,80.48,65.26,-14.60,3.81,95.80,8.35,43.71,2.51,0.53,-2.81,-5.45,-7.12,-5.62,-0.14,10.49,9.04,2.56
"3284","太普高",49.15,1544.50,334.04,221.07,11.54,3.65,100.00,1.32,276.51,6.47,0.42,10.25,17.74,30.63,21.94,2.55,22.91,8.54,4.31
"3285","微端",27.89,615.78,336.92,291.85,6888.93,7.19,50.76,4.04,90.34,8.30,0.95,6.19,8.68,15.93,6.28,1.18,23.77,124.49,1.14
"3287","廣寰科",31.05,596.05,280.89,228.87,285.11,2.99,122.07,3.13,116.61,6.45,0.79,12.63,18.77,29.27,15.96,2.35,3.40,81.76,-3.70
"3288","點晶",50.81,7851.50,237.47,63.21,-122.37,7.49,48.73,0.28,1303.57,42.11,0.40,-0.01,-5.29,-3.55,-6.52,-0.35,-17.16,-56.67,-11.41
"3289","宜特",57.40,136.35,103.28,97.90,9.74,2.87,127.17,0.00,"*****",1.10,0.55,6.52,13.76,70.35,10.78,6.50,53.56,119.94,13.96
"3290","東浦",43.37,270.65,223.68,194.23,14.44,2.38,153.36,6.00,60.83,1.98,0.51,6.99,11.37,22.52,12.76,2.02,34.88,103.97,7.21
"3293","鈊象",25.94,318.51,288.55,283.33,0.00,8.25,44.24,4.78,76.35,3.58,0.84,46.96,63.38,388.97,48.92,32.14,176.29,138.87,29.08
"3294","英濟",53.74,446.87,243.55,219.26,7.03,3.40,107.35,9.90,36.86,5.23,0.83,1.83,3.41,11.12,1.70,0.58,13.17,119.16,3.46
"3297","杭特",28.86,205.90,138.31,120.62,1.09,6.22,58.68,1.30,280.76,0.60,0.21,-0.21,-0.84,0.08,-2.84,-0.13,0.38,5.10,0.17
"3303","岱稜",38.61,230.79,281.81,187.40,35.62,5.59,65.29,3.38,107.98,2.31,0.88,11.33,17.40,48.70,12.48,3.90,63.82,99.17,8.06
"3306","鼎天",9.90,25942.02,273.29,227.28,1049.20,7.50,48.66,5.49,66.48,78.83,0.29,4.32,4.78,29.41,15.13,2.93,64.07,193.60,5.00
"3310","佳穎",76.15,422.42,118.33,36.16,4.52,2.82,129.43,0.29,1258.62,3.04,0.21,2.70,8.43,26.90,9.96,2.50,0.59,-28.15,-8.01
"3313","斐成",46.23,55316.76,272.86,68.24,18.33,4.89,74.64,0.03,12166.66,9.70,0.02,7.63,11.28,11.09,470.82,1.03,-140.78,-113.90,-71.96
"3317","尼克森",15.23,867.59,561.64,439.70,2413.37,3.06,119.28,2.57,142.02,7.24,0.68,5.58,6.73,30.08,8.24,2.49,4.65,168.24,-0.08
"3322","建舜電",51.64,148.94,150.80,100.45,-3.04,3.57,102.24,5.49,66.48,2.02,0.86,-2.35,-6.11,-7.06,-3.33,-0.87,-4.07,44.77,-2.54
"3323","加百裕",53.13,635.70,199.82,161.22,-0.20,3.43,106.41,5.60,65.17,10.34,1.00,-0.63,-3.52,-8.70,-1.63,-1.10,11.43,126.69,6.73
"3324","雙鴻",45.13,270.02,197.91,142.64,173.77,3.20,114.06,4.59,79.52,4.38,1.07,13.24,23.91,257.81,12.24,21.23,27.85,92.73,8.17
"3325","旭品",46.63,292.37,171.74,129.23,-389.74,2.51,145.41,4.85,75.25,3.50,0.69,-3.36,-7.95,-11.22,-6.06,-0.89,-6.69,13.34,-2.20
"3332","幸康",21.35,290.04,363.60,248.01,6793.50,7.43,49.12,1.60,228.12,2.17,0.61,4.87,6.14,26.54,7.84,2.18,42.40,67.11,4.80
"3339","泰谷",15.29,428.27,512.91,424.62,19.98,3.24,112.65,3.40,107.35,2.62,0.57,1.48,1.99,2.37,2.48,0.25,17.85,46.32,0.66
"3349","寶德",46.09,1242.61,186.69,115.60,"NA",3.45,105.79,3.48,104.88,15.43,0.79,-7.31,-12.95,-10.81,-9.29,-1.05,-24.61,-34.04,-19.57
"3354","律勝",16.86,246.24,453.17,293.03,-4.88,3.98,91.70,4.89,74.64,0.33,0.11,-1.87,-2.68,-3.02,-18.44,-0.34,-55.70,192.11,-3.82
"3357","臺慶科",37.90,234.55,245.59,196.27,21.73,2.92,125.00,5.02,72.70,1.30,0.48,6.74,10.41,83.44,13.56,7.33,33.77,78.84,1.60
"3360","尚立",69.19,349.73,135.22,119.65,0.04,6.15,59.34,14.86,24.56,21.60,2.37,-0.48,-5.74,-5.86,-0.82,-0.48,9.49,154.51,16.57
"3362","先進光",59.97,140.82,116.84,82.04,6.30,2.84,128.52,2.60,140.38,1.13,0.49,5.21,10.35,34.75,8.81,2.67,17.88,24.02,6.21
"3363","上詮",14.71,540.09,616.70,520.79,-20.72,4.83,75.56,3.85,94.80,3.24,0.51,-1.72,-2.07,-5.45,-3.54,-0.48,20.08,82.15,0.74
"3372","典範",13.58,181.27,434.08,270.01,-223.44,3.98,91.70,6.35,57.48,0.91,0.44,-8.99,-10.32,-10.57,-20.50,-1.06,44.09,103.50,1.14
"3373","熱映",7.00,815.00,1048.00,325.00,0.00,8.79,41.52,0.71,514.08,3.79,0.44,-3.00,-3.20,-7.90,-6.80,-0.66,23.00,75.00,0.00
"3374","精材",29.14,187.56,336.66,310.70,400.45,5.88,62.07,22.53,16.20,1.40,0.62,14.66,19.59,75.93,23.65,6.15,106.43,157.04,6.66
"3379","彬台",61.23,359.85,111.87,48.14,72.51,13.82,26.41,4.64,78.66,6.16,0.75,2.90,6.78,10.51,3.82,1.09,20.48,86.93,27.80
"3388","崇越電",29.00,1081.00,312.00,260.00,23.00,4.18,87.32,6.43,56.76,16.28,1.13,4.98,6.69,61.40,4.20,4.09,5.96,107.82,-2.39
"3390","旭軟",15.79,507.66,513.83,462.51,22.17,2.35,155.31,4.32,84.49,3.97,0.52,6.15,8.03,17.64,11.34,1.41,68.29,120.42,5.91
"3402","漢科",68.36,243.08,129.34,90.94,29.05,8.16,44.73,2.44,149.59,5.93,0.84,8.12,25.18,91.76,9.02,6.72,48.36,158.58,64.51
"3426","台興",29.58,1173.12,324.58,295.29,198.71,3.56,102.52,8.24,44.29,9.45,0.75,8.73,12.46,46.88,11.62,3.44,40.47,84.69,3.61
"3430","奇鈦科",29.35,383.00,387.33,220.73,80.45,8.20,44.51,2.35,155.31,4.30,0.97,10.81,15.05,63.23,10.96,4.79,48.40,256.54,4.03
"3434","哲固",51.88,251.82,199.18,112.47,40.00,5.25,69.52,3.05,119.67,3.98,1.01,8.02,14.39,21.03,6.42,1.67,-0.77,85.96,-1.27
"3438","類比科",13.82,442.59,579.98,499.58,196292.68,5.01,72.85,4.41,82.76,1.83,0.42,3.11,3.56,17.05,7.39,1.51,120.78,120.36,6.75
"3441","聯一光電",21.34,1840.83,637.24,436.32,37.27,4.05,90.12,0.79,462.02,7.46,0.32,5.86,7.25,18.52,17.14,1.40,57.04,96.31,5.44
"3444","利機",28.97,386.49,234.58,218.24,275.34,2.31,158.00,12.91,28.27,4.53,0.78,7.33,9.95,31.89,9.32,2.39,21.82,103.72,-1.12
"3455","由田",36.60,257.62,253.55,182.72,27.92,1.41,258.86,1.07,341.12,1.51,0.42,7.41,11.90,53.78,17.09,5.29,35.61,95.19,1.38
"3465","進泰電子",53.85,239.88,127.10,88.85,2.48,4.50,81.11,4.06,89.90,3.44,0.84,2.25,2.16,11.88,1.24,0.78,-2.49,15.49,-4.24
"3467","台灣精材",37.38,189.29,236.29,131.97,14.35,8.73,41.80,3.20,114.06,1.94,0.86,4.30,6.44,11.05,4.67,1.02,53.56,134.25,5.04
"3479","安勤",42.83,240.19,203.64,154.15,34.75,5.00,73.00,5.08,71.85,5.55,1.23,9.69,15.73,111.82,7.60,6.85,37.61,58.71,7.10
"3483","力致",50.79,256.47,161.72,128.07,21.60,2.66,137.21,5.38,67.84,4.89,0.96,7.79,15.52,93.70,7.74,8.27,22.13,74.80,7.78
"3484","崧騰",40.11,334.34,271.32,188.38,17.91,6.16,59.25,3.25,112.30,3.73,0.85,6.58,10.73,56.10,7.27,4.17,18.42,156.55,3.59
"3489","森寶",67.23,496882.68,141.26,39.08,-0.71,83.40,4.37,0.78,467.94,8364.34,0.56,-1.75,-6.08,-5.33,-3.36,-0.89,41.16,48.59,96.30
"3490","單井",26.13,182.68,243.19,222.89,2804.59,2.37,154.00,3.53,103.39,0.35,0.17,5.56,7.05,17.58,32.58,1.66,10.24,117.13,-1.74
"3491","昇達科",41.34,291.11,313.81,279.13,5560.15,3.76,97.07,4.83,75.56,2.18,0.61,15.56,23.58,117.28,25.13,8.59,91.92,130.77,12.12
"3492","長盛",36.25,491.16,231.66,171.98,20.95,3.99,91.47,4.12,88.59,5.83,0.85,6.29,9.66,19.40,7.09,1.62,26.98,117.20,7.42
"3498","陽程",29.87,389.17,272.10,224.20,-76.24,11.20,32.58,2.13,171.36,1.55,0.30,-4.80,-6.68,-24.64,-16.04,-2.50,0.45,253.47,0.16
"3499","環天科",39.23,251.72,172.40,115.13,2.76,8.42,43.34,1.75,208.57,1.95,0.48,0.47,0.24,1.20,0.30,0.02,12.06,69.03,4.65
"3508","位速",69.13,431.41,43.55,22.54,-13366.00,1.84,198.36,7.89,46.26,0.45,0.03,-8.03,-23.45,-16.03,-249.98,-1.65,-12.37,5554.01,-11.69
"3511","矽瑪",29.49,276.53,205.64,155.28,0.00,4.22,86.49,4.02,90.79,2.41,0.66,-5.46,-7.44,-18.78,-8.48,-1.26,15.09,118.15,3.97
"3512","皇龍",57.55,5200.81,217.85,25.06,18.85,96.44,3.78,0.17,2147.05,17.88,0.18,1.18,2.68,8.63,6.23,0.58,-33.53,2.71,-39.14
"3516","亞帝歐",39.29,189.92,387.71,319.25,3.21,3.58,101.95,3.19,114.42,1.03,0.48,1.33,1.50,4.96,1.89,0.36,93.90,101.62,10.03
"3520","華盈",47.14,248.19,241.84,194.66,4.26,2.72,134.19,5.84,62.50,2.33,0.74,1.83,2.44,4.55,1.79,0.29,-32.31,39.59,-9.57
"3521","鴻翊",25.34,1255.32,930.83,555.38,-715.57,8.90,41.01,0.34,1073.52,1.18,0.11,-5.00,-8.60,-10.20,-52.87,-0.11,-50.35,0.04,-5.10
"3522","御嵿",73.30,154.76,57.69,27.85,-5.85,55.46,6.58,12.38,29.48,2.49,0.40,-7.81,-28.70,-22.00,-20.44,-2.28,2.28,117.63,2.35
"3523","迎輝",70.95,266.90,31.05,22.38,-3.43,12.40,29.43,6.07,60.13,0.31,0.10,-6.58,-26.39,-22.27,-77.64,-2.22,-28.44,0.00,-3.27
"3526","凡甲",27.44,468.16,329.80,312.60,51.25,2.69,135.68,7.81,46.73,3.82,0.61,24.16,34.93,218.00,35.57,16.80,71.81,97.02,6.34
"3527","聚積",12.17,1000.57,718.05,509.27,19.37,3.38,107.98,2.05,178.04,6.31,0.64,0.48,0.51,4.70,0.71,0.28,30.45,108.71,3.52
"3529","力旺",19.60,745.73,422.93,419.66,3703.12,14.45,25.25,"NA","NA",7.54,0.88,44.37,55.69,288.58,50.53,24.57,231.69,129.60,18.20
"3531","先益",22.51,973.83,484.04,426.19,31.97,3.22,113.35,4.36,83.71,7.59,0.64,3.33,4.32,16.88,5.22,1.35,69.38,123.64,6.74
"3537","堡達",36.98,542.80,246.01,196.02,31.48,2.66,137.21,6.72,54.31,12.12,1.41,10.55,17.11,46.45,7.32,3.67,18.20,74.30,1.58
"3540","曜越",60.10,1539.95,140.19,83.97,-1.75,2.68,136.19,1.66,219.87,30.67,0.81,-1.92,-7.33,-17.42,-3.31,-1.35,-10.87,5.53,-22.90
"3541","西柏",66.47,194.21,115.14,78.49,0.03,6.89,52.97,1.57,232.48,2.44,0.43,0.49,-0.30,-2.84,-0.24,-0.04,11.99,62.08,7.68
"3546","宇峻",30.89,315.51,453.74,442.63,50.94,7.58,48.15,"*****","*****",3.81,0.65,13.90,19.00,65.73,21.12,5.54,70.72,108.69,2.56
"3548","兆利",48.94,251.21,179.12,156.41,29.63,2.88,126.73,9.07,40.24,3.59,0.75,5.52,10.34,122.96,6.02,8.73,9.96,122.92,1.78
"3551","世禾",22.71,153.94,235.20,213.26,45.33,5.09,71.70,12.14,30.06,0.96,0.53,7.90,10.23,82.74,14.49,6.63,70.18,110.20,7.30
"3552","同致",58.81,413.27,166.15,138.96,3.33,1.89,193.12,3.89,93.83,6.49,0.79,1.75,3.30,12.51,1.69,1.54,32.61,153.34,19.99
"3555","博士旺",17.59,30787.04,437.54,434.19,-136.89,7.43,49.12,22.27,16.38,54.53,0.18,-1.22,-2.82,-2.17,-10.00,-0.19,0.00,93.16,0.00
"3556","禾瑞亞",17.81,42081.88,630.39,412.05,210.00,6.46,56.50,0.60,608.33,251.07,0.64,9.39,11.56,25.62,14.43,2.28,126.65,73.26,16.42
"3558","神準",50.56,195.96,151.02,111.93,27.39,6.07,60.13,3.61,101.10,3.56,0.96,2.07,4.51,93.52,2.00,4.71,29.88,76.71,0.00
"3564","其陽",47.99,220.73,232.01,141.65,3.99,3.90,93.58,2.41,151.45,2.55,0.89,2.75,3.97,11.22,2.31,0.89,20.85,37.84,6.10
"3567","逸昌",6.96,160.78,642.62,642.62,1066.72,3.82,95.54,"NA","NA",0.77,0.46,9.14,10.27,20.23,23.23,1.87,316.02,109.04,1.20
"3570","大塚",37.20,2952.59,254.59,191.78,273.36,6.05,60.33,5.75,63.47,67.19,1.48,15.63,23.17,162.81,10.55,12.98,41.52,111.44,8.67
"3577","泓格",18.86,192.18,302.33,108.78,40.68,9.20,39.67,0.68,536.76,1.48,0.65,6.42,7.98,20.66,9.69,1.62,107.68,64.37,13.61
"3580","友威科",35.49,292.89,391.51,333.39,38.28,3.22,113.35,2.12,172.16,1.37,0.38,11.65,20.28,33.59,30.01,5.08,82.93,96.24,8.45
"3581","博磊",49.67,792.16,173.94,1.11,11.20,5.19,70.32,1.66,219.87,10.11,0.69,4.06,7.26,20.86,5.25,0.60,1.27,69.74,-1.28
"3587","閎康",43.09,152.09,155.41,141.26,18.49,3.77,96.81,"NA","NA",1.38,0.64,9.03,14.74,111.36,13.47,10.39,79.26,116.62,13.95
"3594","磐儀",43.85,499.16,210.00,101.29,10.48,2.82,129.43,0.88,414.77,2.74,0.39,4.11,6.51,18.57,9.71,1.36,10.87,81.95,3.78
"3597","映興",43.64,348.34,236.12,197.47,9.39,3.33,109.60,3.80,96.05,3.53,0.71,5.50,8.97,16.12,6.98,1.32,-1.82,78.45,7.43
"3609","三一東林",73.60,163.39,124.99,64.55,-7.57,6.67,54.72,1.36,268.38,1.58,0.35,-13.59,-52.23,-42.60,-42.65,-4.71,-14.72,-188.39,-13.55
"3611","鼎翰",59.85,615.07,155.14,97.57,10.97,5.53,66.00,3.24,112.65,6.47,0.81,6.90,12.73,197.22,7.64,14.19,29.53,135.58,9.02
"3615","安可",20.96,324.30,501.21,449.55,551.00,2.95,123.72,4.67,78.15,1.09,0.30,1.57,1.59,9.73,3.93,0.00,43.72,88.28,1.68
"3623","富晶通",21.58,4603.80,332.27,275.76,-24.04,6.06,60.23,4.63,78.83,32.90,0.58,-5.50,-7.43,-9.40,-10.35,-0.93,-2.34,252.22,-0.22
"3624","光頡",13.73,280.46,534.84,382.46,113.87,5.08,71.85,2.21,165.15,2.06,0.64,6.32,7.30,25.49,9.47,2.06,66.57,102.27,4.20
"3625","西勝",64.33,69.10,33.77,27.22,-4.30,6.97,52.36,7.71,47.34,0.57,0.29,-6.60,-22.74,-13.37,-30.55,-1.39,-28.14,-25.48,-41.51
"3628","盈正",51.85,248.36,146.59,64.45,11.96,4.55,80.21,1.49,244.96,3.92,0.87,3.08,5.66,29.60,3.22,2.15,3.96,50.25,0.00
"3629","地心引力",12.57,6162.38,1241.61,1212.42,-160.80,0.59,618.64,"NA","NA",0.02,0.00,-32.79,-38.94,-10.45,-56470.49,-1.05,-572.09,82.32,-46.30
"3630","新鉅科",55.35,109.82,102.69,56.40,-6.11,4.17,87.52,4.98,73.29,0.59,0.35,-7.50,-18.73,-25.25,-24.44,-2.52,-4.55,5.20,-0.60
"3631","晟楠",44.47,305.58,234.05,179.42,-0.84,2.09,174.64,0.22,1659.09,0.11,0.03,-0.90,-3.62,-5.72,-60.31,-0.56,-16.45,-46.55,-2.88
"3632","研勤",54.62,415.43,135.19,86.49,-2.40,8.06,45.28,5.40,67.59,5.63,1.05,-2.69,-7.73,-3.05,-3.35,-0.29,2.58,36.23,0.90
"3646","艾恩特",34.72,386.45,227.79,154.39,20.56,4.69,77.82,3.37,108.30,5.40,0.93,6.61,10.04,16.25,6.76,1.39,52.18,102.26,12.77
"3663","鑫科",44.85,534.24,261.84,130.35,6.86,4.19,87.11,3.23,113.00,8.75,1.12,2.34,3.54,12.21,1.74,0.66,28.69,164.61,7.24
"3664","安瑞-KY",67.92,923.65,171.26,139.93,198.62,1.24,294.35,1.98,184.34,52.31,0.70,0.32,0.99,-1.09,0.46,0.06,-40.41,-277.94,-53.12
"3666","光耀",59.27,1045.40,91.93,63.06,-23.33,2.32,157.32,4.58,79.69,2.95,0.64,-26.96,-54.77,-47.54,-43.73,-5.29,0.00,73.69,0.00
"3672","康聯訊",57.83,326.75,124.24,71.48,-11.37,7.05,51.77,0.91,401.09,2.95,0.44,-8.56,-20.97,-25.50,-21.45,-2.04,-23.29,-61.58,-17.61
"3675","德微",41.50,178.47,176.09,133.20,13.51,4.95,73.73,3.58,101.95,1.42,0.65,8.07,13.15,64.56,11.58,8.34,43.96,104.77,5.44
"3680","家登",46.05,214.87,229.13,176.32,15.35,5.35,68.22,1.81,201.65,0.92,0.35,7.24,12.50,162.98,19.51,12.32,22.86,32.80,1.59
"3684","榮昌",39.39,180.75,192.05,164.12,30.56,4.60,79.34,9.96,36.64,2.16,0.91,8.47,13.20,34.96,8.96,2.80,45.29,123.15,12.94
"3685","元創精密",38.20,119.60,178.39,131.06,0.55,2.91,125.42,4.79,76.20,1.36,0.54,-0.07,-5.14,-1.33,-1.61,-0.53,43.64,56.03,10.80
"3687","歐買尬",56.30,246.66,131.86,131.71,25.33,224.19,1.62,68061.00,0.00,2.10,0.19,3.46,7.49,125.19,17.05,2.33,8.76,917.42,9.54
"3689","湧德",27.61,343.42,306.77,241.35,51.10,3.12,116.98,4.90,74.48,4.48,0.94,9.59,13.68,78.53,9.99,6.42,54.02,99.40,13.68
"3691","碩禾",43.04,234.06,329.75,252.71,-6.47,3.67,99.45,5.01,72.85,1.39,0.53,-6.28,-11.48,-85.35,-13.04,-5.61,-129.58,-10.11,-20.36
"3693","營邦",37.28,348.46,221.81,128.17,73.71,5.74,63.58,2.07,176.32,5.96,1.14,14.76,27.64,328.67,12.73,27.30,27.45,56.52,6.98
"3707","漢磊",30.82,226.61,268.80,222.97,-11.33,5.20,70.19,3.56,102.52,1.30,0.45,-2.96,-4.81,-9.39,-7.11,-1.51,11.03,53.39,1.25
"3709","鑫聯大投控",84.80,6578.77,117.02,37.95,4.05,10.90,33.48,4.25,85.88,671.33,2.48,2.78,10.60,32.58,0.82,2.43,-0.06,31.52,-3.94
"3710","連展投控",74.01,143.13,97.28,74.81,1.01,3.40,107.35,6.15,59.34,3.10,0.92,1.48,-2.17,0.04,-0.61,-0.48,11.03,86.00,7.03
"3713","新晶投控",79.06,86.45,47.83,28.63,-0.73,8.27,44.13,2.03,179.80,0.23,0.12,-0.81,-6.65,-5.51,-12.18,-0.53,23.41,22.00,18.42
"4102","永日",23.08,206.37,309.71,166.04,37.84,6.22,58.68,2.06,177.18,1.46,0.60,7.34,9.66,18.66,12.00,1.52,94.31,147.72,4.91
"4105","東洋",30.86,357.96,202.38,155.99,49.68,4.37,83.52,2.10,173.80,2.61,0.57,14.95,21.68,75.84,25.78,5.83,47.14,96.86,5.60
"4107","邦特",25.93,200.94,391.93,332.22,73.39,7.86,46.43,3.79,96.30,1.04,0.45,11.56,15.93,97.89,25.49,7.62,124.28,95.66,6.87
"4109","加捷生醫",8.30,305.91,298.11,270.31,35248.77,7.96,45.85,12.05,30.29,1.20,0.37,14.97,17.79,22.84,40.25,2.16,37.95,60.72,-0.57
"4111","濟生",27.15,185.95,210.47,177.98,80.00,3.66,99.72,8.26,44.18,1.60,0.66,6.37,8.87,24.16,9.49,1.94,57.19,87.33,6.86
"4113","聯上",65.73,10067.07,166.59,21.30,11.47,"*****","*****",0.35,1042.85,100.21,0.40,5.92,20.18,41.72,13.49,3.55,29.97,56.48,38.07
"4114","健喬",31.74,185.35,241.94,151.91,1190.67,4.59,79.52,1.85,197.29,1.01,0.46,4.29,5.68,15.35,8.45,1.63,37.63,127.45,4.99
"4116","明基醫",56.38,327.77,175.23,119.28,1062.46,5.44,67.09,5.11,71.42,5.10,0.95,5.30,10.59,73.91,4.98,2.35,12.57,124.67,3.22
"4120","友華",49.66,235.58,120.18,84.82,-21.23,5.29,68.99,2.05,178.04,1.24,0.39,-1.30,-4.63,-14.98,-5.26,-3.27,-3.66,10.79,-1.41
"4121","優盛",50.64,353.32,204.29,108.43,-77.21,14.89,24.51,2.56,142.57,4.26,0.93,-0.74,-2.79,-6.27,-1.43,-0.34,29.36,144.43,11.01
"4123","晟德",29.30,1462.61,81.90,74.69,-4.14,7.23,50.48,3.00,121.66,1.17,0.06,-3.50,-5.83,-16.13,-68.20,-1.55,9.00,-24.36,-2.94
"4126","太醫",24.20,188.10,339.77,268.10,86.03,10.13,36.03,4.42,82.57,1.46,0.61,11.85,15.51,76.70,19.10,6.17,97.87,138.11,3.80
"4127","天良",46.22,148.67,60.52,44.00,524.81,6.63,55.05,1.74,209.77,1.17,0.50,1.84,2.41,2.86,3.04,0.26,11.87,240.48,3.69
"4128","中天",14.78,1170.81,585.19,540.70,-125.16,10.68,34.17,4.98,73.29,1.49,0.12,-8.87,-10.08,-21.73,-74.21,-1.87,98.89,37.69,3.70
"4129","聯合",43.88,255.13,154.70,76.35,14.31,4.11,88.80,0.57,640.35,2.76,0.69,7.35,12.20,14.92,9.89,4.74,29.03,74.23,7.54
"4130","健亞",8.87,371.26,560.85,437.95,60.84,5.77,63.25,2.02,180.69,1.30,0.32,1.63,1.76,2.75,5.03,0.23,40.38,69.33,2.29
"4131","浩泰",10.46,404.85,1707.62,1663.34,-2615.46,2.12,172.16,1.36,268.38,0.79,0.13,-12.41,-17.33,-14.40,-92.44,-1.23,-454.14,-185.87,-14.39
"4138","曜亞",41.43,997.42,219.36,180.03,54.00,8.32,43.87,2.15,169.76,7.35,0.52,7.97,13.75,79.80,15.14,5.66,25.78,115.52,0.07
"4139","馬光-KY",64.09,170.27,57.28,43.85,1.40,8.00,45.62,21.19,17.22,3.22,0.80,1.44,2.37,2.52,0.91,0.24,59.46,276.63,58.23
"4147","中裕",19.52,585.52,2518.20,1348.84,"*****",5.40,67.59,0.35,1042.85,0.71,0.13,-4.25,-6.12,-7.39,-33.07,-0.75,-281.63,"NA","NA"
"4153","鈺緯",19.15,485.47,417.57,354.68,566.61,3.62,100.82,2.33,156.65,3.90,0.68,7.36,8.97,19.30,10.86,1.60,49.87,106.35,4.38
"4154","樂威科-KY",48.80,127.24,137.06,120.97,-2806.17,3.30,110.60,2.85,128.07,0.18,0.09,-29.28,-59.54,-46.43,-343.43,-4.75,0.00,17.63,0.00
"4157","太景*-KY",7.83,11317.06,2356.75,2257.91,0.00,18.47,19.76,0.42,869.04,11.31,0.13,-3.11,-3.51,-8.54,-25.61,-0.05,-375.59,387.98,-13.07
"4160","訊聯基因",23.58,1441.16,332.35,307.25,130.09,6.59,55.38,10.94,33.36,22.93,1.00,8.38,11.15,25.25,8.29,2.05,48.46,213.92,11.69
"4161","聿新科",39.15,206.26,192.95,145.73,13.08,3.77,96.81,2.71,134.68,1.69,0.58,6.68,10.68,20.84,10.67,1.84,35.43,127.27,11.80
"4162","智擎",7.66,167641.38,1315.29,1307.44,11951.24,2.50,146.00,2.15,169.76,767.07,0.51,35.73,37.80,148.47,69.39,12.19,103.08,1.38,4.47
"4163","鐿鈦",42.79,199.98,284.20,165.85,12.24,8.48,43.04,1.52,240.13,1.24,0.50,5.93,9.91,64.02,10.85,5.38,36.04,57.11,2.21
"4167","松瑞藥",19.65,505.14,470.60,365.36,2549.85,4.71,77.49,1.03,354.36,1.53,0.30,4.59,5.32,5.77,14.98,0.57,75.08,136.81,10.42
"4168","醣聯",20.51,128.46,181.84,178.85,-3923.84,1176.08,0.31,"NA","NA",0.02,0.01,-16.01,-19.78,-21.14,-1562.51,-2.12,-83.88,"NA",-16.12
"4173","久裕",72.96,4344.11,128.21,125.27,1926.46,3.91,93.35,8.29,44.02,25.64,0.20,1.55,4.76,15.53,7.23,1.26,42.65,727.26,97.44
"4174","浩鼎",14.74,625.26,834.15,764.86,-233.36,11.74,31.09,5.18,70.46,0.08,0.01,-44.41,-51.01,-94.86,-3976.91,-9.89,-444.63,-880.28,-18.99
"4175","杏一",79.44,204.72,74.73,29.54,2.62,41.24,8.85,4.29,85.08,3.78,1.05,1.59,4.80,22.55,0.90,1.65,18.24,"NA",19.28
"4183","福永生技",43.80,418.05,283.40,218.55,9.67,3.73,97.85,4.61,79.17,6.35,0.83,3.49,5.67,7.48,3.84,0.73,-24.90,65.66,-14.36
"4188","安克",4.48,927.85,1662.83,1538.04,-292.76,3.32,109.93,0.73,500.00,0.76,0.09,-8.73,-9.26,-8.35,-99.57,-0.88,-206.22,-755.56,-7.69
"4192","杏國",7.27,16527.61,1177.38,972.91,-178.75,9.21,39.63,1.59,229.55,10.40,0.07,-15.53,-16.66,-15.44,-232.60,-1.54,-222.59,-1387.52,-14.00
"4198","欣大健康",26.79,1743.94,357.07,257.99,-20.37,3.72,98.11,1.91,191.09,3.65,0.45,-9.59,-13.43,-19.21,-20.18,-1.71,-60.33,-229.62,-13.83
"4205","中華食",17.00,215.00,455.00,432.00,212.00,10.13,36.03,22.59,16.15,2.09,0.82,16.22,19.44,55.61,19.56,4.45,126.18,108.36,9.35
"4207","環泰",38.73,193.75,240.92,166.53,8.54,4.67,78.15,6.82,53.51,2.20,0.90,5.67,8.25,19.48,5.26,1.09,24.75,201.36,5.28
"4303","信立",34.34,206.70,147.77,120.04,97.49,5.25,69.52,2.28,160.08,0.42,0.15,33.80,52.09,104.33,217.74,10.62,3.85,53.38,-2.20
"4304","勝昱",89.74,32.50,64.31,41.54,-5.11,3.78,96.56,5.02,72.70,2.53,0.90,-10.17,-76.88,-13.67,-13.05,-1.37,0.00,0.00,-27.12
"4305","世坤",12.61,450.70,670.65,603.58,1442.74,5.10,71.56,8.21,44.45,3.85,0.78,16.22,18.54,49.53,20.92,3.97,98.67,117.04,1.36
"4401","東隆興",52.88,128.60,123.07,55.93,4.42,12.40,29.43,2.65,137.73,1.33,0.67,2.84,4.91,13.76,3.39,1.06,23.71,97.54,5.25
"4402","郡都開發",2.36,974.34,3074.06,3032.41,-25.13,4.22,86.49,5.97,61.13,0.15,0.03,-1.07,-1.15,-0.90,-33.75,-0.09,-113.48,-25.51,-0.02
"4406","新昕纖",34.67,202.17,136.58,82.74,-10.68,7.30,50.00,3.72,98.11,1.50,0.50,-3.95,-6.26,-6.84,-8.45,-0.73,22.22,-3.61,-3.58
"4413","飛寶企業",28.96,319.61,651.42,291.14,186.56,8.01,45.56,2.95,123.72,2.97,0.83,0.74,0.52,0.63,0.44,0.06,-239.35,-162.56,-28.48
"4416","三圓",88.99,833871.32,197.13,45.55,1.14,4.31,84.68,0.03,12166.66,236.43,0.03,0.04,0.34,2.65,1.45,0.10,-1.87,-70.95,-1.46
"4417","金洲",33.96,216.29,229.53,138.81,14.83,4.51,80.93,2.07,176.32,1.86,0.61,8.14,11.44,64.41,12.39,4.41,45.12,100.84,7.95
"4419","皇家美食",72.02,538.72,37.53,30.92,-250.10,45.42,8.03,35.01,10.42,5.90,0.85,-3.51,-10.59,-5.72,-5.20,-0.72,13.12,257.81,9.43
"4420","光明",25.14,185.09,275.88,245.84,17.71,7.26,50.27,10.98,33.24,0.61,0.26,8.27,11.83,71.42,29.94,6.18,16.53,12.64,-74.63
"4430","耀億",49.92,137.62,116.06,75.60,0.02,5.28,69.12,2.81,129.89,1.24,0.58,-0.05,-1.79,-6.67,-1.55,-0.58,6.11,40.70,1.63
"4432","銘旺實",14.62,584.96,589.08,482.25,424.46,6.38,57.21,4.01,91.02,4.48,0.69,8.22,9.54,34.82,11.87,2.64,105.47,324.55,12.26
"4433","興采",68.85,125.46,103.91,64.55,2.26,10.26,35.57,3.05,119.67,0.91,0.49,1.18,1.81,10.13,1.19,0.72,-5.28,32.63,-3.31
"4442","竣邦-KY",34.88,500.49,242.59,208.57,140.67,8.60,42.44,10.65,34.27,10.58,1.49,10.23,15.75,41.16,6.81,3.19,64.11,175.02,30.00
"4502","健信",72.65,158.97,121.14,75.44,1.22,3.43,106.41,2.17,168.20,1.36,0.53,2.87,1.32,3.10,0.65,0.21,20.56,34.73,1.13
"4503","金雨",11.36,435.48,817.90,693.46,-56.22,3.13,116.61,2.93,124.57,0.97,0.25,-5.77,-6.59,-9.77,-22.78,-1.27,-37.27,-102.85,-3.02
"4506","崇友",46.41,515.17,160.68,99.25,4137.91,6.40,57.03,1.48,246.62,5.04,0.56,10.07,18.41,69.18,18.02,5.58,25.06,117.38,8.66
"4510","高鋒",55.52,275.21,120.20,84.78,3.91,3.79,96.30,1.98,184.34,1.71,0.38,3.45,5.95,13.30,6.66,1.05,7.03,68.36,1.33
"4513","福裕",64.32,1057.40,237.49,60.51,-0.08,6.51,56.06,0.63,579.36,4.38,0.35,-0.66,-4.02,-3.93,-4.66,-0.49,-69.11,-0.51,-0.27
"4523","永彰",51.54,330.07,135.28,54.69,-7.05,3.91,93.35,1.19,306.72,1.16,0.28,-6.98,-15.72,-25.59,-27.59,-1.53,-26.41,0.00,0.00
"4527","方方土霖",45.00,290.00,191.00,150.00,46.00,2.30,158.69,4.50,81.11,5.70,1.00,9.00,19.00,54.00,9.00,4.20,41.00,109.00,15.00
"4528","江興鍛",37.76,148.65,177.17,143.62,1.57,3.85,94.80,5.63,64.83,0.86,0.46,0.52,0.04,1.61,0.05,0.01,36.06,101.04,4.59
"4529","淳紳",7.68,220.11,464.49,427.62,-107.26,33.67,10.84,"NA","NA",0.04,0.02,-28.53,-30.96,-13.01,-1618.96,-1.30,-212.38,0.03,-16.98
"4530","宏易",18.31,451.36,302.34,272.09,-56.97,22.36,16.32,12.55,29.08,2.54,0.60,-20.61,-29.19,-8.34,-35.16,-1.28,50.00,14.40,5.43
"4533","協易機",59.14,537.77,207.14,155.34,10.36,9.61,37.98,2.02,180.69,4.83,0.56,4.34,9.33,20.86,6.83,1.55,21.86,112.25,7.53
"4534","慶騰",47.12,160.55,143.48,102.19,3.82,2.88,126.73,2.48,147.17,1.73,0.64,2.03,2.94,2.65,2.38,0.23,4.60,66.81,1.26
"4535","至興",13.95,291.53,510.80,438.27,687.10,6.15,59.34,6.89,52.97,2.86,0.88,8.70,10.16,52.50,9.91,2.44,104.19,142.96,4.78
"4538","大詠城",7.66,180.80,614.53,552.45,12.33,3.01,121.26,5.86,62.28,0.65,0.33,1.25,1.28,2.03,3.54,0.19,143.96,81.48,9.43
"4541","晟田",59.06,200.17,190.70,144.57,443.73,4.03,90.57,2.24,162.94,0.91,0.36,2.85,5.38,15.67,5.99,1.26,10.81,139.33,1.11
"4542","科嶠",57.30,290.47,211.38,134.77,3.65,1.88,194.14,0.81,450.61,1.46,0.33,0.91,0.43,9.01,0.55,0.08,19.13,29.91,5.54
"4543","萬在",31.06,196.56,225.97,171.57,14.19,4.23,86.28,2.02,180.69,0.75,0.31,5.20,7.00,26.45,15.60,2.09,24.82,110.07,2.21
"4549","桓達",27.31,340.76,836.89,722.43,66.37,5.04,72.42,2.05,178.04,1.74,0.52,10.88,14.11,59.24,20.60,4.72,135.85,91.70,2.52
"4550","長佳",44.34,297.98,164.94,148.99,690.07,2.75,132.72,0.43,848.83,3.26,0.65,6.32,12.47,40.42,9.57,3.16,52.07,126.89,27.90
"4554","橙的",34.99,2766.50,296.16,225.44,24.96,4.87,74.94,1.96,186.22,21.18,0.62,6.88,9.70,23.92,10.71,1.87,35.49,135.09,11.38
"4556","旭然",47.46,151.81,175.60,114.48,326.66,4.55,80.21,1.40,260.71,0.86,0.44,1.53,1.73,6.83,2.04,0.34,19.68,46.84,4.27
"4558","寶緯",62.99,164.40,159.61,71.34,238.94,3.62,100.82,1.85,197.29,1.73,0.63,1.81,2.71,6.06,1.66,0.48,2.99,13.60,1.50
"4561","健椿",40.36,152.87,244.17,179.28,20.85,8.05,45.34,2.14,170.56,0.94,0.50,8.50,14.47,41.67,16.07,3.28,53.74,115.02,6.88
"4563","百德",60.34,541.59,167.01,101.91,984.33,3.83,95.30,1.79,203.91,7.44,0.80,5.98,13.71,57.74,6.56,3.87,2.19,261.22,0.36
"4568","科際精密",31.89,291.96,310.49,244.17,217.30,5.13,71.15,4.88,74.79,2.60,0.73,5.54,8.07,34.35,7.58,2.81,24.79,76.06,0.24
"4577","達航科技",48.97,157.92,175.68,86.55,-2.12,3.69,98.91,1.32,276.51,0.66,0.33,-1.66,-5.24,-15.44,-7.95,-1.08,15.08,69.56,2.91
"4580","捷流閥業",33.64,312.42,268.84,188.74,44.85,4.89,74.64,1.86,196.23,2.58,0.65,10.71,16.04,105.91,15.97,8.86,44.70,97.64,6.66
"4584","君帆",52.29,169.58,161.80,126.37,21.78,2.89,126.29,3.18,114.77,1.82,0.67,5.74,11.13,53.66,8.12,3.60,33.31,138.01,11.80
"4609","唐鋒",75.78,459.34,178.03,168.86,-1.86,3.21,113.70,2.14,170.56,1.45,0.21,-2.44,-13.83,-4.66,-16.64,-0.47,-14.53,-78.26,-4.36
"4702","中美實",12.21,1677.64,360.95,353.46,1623.36,28.76,12.69,17.82,20.48,2.35,0.12,3.10,3.42,6.51,23.51,0.58,57.24,14180.07,7.19
"4706","大恭",10.20,1052.99,903.37,559.58,0.00,4.49,81.29,1.82,200.54,8.07,0.73,4.74,5.24,12.69,6.51,0.99,53.43,88.99,2.35
"4707","磐亞",30.65,871.05,47.25,35.44,9.35,10.08,36.21,6.33,57.66,1.84,0.17,4.90,6.34,9.59,26.49,0.95,1.91,223.34,-0.82
"4711","永純",18.46,298.53,492.64,349.06,908.16,5.20,70.19,2.84,128.52,2.07,0.60,0.55,0.56,2.04,0.76,0.10,22.64,84.98,0.49
"4714","永捷",38.82,333.35,195.68,61.88,2072.29,4.90,74.48,0.21,1738.09,0.41,0.08,9.35,14.57,42.26,88.21,0.38,-53.07,-82.17,-27.63
"4716","大立",38.97,244.64,210.47,192.91,8.84,3.37,108.30,5.18,70.46,1.10,0.29,4.69,7.00,10.45,13.24,0.94,11.39,20.32,4.65
"4721","美琪瑪",31.00,338.39,248.62,181.47,34.96,3.99,91.47,4.85,75.25,5.47,1.12,14.58,20.71,37.76,11.87,3.36,50.96,89.38,22.78
"4726","永昕",39.93,169.07,111.32,90.70,-1669.53,7.44,49.05,5.93,61.55,0.40,0.19,-12.50,-20.90,-22.68,-68.30,-2.27,-28.98,-14.65,-4.95
"4729","熒茂",58.04,380.10,123.05,109.75,2.58,6.54,55.81,4.77,76.51,1.84,0.31,2.03,2.83,6.89,3.87,0.40,11.47,85.44,5.45
"4735","豪展",29.63,249.05,205.29,167.99,15.83,22.17,16.46,5.60,65.17,2.65,0.76,5.01,6.70,14.89,6.24,1.62,55.09,70.62,18.15
"4741","泓瀚",16.66,168.67,298.82,251.79,37.92,5.95,61.34,4.56,80.04,1.04,0.51,5.75,6.83,23.32,10.96,1.99,58.77,135.94,3.33
"4743","合一",6.29,1992.46,3987.18,3905.12,-11865.14,5.35,68.22,0.46,793.47,0.17,0.01,-7.88,-8.45,-24.00,-977.75,-2.44,0.00,27.33,0.00
"4744","皇將",45.23,238.95,179.31,126.43,5.62,6.61,55.21,1.15,317.39,2.22,0.56,2.30,3.55,11.71,3.21,0.75,26.06,150.80,14.13
"4745","合富-KY",25.35,1225.26,339.26,276.41,407.44,1.24,294.35,3.92,93.11,10.36,0.62,0.94,0.94,11.48,1.14,0.01,21.33,67.41,6.33
"4747","強生製藥",13.30,299.41,781.12,696.97,32.01,4.86,75.10,2.54,143.70,1.01,0.31,4.39,4.98,24.19,13.76,1.87,36.74,66.03,-0.22
"4749","新應材",44.98,150.85,157.03,88.41,42.09,6.88,53.05,3.09,118.12,1.45,0.68,14.60,27.09,100.68,20.98,8.50,81.69,49.94,15.69
"4754","國碳科",38.84,188.79,271.67,177.14,32.20,8.26,44.18,3.49,104.58,1.79,0.76,9.99,16.08,32.96,12.60,2.63,78.58,121.15,10.28
"4760","勤凱科技",38.63,485.01,200.23,134.67,25.77,2.78,131.29,3.76,97.07,7.69,1.12,14.76,21.73,78.97,12.72,6.30,-5.18,78.42,-9.99
"4767","誠泰科技",32.76,643.54,486.14,374.33,29.53,3.99,91.47,4.07,89.68,6.51,0.83,6.41,9.53,33.64,7.43,2.82,73.56,157.22,8.39
"4768","晶呈科技",33.51,130.90,155.17,100.51,2066.52,9.07,40.24,2.98,122.48,0.77,0.89,7.09,9.50,42.33,15.21,2.90,54.49,37.78,3.73
"4772","台特化",4.53,246.38,1328.47,1218.60,385594.00,6.79,53.75,2.81,129.89,0.65,0.33,14.76,15.46,26.11,44.12,2.74,345.41,244.23,10.76
"4804","大略-KY",87.51,93.27,39.64,25.50,-803.04,0.71,514.08,"NA","NA",0.52,0.34,-16.88,-71.76,-14.59,-56.13,-1.47,36.26,70.65,30.73
"4806","桂田文創",31.60,1396.12,370.96,351.94,-5.48,37.26,9.79,3.70,98.64,0.51,0.07,-3.50,-5.63,-2.00,-59.85,-0.20,-17.35,106.59,-3.64
"4903","聯光通",23.65,1529.72,309.13,257.24,6.50,5.20,70.19,9.00,40.55,12.01,0.63,0.37,0.35,0.78,0.45,0.07,-4.87,-779.29,-1.47
"4905","台聯電",31.06,2569.64,169.38,151.33,7.46,10.97,33.27,2.22,164.41,5.41,0.15,2.93,3.40,43.99,16.83,2.91,5.40,19.46,0.89
"4907","富宇",67.03,311443.94,214.59,37.39,211.56,81.08,4.50,0.67,544.77,5796.79,0.71,8.06,31.40,75.21,11.31,6.00,72.96,38.43,59.45
"4908","前鼎",9.60,531.74,834.29,750.13,18519.57,4.04,90.34,1.90,192.10,2.95,0.50,11.72,13.07,33.15,23.54,2.82,179.63,112.63,5.48
"4909","新復興",13.53,1349.07,718.80,702.51,"NA",4.22,86.49,16.73,21.81,10.80,0.87,29.81,33.72,86.18,34.08,10.14,35.85,15.47,3.70
"4911","德英",13.10,225.16,361.39,342.09,3043.15,15.28,23.88,1.96,186.22,0.67,0.27,11.08,12.78,21.14,40.98,1.73,107.94,664.97,11.38
"4924","欣厚-KY",51.66,126.91,107.08,81.13,1.33,6.21,58.77,7.44,49.05,1.86,0.95,1.29,0.49,0.91,0.25,0.05,27.45,69.08,14.35
"4931","新盛力",31.32,1326.88,262.78,163.09,1441.82,8.10,45.06,3.31,110.27,20.55,1.29,10.44,14.38,30.95,8.09,2.50,83.30,53.89,25.39
"4933","友輝",22.92,1017.77,479.62,422.51,21902.38,6.04,60.43,3.47,105.18,7.91,0.64,12.61,16.24,85.13,19.60,7.07,68.97,134.16,5.17
"4939","亞電",44.24,224.25,171.75,151.49,2.23,1.87,195.18,6.57,55.55,1.92,0.57,1.46,1.24,3.22,1.24,0.19,5.17,95.06,0.02
"4945","陞達科技",18.16,8209.20,579.95,470.17,543.19,4.80,76.04,2.22,164.41,66.10,0.58,12.18,14.24,38.82,20.79,3.23,72.01,88.17,5.54
"4946","辣椒",65.35,770.82,128.90,104.36,-56.56,3.12,116.98,18.27,19.97,8.24,0.29,-58.48,-171.98,-104.79,-204.49,-11.40,-91.18,-64.77,-63.63
"4950","金耘國際",35.55,453.09,192.38,117.10,-21.55,2.56,142.57,1.73,210.98,2.41,0.43,-6.31,-10.38,-3.79,-15.31,-0.89,9.20,0.00,4.40
"4951","精拓科",14.53,168.96,348.39,296.76,815.18,7.51,48.60,1.35,270.37,0.95,0.51,14.18,16.38,51.02,27.65,4.25,158.26,75.17,13.93
"4953","緯軟",32.24,527.80,281.41,279.77,15871.72,3.45,105.79,"NA","NA",13.79,1.89,8.41,12.38,67.63,4.43,6.25,33.78,124.23,4.76
"4966","譜瑞-KY",14.66,6473.23,458.67,349.44,0.00,10.07,36.24,2.05,178.04,43.87,0.65,10.45,12.35,345.87,15.95,32.55,91.00,148.91,9.88
"4971","IET-KY",12.96,139.52,266.54,166.62,-11.81,4.96,73.58,1.65,221.21,0.58,0.36,-6.21,-7.70,-35.96,-18.37,-3.58,6.58,70.84,0.58
"4972","湯石照明",25.61,438.92,291.26,253.89,6.30,3.64,100.27,4.57,79.86,2.92,0.56,0.09,0.01,2.09,0.02,0.00,0.06,106.52,-1.70
"4973","廣穎電通",28.22,869.99,229.65,84.43,14.23,13.81,26.43,2.70,135.18,18.03,1.39,3.82,5.09,20.24,2.57,1.79,31.47,70.71,9.47
"4974","亞泰",26.83,2052.37,378.97,325.13,168182.73,7.54,48.40,6.16,59.25,22.24,1.03,12.41,16.50,89.95,12.02,7.29,58.72,137.87,8.12
"4979","華星光",28.39,673.68,660.85,596.03,342.40,9.85,37.05,5.96,61.24,5.44,0.84,12.93,16.58,38.61,15.45,3.79,127.55,159.67,10.28
"4987","科誠",25.09,332.76,372.52,228.84,591.12,7.41,49.25,1.76,207.38,3.26,0.86,13.84,17.98,88.49,16.01,6.49,103.26,125.90,13.97
"4991","環宇-KY",13.82,300.42,709.12,536.62,-19.64,5.67,64.37,2.47,147.77,1.91,0.49,-6.36,-7.89,-20.94,-13.54,-2.13,218.97,78.33,9.03
"4995","晶達",42.34,183.50,205.37,152.30,26.92,6.12,59.64,3.83,95.30,1.85,0.81,11.50,19.59,56.16,13.73,4.53,57.77,73.28,5.97
"5009","榮剛",46.50,371.70,400.15,210.57,14.47,5.08,71.85,1.29,282.94,1.52,0.39,8.49,15.16,53.94,20.31,4.40,19.85,38.45,-1.52
"5011","久陽",54.17,338.71,124.47,68.53,-3.62,6.83,53.44,10.92,33.42,3.72,0.76,-1.59,-4.83,-19.95,-3.05,-0.36,-41.07,0.00,-23.48
"5013","強新",39.88,210.86,275.38,149.78,8.62,4.35,83.90,3.41,107.03,2.52,0.93,4.98,7.58,35.73,4.73,1.66,34.98,97.41,5.08
"5014","建錩",72.08,177.09,112.93,78.05,2.64,10.64,34.30,8.48,43.04,6.26,1.49,3.24,6.88,15.40,1.32,1.17,-3.29,-38.77,-6.45
"5015","華祺",48.25,372.53,162.80,108.20,12.25,8.45,43.19,2.00,182.50,4.13,0.61,6.47,11.18,30.99,9.76,2.51,0.79,86.02,0.00
"5016","松和",41.26,245.23,348.53,187.05,7.53,5.67,64.37,2.45,148.97,2.36,0.79,3.76,5.76,21.37,4.17,1.71,53.04,106.19,7.53
"5201","凱衛",28.80,5517.22,424.67,413.64,52.21,10.16,35.92,33.41,10.92,34.05,0.44,11.65,15.78,23.84,25.56,2.25,13.18,104.14,-5.68
"5202","力新",6.92,2658.21,1153.85,1124.21,38012.85,8.50,42.94,3.26,111.96,3.41,0.12,12.16,12.98,18.21,95.01,1.75,0.00,0.00,0.00
"5205","中茂",20.32,3518.42,387.06,379.72,-83.46,3.89,93.83,209.19,1.74,11.24,0.25,-13.03,-17.95,-12.88,-53.48,-1.49,"NA","NA","NA"
"5206","坤悅",79.94,70758.46,133.48,20.27,2.09,554.70,0.65,0.14,2607.14,699.12,0.17,2.30,10.31,27.88,13.21,2.06,0.00,0.00,0.00
"5209","新鼎",80.32,1569.30,131.92,130.53,64.79,5.65,64.60,62.85,5.80,65.47,1.29,7.78,39.92,164.80,5.93,13.37,39.16,189.00,80.00
"5210","寶碩",10.05,258.03,718.13,705.18,-24.66,8.25,44.24,3.18,114.77,0.93,0.35,-7.43,-9.67,-6.58,-22.07,-0.83,0.00,160.13,0.00
"5211","蒙恬",10.39,358.47,913.88,795.73,-2415.43,8.48,43.04,2.41,151.45,1.62,0.36,-8.87,-10.04,-10.56,-24.36,-1.17,-161.32,-190.36,-10.62
"5212","凌網",54.79,1268.81,309.04,296.52,40.94,8.33,43.81,15.11,24.15,14.70,0.99,11.92,22.92,45.42,11.78,3.84,57.93,147.22,11.56
"5213","亞昕",78.51,678.30,140.10,21.95,3.55,26.00,14.03,0.12,3041.66,2.47,0.14,2.12,7.05,17.73,10.97,1.65,-22.78,-71.74,-41.55
"5220","萬達光電",36.39,153.74,252.54,191.16,2.71,6.93,52.66,4.42,82.57,0.83,0.53,1.25,1.40,2.95,1.63,0.28,3.92,67.81,-1.97
"5223","安力-KY",42.67,157.73,148.62,123.38,0.60,2.03,179.80,9.58,38.10,1.13,0.50,1.02,-1.21,-1.62,-1.44,-0.54,1.61,58.23,0.54
"5227","立凱-KY",50.21,105.69,80.75,39.13,-34.77,18.66,19.56,2.00,182.50,1.18,0.50,-19.38,-36.85,-34.60,-39.79,-3.46,0.00,0.00,0.00
"5228","鈺鎧",55.07,126.18,177.59,103.24,-6.08,6.21,58.77,2.57,142.02,0.52,0.36,-6.02,-14.46,-22.88,-20.75,-2.11,-0.24,97.60,-0.03
"5230","雷笛克光學",40.92,171.93,178.70,120.77,3.00,3.19,114.42,2.69,135.68,1.57,0.64,2.17,2.81,7.03,2.36,0.62,27.65,60.31,4.63
"5236","凌陽創新",15.77,23401.78,669.79,628.38,46595.31,5.94,61.44,3.25,112.30,151.77,0.60,16.01,18.82,96.66,26.52,8.25,103.53,111.40,2.21
"5245","智晶",49.18,152.98,120.93,76.80,-869.56,10.87,33.57,3.91,93.35,1.02,0.50,-6.98,-14.12,-28.88,-15.13,-3.13,8.23,117.30,1.53
"5251","天鉞電",20.68,1035.88,450.02,347.03,30.55,7.47,48.86,3.01,121.26,7.09,0.56,0.43,0.50,1.72,0.72,0.06,-37.16,-935.81,-7.36
"5263","智崴",26.62,616.13,658.29,594.09,410.98,2.25,162.22,"NA","NA",1.80,0.26,1.89,2.05,14.40,5.27,1.10,46.08,30.12,4.28
"5272","笙科",12.22,255.40,742.95,478.57,-1.53,8.07,45.22,0.90,405.55,0.77,0.29,-0.28,-0.48,-0.98,-1.53,-0.09,7.26,8.13,0.31
"5274","信驊",27.01,1648.20,317.98,296.92,681.84,5.99,60.93,6.95,52.51,23.38,1.05,41.96,54.28,837.45,39.80,68.04,167.00,136.13,51.20
"5276","達輝-KY",42.88,439.25,181.82,131.67,14.81,5.12,71.28,5.50,66.36,8.09,1.16,4.25,6.25,14.75,3.30,0.74,14.07,56.77,3.76
"5278","尚凡*",69.96,21420.18,290.16,249.16,11.04,12.70,28.74,1.97,185.27,494.95,1.21,12.17,35.91,90.04,9.09,0.67,27.96,87.44,2.81
"5287","數字",43.29,255.76,152.65,151.59,135.97,16.28,22.42,"*****","*****",2.04,0.58,19.84,34.62,157.25,33.48,12.67,63.49,112.97,14.28
"5289","宜鼎",21.35,288.17,407.88,291.81,76.86,7.06,51.69,3.74,97.59,3.22,0.93,11.70,14.91,147.52,12.39,12.20,57.17,86.42,-0.56
"5291","邑昇",39.76,254.86,229.51,131.40,6.20,3.38,107.98,2.30,158.69,2.23,0.63,0.49,0.56,3.28,0.56,0.39,28.54,48.08,4.88
"5299","杰力",16.72,1813.61,320.03,264.84,2190.44,5.88,62.07,2.41,151.45,9.48,0.44,9.12,9.48,69.58,17.84,5.93,61.69,107.25,5.70
"5302","太欣",28.98,1068.56,67.66,60.84,-3.56,68.53,5.32,1.72,212.20,0.09,0.00,-1.93,-3.45,-2.78,-320.94,-0.27,-16.10,-427.24,-0.96
"5309","系統電",35.31,253.22,207.67,178.16,696.84,3.48,104.88,5.63,64.83,3.37,0.63,2.66,3.83,5.87,3.73,0.61,29.33,65.23,11.27
"5310","天剛",17.51,208270.77,699.46,688.97,85.93,0.81,450.61,"*****","*****",4.85,0.01,33.45,40.84,32.10,6397.44,3.02,-49.25,-21041.88,-7.61
"5312","寶島科",56.52,401.52,168.30,141.55,14.70,104.89,3.47,2.16,168.98,3.16,0.52,7.01,15.35,102.87,12.45,8.24,28.36,164.09,7.01
"5315","光聯",20.18,1196.54,466.51,399.12,120391.67,3.78,96.56,4.69,77.82,11.12,0.77,6.36,7.85,14.93,8.25,1.21,22.94,78.37,0.17
"5321","美而快",80.59,153.43,87.87,58.36,181.15,19.91,18.33,3.63,100.55,2.26,0.79,2.40,4.47,13.10,1.01,0.03,8.75,81.17,8.61
"5324","士開",83.31,1663.89,179.42,22.05,1.73,133.51,2.73,0.29,1258.62,7.66,0.26,2.34,10.87,7.48,6.45,0.70,7.48,5.94,6.40
"5328","華容",21.13,1074.31,357.87,334.27,11.26,2.26,161.50,6.35,57.48,4.28,0.37,3.15,3.59,5.04,7.82,0.39,1.63,108.77,-2.11
"5340","建榮",19.23,162.42,260.22,164.08,1867.38,4.04,90.34,3.26,111.96,1.58,0.80,6.19,7.49,9.77,7.69,0.78,65.66,95.66,7.75
"5344","立衛",18.92,200.32,371.77,365.77,54.12,3.34,109.28,3.09,118.12,1.35,0.54,6.98,8.40,5.48,12.34,0.55,146.49,198.86,9.26
"5345","天揚",4.72,7821.57,2288.82,1779.13,-282.15,10.94,33.36,0.44,829.54,2.28,0.02,-41.93,-46.54,-18.81,-1076.01,-2.51,-554.47,-785.61,-20.87
"5347","世界",53.82,288.46,403.32,370.95,26.14,7.49,48.73,5.40,67.59,1.09,0.35,5.83,12.83,46.88,15.99,4.16,115.69,104.61,7.62
"5348","正能量智能",34.02,2258.96,284.32,177.34,-5.79,7.57,48.21,2.68,136.19,50.41,1.16,-2.51,-3.97,-2.22,-2.31,-0.71,-20.61,78.87,-9.59
"5351","鈺創",36.41,687.47,187.54,71.02,0.00,4.38,83.33,0.95,384.21,5.34,0.51,-8.34,-15.83,-18.87,-17.69,-1.77,0.00,37.81,0.00
"5353","台林",34.17,318.58,223.88,163.33,251.07,5.82,62.71,2.62,139.31,3.88,0.88,7.69,11.96,25.31,8.66,2.15,41.91,65.26,7.93
"5355","佳總",20.23,267.64,328.02,294.47,-145.60,3.96,92.17,7.44,49.05,1.33,0.39,-12.30,-15.14,-9.04,-31.84,-0.92,-17.67,0.00,0.00
"5356","協益",24.23,606.68,275.77,205.32,5019.51,4.27,85.48,4.29,85.08,4.43,0.63,3.70,4.77,30.33,5.72,2.16,58.27,45.38,7.08
"5364","力麗店",43.12,158.13,57.46,53.43,8.67,31.76,11.49,51.69,7.06,0.72,0.36,-8.97,-21.73,-17.06,-27.16,-1.41,-0.08,655.77,-0.04
"5371","中光電",53.58,286.44,147.68,114.83,3.11,4.06,89.90,3.81,95.80,4.28,0.71,2.05,3.43,22.47,1.66,2.10,2.54,61.05,2.03
"5381","合正",35.19,453.00,181.36,95.29,8.46,9.34,39.07,2.33,156.65,4.09,0.69,7.18,12.45,11.16,9.12,0.93,48.12,85.57,22.16
"5386","青雲",71.23,19418.41,137.17,61.40,534.67,9.24,39.50,6.44,56.67,2041.22,2.87,8.62,18.36,41.82,2.33,3.31,-83.54,58.05,-212.97
"5392","能率",48.90,379.29,149.33,126.31,3.38,4.63,78.83,6.16,59.25,3.58,0.61,0.70,1.39,16.19,1.15,0.18,22.24,154.24,8.59
"5398","慕康生醫",15.94,3520.19,304.33,252.25,1801.07,5.17,70.59,2.98,122.48,15.09,0.39,1.85,1.98,3.21,4.38,0.21,-24.70,109.57,-3.93
"5403","中菲",44.10,285.93,170.22,106.28,386909.00,31.98,11.41,1.66,219.87,3.62,0.69,13.51,24.44,101.49,19.62,8.44,34.11,129.02,6.90
"5410","國眾",61.60,2407.22,130.68,96.76,381.72,3.94,92.63,6.58,55.47,59.41,1.16,4.34,10.06,18.81,3.73,1.61,21.85,110.77,30.45
"5425","台半",49.19,357.73,204.11,130.80,12.36,4.99,73.14,2.93,124.57,3.36,0.76,4.98,8.27,50.41,6.03,1.87,28.27,91.40,6.75
"5426","振發",24.76,202.67,326.26,285.72,37092.40,3.04,120.06,6.47,56.41,1.34,0.50,4.99,6.56,12.90,9.49,0.99,11.73,99.19,1.83
"5432","新門",8.48,139985.92,812.36,661.21,413.64,7.64,47.77,2.92,125.00,710.39,0.44,6.61,7.49,13.76,15.06,1.36,93.75,21.88,4.06
"5438","東友",15.78,8964.77,199.88,161.79,15.55,4.39,83.14,6.64,54.96,32.90,0.38,2.65,3.03,8.63,6.51,1.10,5.46,19.03,-0.89
"5439","高技",51.59,160.62,142.75,89.67,37.55,2.85,128.07,3.21,113.70,2.91,0.89,7.17,13.21,43.43,7.82,3.51,12.87,47.19,0.00
"5443","均豪",44.25,683.11,106.78,83.60,1208.13,2.38,153.36,2.24,162.94,4.39,0.40,4.66,8.39,36.04,10.67,1.82,16.62,129.89,4.90
"5450","南良",48.50,293.43,206.20,164.82,12.29,5.56,65.64,5.71,63.92,2.86,0.76,4.34,7.89,15.88,5.16,1.13,24.38,150.87,4.70
"5452","佶優",42.85,633.27,253.16,196.28,3.89,3.28,111.28,6.18,59.06,13.14,1.41,2.71,3.15,8.84,1.28,0.40,9.16,60.83,3.09
"5455","昇益",73.97,2503673.91,132.77,22.97,31.13,25.93,14.07,0.76,480.26,67103.33,0.73,7.95,39.83,65.01,10.54,5.83,-3.23,-39.66,-9.68
"5457","宣德",59.85,224.27,129.40,98.92,14.44,3.00,121.66,5.50,66.36,3.88,0.86,5.00,11.49,96.15,5.37,2.30,45.01,106.59,35.57
"5460","同協",11.18,337.76,919.80,886.54,316.66,4.93,74.03,6.77,53.91,1.27,0.33,1.62,1.83,2.88,4.77,0.22,45.10,752.56,2.35
"5464","霖宏",66.33,160.83,111.58,102.67,390.79,5.76,63.36,7.62,47.90,0.71,0.22,3.65,8.96,23.60,11.74,1.74,56.06,34.54,34.75
"5465","富驊",40.31,507.31,204.17,148.32,42.82,2.38,153.36,3.87,94.31,7.47,0.90,6.84,11.43,24.67,7.10,1.82,25.00,128.10,5.84
"5468","凱鈺",58.25,276.29,153.22,22.54,0.00,8.29,44.02,0.20,1825.00,1.05,0.19,-0.58,-1.68,-1.33,-3.97,-0.13,-40.52,-52.42,-37.46
"5474","聰泰",17.13,34221.24,334.64,211.81,622.50,100.57,3.62,1.30,280.76,179.72,0.52,12.41,15.13,75.46,23.82,7.15,67.44,79.44,11.08
"5475","德宏",54.38,111.25,80.55,58.04,-4.35,1.57,232.48,1.96,186.22,0.85,0.28,-8.02,-19.46,-11.28,-31.44,-1.36,-14.44,-370.18,-5.32
"5478","智冠",43.48,3309.00,177.74,175.35,1210.09,22.70,16.07,14.27,25.57,19.26,0.37,6.80,12.90,95.72,18.27,7.75,16.21,154.31,-0.22
"5481","新華",22.68,1099.25,1756.46,1678.67,-1.22,16.06,22.72,4.33,84.29,0.67,0.06,-0.72,-1.33,-1.91,-17.08,-0.24,158.08,-35.00,5.67
"5483","中美晶",57.41,141.24,132.95,113.45,7.72,6.42,56.85,4.18,87.32,0.70,0.32,5.03,11.75,229.75,14.57,9.24,20.88,62.65,4.00
"5487","通泰",9.66,683.01,1540.30,1343.65,-474.35,4.87,74.94,1.93,189.11,2.39,0.33,-0.45,-0.50,-0.96,-1.37,-0.11,28.22,66.94,1.48
"5488","松普",35.52,606.10,264.68,225.40,0.36,4.57,79.86,2.93,124.57,4.89,0.56,0.55,0.07,-0.67,0.07,0.01,-25.42,82.73,-7.52
"5489","彩富",13.34,375.20,573.47,418.53,61783.25,6.60,55.30,2.13,171.36,2.82,0.67,8.88,10.36,26.90,13.15,2.39,57.90,58.78,3.39
"5490","同亨",37.23,2204.11,260.65,197.06,6508.06,5.13,71.15,1.69,215.97,23.16,0.70,1.75,2.73,4.22,2.39,0.35,3.46,60.37,1.57
"5493","三聯",43.88,351.00,138.62,85.83,2540.44,4.77,76.51,3.63,100.55,4.52,0.83,6.78,11.87,100.36,7.76,4.20,26.69,76.12,9.23
"5498","凱崴",44.25,187.57,179.98,131.48,102.12,2.01,181.59,2.24,162.94,0.84,0.31,0.69,0.05,0.03,0.09,-0.01,-6.05,64.67,-1.43
"6101","寬魚國際",7.48,614.17,1021.38,681.41,10736.00,4.35,83.90,"*****","*****",3.64,0.58,2.62,2.80,1.84,4.56,0.28,-174.05,-1388.67,-14.15
"6103","合邦",5.54,0.00,2531.42,2200.50,81.36,3.11,117.36,3.36,108.63,7.14,0.33,28.16,32.63,125.85,84.40,3.40,125.85,1573.19,5.18
"6104","創惟",39.23,217.17,166.95,127.70,24.61,12.91,28.27,1.90,192.10,3.42,0.98,9.45,15.92,38.70,9.57,3.37,55.22,74.66,19.42
"6109","亞元",31.45,776.18,257.69,213.38,-40.59,3.57,102.24,3.44,106.10,8.55,0.70,-10.65,-15.90,-18.12,-15.53,-1.65,5.82,39.58,-0.47
"6111","大宇資",48.86,641.91,161.28,104.93,5.02,3.94,92.63,2.70,135.18,6.27,0.68,4.07,7.07,-12.66,4.87,0.77,1.25,-38.33,0.84
"6113","亞矽",46.51,8916.14,208.40,172.14,0.32,4.37,83.52,3.26,111.96,101.66,0.62,0.05,-1.18,-1.24,-0.98,-0.13,59.44,92.39,31.70
"6114","久威",40.07,684.19,239.60,232.62,15.67,2.73,133.69,12.06,30.26,3.34,0.40,5.29,8.35,44.59,12.09,2.52,23.69,430.93,13.78
"6118","建達",62.97,822.66,148.01,92.95,4.09,6.52,55.98,9.37,38.95,62.24,3.01,1.52,3.23,4.67,0.38,0.39,1.86,74.94,2.82
"6121","新普",44.56,491.10,211.31,163.41,135.48,5.76,63.36,4.41,82.76,8.18,1.03,8.23,15.16,438.22,7.90,28.88,20.84,103.94,4.15
"6122","擎邦",62.39,526.74,145.69,82.52,27.98,23.35,15.63,0.39,935.89,15.95,0.85,8.38,20.02,55.05,8.33,4.41,32.95,82.81,36.52
"6123","上奇",47.73,1388.21,167.41,141.82,21.93,7.86,46.43,25.72,14.19,37.69,1.58,9.16,16.79,62.72,5.52,3.65,6.51,72.30,-6.57
"6124","業強",28.45,161.78,141.22,106.94,-6.00,3.21,113.70,5.14,71.01,0.88,0.38,-4.11,-6.47,-10.77,-12.13,-1.19,-13.20,79.30,-4.01
"6125","廣運",51.03,238.78,179.97,127.62,-6.32,5.84,62.50,1.88,194.14,0.68,0.23,-4.89,-11.09,-23.75,-23.88,-0.56,-6.75,40.04,-4.49
"6126","信音",32.62,738.58,327.04,303.10,10.10,2.93,124.57,6.20,58.87,3.84,0.40,2.92,3.94,23.87,6.54,0.98,18.09,122.32,1.32
"6127","九豪",67.71,148.54,101.30,71.30,-0.03,2.75,132.72,2.32,157.32,0.67,0.30,-0.73,-5.98,-5.33,-6.91,-0.64,0.00,14.51,0.00
"6129","普誠",12.85,465.37,567.03,367.32,-18882.47,3.85,94.80,1.60,228.12,2.61,0.47,-6.95,-7.97,-9.32,-14.84,-1.00,0.00,95.06,0.00
"6130","上亞科技",23.73,343.95,222.25,193.85,-9.07,9.89,36.90,5.41,67.46,0.93,0.20,-3.17,-4.30,-6.97,-17.03,-0.75,7.71,18.65,1.78
"6134","萬旭",38.31,630.05,210.28,174.55,3.18,3.31,110.27,4.21,86.69,7.81,0.95,1.10,1.10,2.39,0.70,0.24,-14.73,33.10,-5.22
"6138","茂達",25.41,619.18,341.13,254.33,191.09,5.62,64.94,3.23,113.00,8.07,1.00,14.10,19.72,138.59,13.90,9.89,96.13,115.91,17.53
"6140","訊達電腦",59.39,74919.89,148.32,129.33,880.18,3.05,119.67,13.91,26.24,1431.60,1.03,3.19,8.87,11.58,2.77,1.03,-92.44,98.93,-167.06
"6143","振曜",36.75,613.97,241.12,200.52,69.13,4.18,87.32,5.37,67.97,11.41,1.02,11.11,17.67,113.33,10.63,7.33,34.34,125.32,3.81
"6144","得利影",13.09,1151.43,461.81,366.46,-113.95,8.07,45.22,2.91,125.42,6.31,0.50,-5.85,-7.37,-5.74,-11.79,-0.57,67.68,88.65,8.15
"6146","耕興",23.55,282.49,397.31,386.46,191.44,2.90,125.86,8.06,45.28,1.96,0.59,17.37,22.71,164.63,29.52,12.66,116.09,132.51,5.76
"6147","頎邦",9.40,391.99,408.95,351.79,636.00,4.98,73.29,8.33,43.81,1.50,0.39,7.77,8.64,63.95,20.32,5.59,146.41,115.68,3.45
"6148","驊宏資",48.20,12952.39,183.96,167.17,52.94,4.24,86.08,4.49,81.29,129.82,0.63,6.15,12.02,18.50,9.54,1.54,3.17,129.96,-5.61
"6150","撼訊",62.26,203.80,137.94,82.49,-3.71,4.86,75.10,3.50,104.28,5.07,1.16,-3.99,-12.90,-44.23,-4.22,-4.10,2.51,19.41,2.42
"6151","晉倫",36.66,191.12,193.92,134.94,22.54,3.59,101.67,4.85,75.25,2.65,1.01,5.23,8.10,19.27,4.93,1.48,15.09,70.38,0.00
"6154","順發",37.21,408.01,244.11,110.64,13.13,45.91,7.95,4.44,82.20,10.28,1.85,2.16,3.15,6.24,1.08,0.50,23.43,134.44,5.33
"6156","松上",52.58,273.59,173.89,150.95,9.77,2.66,137.21,6.37,57.29,3.93,0.77,4.57,8.83,24.81,5.41,2.16,2.22,124.45,-0.21
"6158","禾昌",47.64,174.14,143.51,109.78,9.22,3.16,115.50,4.81,75.88,2.55,0.84,3.42,5.88,17.84,3.57,1.26,36.58,108.73,8.09
"6160","欣技",39.08,679.44,246.11,91.13,-901.96,7.01,52.06,1.48,246.62,10.77,1.08,-2.95,-5.25,-6.72,-3.02,-0.57,-14.57,53.21,-5.31
"6161","捷波",19.17,468.13,424.11,315.19,453.27,11.80,30.93,2.02,180.69,3.63,0.72,11.10,13.78,35.44,15.32,2.85,86.17,89.99,4.93
"6163","華電網",58.64,1089.16,152.49,87.21,1023.97,3.80,96.05,2.72,134.19,21.35,0.97,2.56,5.27,12.03,2.37,0.93,0.00,69.22,0.00
"6167","久正",14.09,331.66,428.80,342.48,2293.07,5.09,71.70,3.86,94.55,1.96,0.51,0.17,0.18,0.68,0.31,0.02,-22.30,222.39,-1.91
"6169","昱泉",31.13,55950.36,35.59,26.82,-12.69,6.26,58.30,"NA","NA",41.13,0.06,-6.27,-9.30,-12.33,-119.29,-1.22,-26.81,-2834.93,-27.10
"6170","統振",56.15,506.22,153.35,128.82,14.71,11.80,30.93,4.32,84.49,7.29,0.68,8.24,16.85,42.72,11.34,3.39,16.39,47.57,6.56
"6171","大城地產",48.06,91472.67,207.25,57.48,34.75,227360.25,0.00,0.34,1073.52,692.11,0.39,14.51,26.11,72.03,31.48,5.73,10.41,61.38,3.39
"6173","信昌電",15.32,485.66,253.04,185.35,84.10,4.12,88.59,4.71,77.49,2.31,0.45,6.10,7.32,36.72,13.38,2.91,94.04,148.36,6.70
"6174","安碁",21.36,273.32,325.13,139.02,19.99,4.00,91.25,1.12,325.89,2.00,0.55,4.58,5.61,7.71,7.98,0.75,18.57,47.71,1.20
"6175","立敦",27.23,177.43,245.09,172.68,2697.01,3.79,96.30,3.85,94.80,1.50,0.69,10.19,14.23,50.48,14.20,3.23,44.14,134.49,6.91
"6179","亞通",69.19,1638.87,147.94,39.90,112.00,1.21,301.65,"NA","NA",19.85,0.60,0.87,0.23,1.00,-0.36,0.05,0.00,0.00,0.00
"6180","橘子",28.07,217.58,163.98,145.16,41871.09,13.16,27.73,4.15,87.95,3.92,1.22,22.84,35.12,124.58,18.70,11.78,64.17,131.24,13.45
"6182","合晶",25.54,176.47,383.49,301.04,3.13,5.45,66.97,2.10,173.80,0.53,0.29,1.41,1.34,6.35,3.37,0.01,44.67,74.86,2.86
"6185","幃翔",12.61,398.96,1430.25,1349.71,413.75,2.67,136.70,3.91,93.35,0.61,0.15,0.33,0.39,0.11,2.16,0.06,74.08,100.91,0.40
"6186","新潤",81.24,40912.15,132.00,25.21,0.00,129.37,2.82,0.44,829.54,539.83,0.45,4.81,27.50,70.48,10.65,5.63,14.73,-26.56,39.37
"6187","萬潤",25.91,524.53,340.64,277.46,192.89,5.13,71.15,2.53,144.26,4.98,0.83,19.83,20.11,161.59,23.68,14.57,58.08,81.89,14.03
"6188","廣明",31.83,337.64,224.71,202.39,306.25,3.32,109.93,6.50,56.15,3.32,0.56,4.66,6.86,30.54,8.22,2.33,32.85,71.75,4.51
"6190","萬泰科",48.19,327.35,162.33,105.45,11.43,5.05,72.27,4.27,85.48,6.82,1.30,6.87,11.85,35.51,4.73,2.28,3.94,58.95,-1.11
"6194","育富",18.52,1251.99,563.34,520.71,"*****",3.18,114.77,8.88,41.10,7.54,0.62,8.63,10.51,50.11,14.03,4.15,54.10,152.90,4.28
"6195","詩肯",63.79,187.44,93.80,36.07,2.85,19.10,19.10,1.98,184.34,2.27,0.65,3.40,6.09,22.00,3.53,1.60,37.68,197.42,8.33
"6198","瑞築",21.39,30319.63,735.18,259.63,-16.81,0.71,514.08,0.00,"*****",0.12,0.00,-1.34,-1.85,-2.91,-2172.70,-0.56,-363.38,-97.63,-56.44
"6199","天品",15.97,26033.85,569.37,289.52,26444.30,7.55,48.34,0.05,7300.00,20.54,0.10,3.51,4.12,6.36,34.23,0.60,25.80,4.83,4.94
"6203","海韻電",16.99,1323.69,516.39,350.44,61.38,5.69,64.14,1.60,228.12,9.55,0.52,7.53,9.62,44.19,14.28,3.50,103.42,99.31,5.22
"6204","艾華",31.70,333.82,336.84,281.79,78.65,7.21,50.62,5.64,64.71,3.18,0.78,7.02,10.31,19.73,8.85,1.48,56.27,18.82,5.18
"6207","雷科",52.13,391.30,146.79,127.36,5.95,3.31,110.27,2.98,122.48,2.22,0.33,4.82,8.67,25.28,12.07,2.07,10.37,167.81,4.00
"6208","日揚",50.55,169.28,189.20,121.13,10.88,4.44,82.20,1.91,191.09,1.16,0.52,5.54,10.77,47.47,9.81,3.01,25.77,38.88,3.30
"6210","慶生",15.97,186.65,350.17,308.07,-697.00,3.80,96.05,5.83,62.60,1.08,0.44,-20.83,-24.30,-36.56,-47.30,-3.69,-107.88,47.04,-8.88
"6212","理銘",69.13,9353.96,143.38,11.89,5.69,"*****","*****",0.24,1520.83,105.56,0.30,5.05,17.52,77.48,16.40,6.09,-5.16,-29.63,-21.50
"6217","中探針",58.39,149.78,119.24,89.17,-4.08,3.17,115.14,3.56,102.52,1.63,0.56,-4.28,-10.60,-28.12,-9.04,-2.65,-12.08,15.84,-8.11
"6218","豪勉",49.93,400.42,149.96,52.66,-21.54,7.75,47.09,0.87,419.54,5.51,0.68,-5.56,-11.26,-21.60,-8.52,-1.68,21.73,31.70,19.17
"6219","富旺",84.14,1007.84,124.21,34.48,3.75,4.27,85.48,0.45,811.11,23.64,0.41,5.51,33.68,57.02,12.68,5.08,-19.08,-56.55,-66.44
"6220","岳豐",66.16,387.25,126.76,66.83,2.11,4.29,85.08,2.34,155.98,9.45,1.07,2.94,4.27,13.34,1.35,0.93,2.33,10.89,0.23
"6221","晉泰",49.35,677.46,187.92,123.84,6585.06,6.35,57.48,2.14,170.56,13.94,0.95,8.10,17.97,46.20,8.38,3.51,27.65,115.25,24.42
"6222","立軒",1.62,400.65,3838.95,3715.86,0.00,3.17,115.14,1.10,331.81,0.04,0.01,-5.79,-5.88,-3.22,-593.27,-0.41,-196.91,43.93,-3.51
"6223","旺矽",43.52,236.88,167.54,102.96,92.25,6.00,60.83,1.48,246.62,2.56,0.70,16.08,27.17,296.58,22.61,24.42,36.96,115.29,10.82
"6227","茂綸",58.00,12811.22,176.17,110.07,1530.63,3.88,94.07,3.96,92.17,629.43,1.82,8.06,19.65,82.15,4.15,6.55,38.04,39.62,42.34
"6228","全譜",33.66,136.71,131.18,91.56,-9.55,12.61,28.94,0.54,675.92,0.18,0.11,-5.04,-8.91,-8.50,-51.78,-0.86,-14.11,15.86,-4.12
"6229","研通",50.35,1504.56,153.44,136.18,3.55,5.09,71.70,18.17,20.08,27.07,1.31,2.25,3.13,7.22,1.21,0.61,-5.05,24.02,-5.76
"6231","系微",30.48,1435.34,313.14,309.18,211.27,8.11,45.00,"*****","*****",29.44,1.06,22.23,32.33,93.04,20.84,7.37,100.92,171.02,31.25
"6233","旺玖",9.87,1321.02,706.90,628.50,5198.71,7.70,47.40,2.30,158.69,4.45,0.33,2.29,2.48,3.95,6.87,0.36,14.47,108.21,-0.21
"6234","高僑",34.43,342.40,183.32,150.96,7.64,3.80,96.05,1.17,311.96,0.78,0.15,2.88,3.77,13.92,16.23,1.05,17.06,286.15,4.23
"6236","中湛",9.69,4502.34,1494.08,1474.04,-31756.60,12.25,29.79,30.47,11.97,10.23,0.25,-9.28,-10.26,-4.05,-37.05,-0.41,-292.62,-276.03,-21.28
"6237","驊訊",4.53,637.75,1040.66,875.77,-188.45,10.28,35.50,0.62,588.70,1.73,0.26,-1.23,-1.33,-3.97,-4.82,-0.27,-95.24,62.70,-5.52
"6240","松崗",58.14,30668.09,59.37,59.24,20870.91,2.33,156.65,"NA","NA",36.06,0.05,0.83,2.00,5.00,16.06,0.35,-2.19,-357.57,57.59
"6241","易通展",37.08,1091.61,145.94,104.12,-3252.41,4.24,86.08,4.00,91.25,17.52,1.14,-5.29,-8.10,-6.29,-4.74,-0.63,0.00,33.75,0.00
"6242","立康",17.37,286.88,545.15,493.27,144.13,60.22,6.06,4.07,89.68,1.90,0.61,8.33,10.37,31.18,13.62,2.42,69.52,118.62,-1.56
"6244","茂迪",53.06,163.32,175.36,150.31,5.08,9.53,38.30,4.30,84.88,0.88,0.35,3.17,5.42,6.36,7.46,0.61,20.43,61.37,3.96
"6245","立端",31.88,534.31,309.61,240.59,390.46,5.64,64.71,2.64,138.25,6.06,0.82,9.85,15.07,78.21,11.96,6.10,20.96,138.98,-1.63
"6246","臺龍",70.08,509.28,131.10,108.57,-2.65,2.76,132.24,7.48,48.79,18.03,1.18,-3.01,-12.42,-14.13,-3.33,-1.32,0.00,133.33,0.00
"6248","沛波",45.23,422.21,234.58,138.08,1332.00,8.55,42.69,10.00,36.50,15.94,2.57,6.84,12.06,26.54,2.48,3.07,-33.39,-15.64,-18.51
"6259","百徽",32.58,7601.45,425.27,402.34,11.54,2.67,136.70,2.74,133.21,66.57,0.78,2.77,3.53,6.16,3.21,0.51,27.16,286.84,6.30
"6261","久元",19.04,331.00,379.98,261.47,86.62,3.54,103.10,2.34,155.98,1.81,0.47,5.87,7.07,35.71,12.31,4.06,52.13,76.09,1.53
"6263","普萊德",20.88,10143.65,547.03,473.96,240.60,15.10,24.17,3.71,98.38,109.62,0.85,24.56,31.73,105.07,28.62,8.61,130.76,117.72,0.87
"6264","富裔",78.17,299.48,240.78,86.16,108.17,6.01,60.73,0.11,3318.18,0.21,0.05,1.21,0.85,0.30,3.23,0.05,-13.60,-124.04,-5.27
"6265","方方土昶",12.03,1550.87,741.35,654.36,27.53,3.55,102.81,2.32,157.32,6.32,0.36,1.68,1.85,3.44,4.41,0.21,105.04,140.00,14.22
"6266","泰詠",29.85,463.97,296.29,225.77,214.00,8.01,45.56,3.78,96.56,5.58,0.95,11.08,15.83,33.12,11.64,2.62,65.77,116.56,17.42
"6270","倍微",25.67,6969.05,183.62,137.56,5.29,5.27,69.25,2.71,134.68,52.91,0.58,1.39,1.63,6.99,1.78,0.65,57.86,43.31,17.67
"6274","台燿",44.60,415.00,257.40,215.07,65.51,2.85,128.07,6.75,54.07,5.21,1.02,11.68,20.10,122.39,11.29,9.56,8.30,69.89,-1.88
"6275","元山",54.19,209.54,167.47,106.30,4050.14,4.47,81.65,4.18,87.32,3.81,1.10,6.44,13.78,33.63,5.71,2.87,18.79,45.65,0.36
"6276","安鈦克",68.84,646.69,149.31,96.08,-12.62,6.60,55.30,6.91,52.82,35.68,1.99,-7.41,-18.56,-22.60,-3.98,-2.16,-20.25,33.42,-40.22
"6279","胡連",47.41,175.65,162.64,120.79,26.89,2.12,172.16,2.55,143.13,1.86,0.68,10.66,19.44,169.46,14.95,12.79,23.90,53.94,11.09
"6284","佳邦",43.80,239.32,146.21,115.61,24.03,2.91,125.42,4.50,81.11,1.79,0.58,8.00,13.51,85.32,13.30,6.61,35.29,82.62,7.65
"6287","元隆",97.22,51.16,66.88,23.66,-3.78,4.18,87.32,1.40,260.71,1.60,0.39,-11.09,-210.03,-26.83,-33.75,-2.93,-24.00,-53.09,-14.86
"6290","良維",27.88,441.81,265.56,169.70,141.20,3.61,101.10,2.88,126.73,5.96,0.92,11.67,16.19,81.64,12.67,6.41,15.89,77.62,-1.33
"6291","沛亨",32.11,2477.06,334.44,240.55,2230.19,3.03,120.46,2.48,147.17,29.62,0.76,11.12,15.60,60.52,14.13,6.13,111.65,1606.28,37.72
"6292","迅德",30.69,661.79,328.98,282.44,17.64,4.94,73.88,4.41,82.76,5.49,0.57,8.77,14.54,47.58,17.43,3.87,69.56,103.58,7.12
"6294","智基",59.99,2198.98,105.90,98.32,1740.40,79.45,4.59,0.30,1216.66,34.65,0.73,3.25,6.66,26.59,4.18,1.79,26.37,115.97,-2.92
"5508","永信建",53.22,56578.92,231.20,4.82,28.96,404.08,0.90,0.31,1177.41,570.42,0.58,20.32,45.54,200.42,34.72,16.03,29.95,25.64,-2.07
"5511","德昌",51.10,1419.87,198.60,177.45,70.23,15.68,23.27,0.61,598.36,18.75,0.72,6.64,14.33,93.39,9.08,7.52,21.61,46.46,7.30
"5512","力麒",55.38,410.70,158.80,63.16,1.80,4.13,88.37,0.34,1073.52,0.92,0.15,0.69,0.38,2.75,1.15,0.17,5.98,74.95,2.54
"5514","三豐",47.96,936.55,164.67,43.86,4077.00,0.00,"*****",0.16,2281.25,2.06,0.12,1.54,2.83,5.31,12.39,0.39,-24.62,-77.53,-22.20
"5516","雙喜",88.35,167.96,104.15,69.01,-157.48,4.89,74.64,0.19,1921.05,5.83,0.54,-3.42,-35.10,-37.37,-9.27,-3.61,0.00,0.00,0.00
"5520","力泰",30.68,263.85,229.61,208.90,135370.65,3.13,116.61,13.20,27.65,3.74,1.04,14.34,20.66,116.92,13.66,8.98,63.52,140.41,14.81
"5523","豐謙",37.66,7595.89,251.83,56.21,387.11,43.58,8.37,0.11,3318.18,12.52,0.11,1.75,2.74,7.72,16.52,0.55,-3.47,755.01,-9.97
"5530","龍巖",64.20,353.10,98.33,27.99,103.28,0.55,663.63,0.09,4055.55,0.56,0.06,2.27,6.47,43.21,38.74,3.83,1.49,128.85,3.05
"5536","聖暉*",50.91,2153.32,185.67,124.75,19650.84,3.61,101.10,0.53,688.67,37.80,0.98,11.70,24.07,44.27,11.85,21.09,13.90,58.79,1.87
"5601","台聯櫃",25.78,766.01,654.92,654.50,128.33,20.90,17.46,1.00,365.00,0.38,0.05,1.37,1.84,4.89,27.62,0.39,194.60,110.57,1.05
"5603","陸海",28.09,171.16,144.94,101.44,17.31,5.97,61.13,1.23,296.74,1.34,0.65,4.92,6.64,14.45,7.14,1.24,52.86,67.15,5.06
"5604","中連",20.55,114.93,559.84,559.49,573.00,230.16,1.58,"NA","NA",0.07,0.06,9.76,12.18,31.17,171.25,0.25,141.32,21.65,-3.32
"5609","中菲行",33.43,1153.81,269.20,269.20,77.41,9.92,36.79,"NA","NA",52.36,3.11,10.61,15.39,81.80,3.37,6.78,19.67,316.93,-3.68
"5701","劍湖山",77.18,69.46,12.56,10.84,-0.57,37.10,9.83,26.74,13.64,0.26,0.19,-1.38,-11.71,-5.19,-14.64,-0.52,4.04,43.90,0.87
"5703","亞都麗緻",48.72,125.68,135.36,118.36,528.69,22.49,16.22,32.62,11.18,0.71,0.45,1.99,3.18,2.44,3.58,0.19,34.99,280.58,10.70
"5704","老爺知",22.49,169.23,219.02,205.99,0.00,41.19,8.86,75.49,4.83,1.11,0.51,2.17,2.84,5.39,4.52,0.41,19.09,124.48,-1.88
"5878","台名",33.50,1546.81,235.46,233.43,"NA",7.67,47.58,"NA","NA",20.39,1.05,6.90,10.23,26.22,6.55,2.22,40.26,118.90,2.49
"5902","德記",26.70,23783.88,256.40,214.29,421.95,9.63,37.90,12.04,30.31,371.21,1.38,12.42,16.55,26.50,9.00,2.11,67.94,165.55,12.44
"5903","全家",85.53,174.88,49.82,32.15,15.59,"NA","NA",9.78,37.32,4.69,1.35,5.42,39.07,216.44,3.75,17.04,31.25,159.05,48.81
"5904","寶雅",74.96,212.09,126.33,52.92,19.71,"NA","NA",2.29,159.38,6.05,0.87,10.89,41.65,334.13,11.87,26.74,65.36,139.02,14.08
"5905","南仁湖",55.49,316.28,128.17,67.33,-172.05,29.10,12.54,0.29,1258.62,0.49,0.12,-1.24,-4.17,-5.68,-15.12,-0.51,-10.43,-10.46,-4.11
"6015","宏遠證",61.16,9715.28,149.87,149.63,"NA","NA","NA","NA","NA","NA","NA",2.29,6.63,10.29,22.66,0.91,"NA","NA","NA"
"6016","康和證",78.09,"NA",111.14,"NA","NA","NA","NA","NA","NA",3.76,0.09,2.58,11.73,20.64,27.88,1.75,"NA","NA","NA"
"6020","大展證",32.18,2502.76,249.99,249.92,"NA","NA","NA","NA","NA",1.99,0.05,2.46,3.87,7.92,47.01,0.72,"NA","NA","NA"
"6021","美好證",64.69,1674.65,160.22,160.10,"NA","NA","NA","NA","NA",2.75,0.08,2.26,6.24,15.40,27.36,1.43,"NA","NA","NA"
"6023","元大期貨",90.31,2613.07,108.82,108.80,"NA","NA","NA","NA","NA",5.80,0.03,1.57,14.24,93.82,53.99,7.47,1.52,136.91,4.41
"6026","福邦證",54.12,35507.00,166.11,166.06,"NA","NA","NA","NA","NA","NA","NA",3.45,7.67,14.00,38.00,1.11,15.82,173.89,9.74
"6411","晶焱",23.55,412.35,263.25,237.21,95.88,4.48,81.47,4.12,88.59,2.19,0.43,6.29,8.15,48.37,14.64,4.53,39.14,104.45,7.85
"6417","韋僑",42.81,162.21,263.28,182.45,1733.81,14.08,25.92,2.44,149.59,1.05,0.54,7.06,11.79,53.82,12.33,4.35,67.09,55.79,10.12
"6418","詠昇",48.69,151.77,240.53,194.88,407.00,4.51,80.93,5.50,66.36,2.26,0.79,4.90,7.42,12.55,4.79,1.10,16.86,48.59,0.22
"6419","京晨科",50.25,7294.23,253.16,247.55,76.04,76.63,4.76,63.90,5.71,137.52,1.05,23.56,42.51,109.43,17.73,10.46,6.15,32.74,-6.94
"6425","易發",54.86,197.51,171.95,138.58,2.81,2.93,124.57,3.49,104.58,1.69,0.62,2.16,3.22,10.35,2.13,0.69,6.05,32.30,1.49
"6432","今展科",36.03,898.79,465.30,395.25,12.87,2.83,128.97,4.48,81.47,7.34,0.76,4.29,6.35,20.13,5.16,1.68,98.95,113.64,14.15
"6435","大中",24.54,801.16,272.16,133.11,75.51,5.85,62.39,2.76,132.24,12.14,1.09,9.16,12.98,75.35,8.32,6.09,98.70,84.13,24.69
"6441","廣錠",31.28,150.78,150.52,80.71,-19.03,2.52,144.84,0.96,380.20,0.73,0.27,-6.76,-10.38,-29.70,-26.20,-2.65,-5.78,-39.58,-2.35
"6461","益得",66.01,106.58,106.12,71.85,-9.78,6.46,56.50,0.49,744.89,0.02,0.02,-13.35,-37.15,-26.69,-925.63,-2.68,0.00,0.00,0.00
"6462","神盾",44.90,5213.96,71.21,61.33,-10.76,9.16,39.84,4.20,86.90,22.29,0.30,-7.98,-14.51,-158.09,-28.82,-12.69,-1.21,-56.60,-1.54
"6465","威潤",8.69,219.23,598.44,450.93,-6702.71,6.53,55.89,1.50,243.33,0.77,0.32,-12.94,-20.30,-13.45,-40.81,-1.32,-28.56,-120.08,-1.96
"6470","宇智",38.28,3707.84,254.36,244.64,56754.42,2.89,126.29,12.97,28.14,50.99,1.13,7.84,12.20,51.76,6.90,3.60,12.44,109.32,-1.61
"6482","弘煜科",27.16,683.92,349.38,348.98,385.99,3.79,96.30,"NA","NA",9.20,1.10,16.95,23.79,44.69,15.44,3.53,58.59,398.46,16.44
"6485","點序",13.76,198.55,394.84,214.58,-12.29,6.86,53.20,1.52,240.13,1.39,0.57,-2.35,-2.99,-15.55,-4.47,-1.25,-54.49,66.75,-11.23
"6486","互動",41.20,277.14,180.25,127.77,129.02,3.82,95.54,2.62,139.31,3.31,0.77,8.79,15.10,69.98,11.30,5.86,38.34,55.91,11.68
"6488","環球晶",59.47,133.96,123.71,105.14,15.31,6.14,59.44,3.85,94.80,0.65,0.30,5.09,12.50,259.95,15.71,21.06,23.12,73.29,3.31
"6492","生華科",3.65,29669.41,3328.74,3300.80,-440.12,"NA","NA","NA","NA",0.22,0.01,-24.14,-25.06,-32.59,-29374.50,-3.29,-946.41,-20556.83,-28.48
"6494","九齊",17.99,1829.20,552.09,325.33,200.18,12.93,28.22,2.91,125.42,18.80,1.01,6.24,7.67,22.85,6.17,2.63,163.24,128.77,15.63
"6496","科懋",37.18,878.58,342.69,197.31,-989.34,4.95,73.73,1.84,198.36,5.59,0.55,-5.85,-9.42,-18.37,-11.45,-2.14,0.00,80.00,0.00
"6499","益安",18.20,835.42,610.83,580.94,"NA",7.36,49.59,9.33,39.12,1.69,0.13,-37.84,-44.56,-93.08,-297.30,-8.74,"NA",0.00,"NA"
"6506","雙邦",49.53,133.99,150.00,102.99,5.48,4.48,81.47,5.47,66.72,1.33,0.76,2.46,3.89,8.58,2.58,0.75,30.80,61.73,6.09
"6508","惠光",15.41,391.85,530.25,288.95,67.45,3.26,111.96,1.18,309.32,2.32,0.51,3.20,3.80,13.17,6.24,1.07,53.74,85.05,3.59
"6509","聚和",31.14,212.82,265.05,175.85,30.16,4.59,79.52,2.47,147.77,1.76,0.64,7.58,11.16,33.84,10.32,2.71,34.37,105.95,3.53
"6510","精測",12.01,197.59,457.43,399.13,48379.30,4.37,83.52,3.74,97.59,0.85,0.41,5.57,6.20,168.59,13.45,15.55,57.07,110.87,5.61
"6512","啟發電",10.19,438.89,766.92,625.86,-1189.35,7.15,51.04,1.30,280.76,2.31,45.59,-5.52,-6.21,-9.47,-12.13,-0.95,4.72,30.52,0.47
"6516","勤崴國際",15.86,2976.30,622.80,605.37,21825.15,5.65,64.60,6639.10,0.05,9.68,0.34,6.43,7.75,18.54,18.50,1.47,55.67,208.86,3.41
"6517","保勝光學",15.01,472.72,644.61,529.92,1575.71,6.94,52.59,2.73,133.69,4.08,0.66,14.88,17.74,45.83,22.47,3.67,119.73,237.66,6.73
"6523","達爾膚",16.84,29489.04,501.08,432.36,711.40,8.07,45.22,1.95,187.17,243.45,0.70,27.13,32.51,132.15,38.35,10.57,172.66,62.19,-5.66
"6527","明達醫",20.79,207.30,300.09,186.02,253.18,5.58,65.41,2.08,175.48,2.18,0.77,11.28,14.16,62.60,14.65,5.02,65.63,51.40,9.40
"6530","創威",12.74,4639.23,773.92,714.51,418.16,4.78,76.35,3.05,119.67,23.52,0.53,10.51,11.91,20.52,19.72,1.64,103.83,116.18,4.95
"6532","瑞耘",14.49,147.63,282.58,197.31,1548.85,6.07,60.13,2.50,146.00,0.95,0.58,12.19,14.24,49.60,20.95,4.03,98.17,64.09,6.82
"6535","順藥",9.63,17124.24,764.03,699.91,"NA",2.40,152.08,0.17,2147.05,2.99,0.02,-23.06,-25.65,-25.86,-1115.69,-2.60,"NA","NA","NA"
"6538","倉和",35.00,227.00,246.00,214.00,73.74,2.23,163.67,4.78,76.35,2.34,0.73,11.50,17.04,126.71,15.58,9.23,77.00,98.68,12.29
"6542","隆中",17.64,56388.30,576.16,559.19,29834.12,6.97,52.36,102.77,3.55,486.10,0.73,8.08,9.64,26.97,10.62,2.03,71.01,549.64,9.46
"6546","正基",39.26,397.64,312.95,241.45,20.29,6.86,53.20,2.99,122.07,3.54,0.74,7.76,11.86,42.58,10.03,3.59,127.67,64.31,30.47
"6547","高端疫苗",11.78,394.69,1193.60,953.99,-3.26,4.53,80.57,0.50,730.00,0.56,0.12,-1.25,-2.09,-2.45,-13.29,-0.24,19.02,"NA",0.98
"6548","長科*",45.81,459.54,281.92,167.39,21.98,4.92,74.18,4.07,89.68,3.20,0.58,9.73,17.93,621.11,16.11,2.02,36.95,102.19,1.02
"6556","勝品",26.94,216.96,242.48,195.91,103.80,4.90,74.48,3.61,101.10,2.23,0.81,12.61,17.87,113.35,15.47,8.85,92.23,123.76,20.71
"6560","欣普羅",12.33,77248.01,479.05,401.95,-89.53,4.27,85.48,1.45,251.72,140.14,0.15,-1.31,-1.49,-3.25,-8.65,-0.26,-123.24,69.60,-11.28
"6561","是方",48.42,176.41,125.52,120.25,28.89,13.02,28.03,1.70,214.70,1.32,0.51,15.19,28.65,171.70,28.40,13.82,104.37,79.86,9.99
"6568","宏觀",11.98,504.22,661.18,461.24,850.97,9.17,39.80,1.33,274.43,4.23,0.65,7.19,8.16,42.76,10.99,3.85,66.50,48.30,5.26
"6569","醫揚",26.28,517.23,243.34,156.40,48.35,6.02,60.63,2.60,140.38,3.59,0.60,8.84,11.72,53.43,14.51,4.69,36.75,71.08,-2.26
"6570","維田",39.75,160.01,309.67,216.53,14.77,9.74,37.47,2.73,133.69,1.38,0.68,4.91,7.01,24.23,6.64,1.59,77.13,55.06,3.46
"6574","霈方",19.70,2987.73,505.92,460.10,70.03,13.96,26.14,2.73,133.69,20.66,0.70,10.91,13.77,50.73,15.46,4.10,107.35,186.68,5.97
"6576","逸達",25.94,857.46,462.23,378.52,"NA",8.52,42.84,1.15,317.39,2.67,0.21,-54.04,-76.04,-66.75,-258.20,-7.87,-298.51,-681.30,-64.06
"6577","勁豐",34.88,4176.66,259.79,182.20,228.71,5.41,67.46,2.76,132.24,55.42,1.02,18.06,28.99,82.65,17.68,6.63,70.36,104.97,27.53
"6578","達邦蛋白",17.18,183.31,365.51,189.98,4.90,8.09,45.11,9.73,37.51,0.57,0.25,1.16,1.14,2.36,3.44,0.17,33.83,12.86,1.98
"6584","南俊國際",43.39,136.66,174.33,125.49,9.50,5.18,70.46,5.05,72.27,0.79,0.49,5.78,9.25,36.43,9.99,2.94,46.95,106.38,5.62
"6588","東典光電",20.85,179.63,439.80,391.72,-31.29,6.61,55.21,2.87,127.17,0.24,0.13,-14.53,-18.78,-36.23,-106.53,-5.36,-25.07,23.93,-2.15
"6589","台康生技",14.87,254.19,628.26,544.49,"NA",4.55,80.21,1.15,317.39,0.27,0.09,-6.29,-7.24,-22.74,-69.21,-2.28,"NA","NA","NA"
"6590","普鴻",30.93,270.16,304.40,283.39,39.77,2.43,150.20,0.72,506.94,2.03,0.54,10.74,16.44,63.09,19.38,5.04,73.00,62.69,15.87
"6593","台灣銘板",27.73,148.59,184.34,121.19,3.47,10.26,35.57,2.48,147.17,1.26,0.63,1.27,1.28,4.53,1.43,0.39,34.59,64.83,4.65
"6596","寬宏藝術",39.42,344.17,198.07,163.74,687.36,25.68,14.21,1.12,325.89,5.13,0.97,11.74,20.35,69.72,12.06,6.27,21.56,130.21,-0.31
"6597","立誠",42.79,216.84,168.19,136.95,37.96,3.15,115.87,5.12,71.28,3.59,0.94,13.58,23.27,59.51,14.02,4.62,51.40,114.57,17.12
"6603","富強鑫",66.02,207.12,147.41,85.06,1.81,2.60,140.38,1.98,184.34,2.08,0.60,1.50,2.88,7.99,1.59,0.50,6.18,22.64,3.45
"6609","瀧澤科",35.24,267.50,217.28,132.45,16.88,2.38,153.36,2.17,168.20,2.79,0.67,4.97,7.63,33.39,6.96,2.58,3.72,62.06,-0.53
"6612","奈米醫材",41.40,692.52,246.30,182.40,9.96,4.10,89.02,1.09,334.86,4.07,0.34,2.46,3.17,38.16,6.34,2.41,-1.88,38.23,-1.19
"6613","朋億*",46.63,1608.96,212.42,140.21,12694.11,3.82,95.54,1.87,195.18,24.81,0.91,13.36,26.45,42.06,14.51,17.10,37.14,83.24,14.43
"6615","慧智",16.10,1287.85,326.63,260.13,22.25,7.07,51.62,6.58,55.47,8.31,0.59,2.60,3.02,10.93,4.21,0.86,41.56,73.00,7.29
"6616","特昇-KY",41.54,435.57,315.87,215.54,-5.72,10.37,35.19,4.92,74.18,7.32,1.51,-6.06,-12.64,-13.44,-4.72,-1.39,24.97,55.03,5.59
"6617","共信-KY",8.33,1013.77,1335.54,1333.05,-20.35,2.58,141.47,3.01,121.26,0.14,0.01,-3.58,-4.17,-7.20,-287.10,-0.68,-47.98,-169.83,-3.32
"6624","萬年清",54.23,235.46,198.83,192.59,4.23,6.49,56.24,0.42,869.04,2.42,0.66,2.00,3.72,9.08,2.25,0.71,37.28,118.77,16.42
"6629","泰金-KY",28.07,357.70,517.52,405.85,80.35,5.61,65.06,3.12,116.98,3.22,0.86,22.48,30.91,120.18,25.81,11.49,99.43,332.56,18.22
"6637","醫影",24.75,365.37,359.06,300.18,79.34,5.64,64.71,5.35,68.22,3.00,0.81,16.29,22.66,85.72,19.91,7.17,89.55,151.43,11.61
"6640","均華",55.42,568.77,141.66,93.77,32.28,3.12,116.98,1.97,185.27,734.30,0.68,11.80,27.31,184.02,16.90,14.62,24.69,75.32,22.37
"6642","富致",26.86,210.36,464.37,414.29,73.37,3.30,110.60,3.85,94.80,1.00,0.36,9.57,12.90,42.86,25.58,3.58,62.23,70.97,3.44
"6643","M31",11.11,328.12,554.63,486.33,115.98,4.37,83.52,"NA","NA",2.57,0.65,5.62,6.37,35.98,8.57,3.05,21.47,78.94,-10.87
"6649","台生材",11.13,250.83,1438.88,1260.85,-2.10,13.75,26.54,0.88,414.77,0.35,0.14,-0.15,-0.28,-0.59,-1.79,-0.04,71.41,-13.31,2.53
"6651","全宇昕",22.44,3233.77,358.42,255.81,68.75,3.37,108.30,2.86,127.62,39.08,0.86,15.86,23.19,101.13,19.60,8.22,120.17,113.36,22.57
"6654","天正國際",61.18,160.05,123.23,92.95,-6.01,0.72,506.94,1.09,334.86,0.36,0.13,-2.86,-8.33,-24.73,-26.33,-2.28,-8.76,7.03,-6.31
"6661","威健生技",44.01,242.43,234.44,203.09,1.42,6.89,52.97,4.12,88.59,1.93,0.60,0.57,0.24,0.54,0.22,0.05,41.05,100.53,11.68
"6662","樂斯科",26.65,230.46,366.07,303.97,32.29,6.28,58.12,4.95,73.73,1.38,0.49,7.66,9.67,21.44,15.05,1.72,83.50,53.34,2.41
"6664","群翊",54.74,423.15,201.51,156.22,213.72,5.57,65.52,0.70,521.42,2.71,0.32,12.75,29.12,206.18,40.02,16.97,28.43,147.58,10.13
"6667","信紘科",57.07,333.70,172.61,63.51,31.12,9.47,38.54,0.54,675.92,5.30,0.95,11.78,25.67,120.06,12.02,9.69,-0.87,10.22,-11.47
"6679","鈺太",6.35,8443.22,1297.49,984.28,964.40,2.41,151.45,1.19,306.72,39.27,0.38,8.66,9.17,104.09,22.55,8.86,110.98,55.77,1.68
"6680","鑫創電子",61.91,266.16,305.11,250.85,1908.19,14.11,25.86,4.04,90.34,2.22,0.59,9.06,18.25,49.72,14.47,4.15,41.53,37.87,5.98
"6683","雍智科技",16.79,285.24,423.97,321.37,1487.65,5.39,67.71,1.61,226.70,2.59,0.62,17.02,20.12,213.32,27.64,17.69,95.84,111.02,10.58
"6684","安格",9.38,3582.28,781.42,665.18,-100.82,9.72,37.55,1.71,213.45,6.23,0.19,-11.23,-12.56,-47.28,-56.82,-4.24,-33.32,-24.30,-4.14
"6690","安碁資訊",35.65,280.12,254.31,251.08,19.72,6.69,54.55,"NA","NA",2.39,0.60,6.61,10.49,93.92,10.52,10.13,167.18,150.26,31.93
"6692","進能服",54.40,2810.92,155.39,130.39,907.00,14.02,26.03,"NA","NA",53.86,0.98,2.63,5.68,10.37,2.41,0.94,40.64,79.10,49.04
"6693","廣閎科",33.09,441.76,356.48,248.66,41.25,6.56,55.64,2.22,164.41,3.42,0.66,9.38,13.21,41.70,13.93,3.33,44.33,28.99,8.86
"6697","東捷資訊",40.48,2119.95,200.75,192.09,131.50,2.71,134.68,327.24,1.11,39.10,1.18,7.13,12.09,31.19,6.02,2.61,13.46,210.97,-1.20
"6703","軒郁",39.95,388.09,277.17,212.46,32.18,14.05,25.97,4.41,82.76,8.85,1.62,13.47,21.80,121.02,8.03,10.16,46.97,91.61,-5.10
"6708","天擎",9.62,20974.84,1202.45,1055.75,-35.50,4.36,83.71,1.56,233.97,129.18,0.44,-1.99,-2.25,-3.12,-4.58,-0.31,-0.32,35.87,-3.01
"6712","長聖",16.00,3948.97,371.71,346.34,3686.94,4.73,77.16,3.49,104.58,17.79,0.44,17.44,20.19,57.11,39.33,4.55,133.80,308.25,22.96
"6716","應廣",34.45,3827.90,278.88,235.91,23.00,5.62,64.94,3.94,92.63,56.32,1.07,11.35,16.89,51.75,10.12,4.35,85.04,101.10,35.62
"6720","久昌",13.65,5277.39,916.75,847.12,80.57,5.20,70.19,2.33,156.65,30.58,0.63,18.83,23.26,61.11,29.42,6.60,217.81,303.25,20.43
"6721","信實",44.93,501.09,205.52,203.08,45.97,6.71,54.39,"NA","NA",25.04,2.92,8.89,16.42,55.19,2.98,4.39,34.46,104.12,14.25
"6727","亞泰金屬",60.89,241.00,139.74,70.50,7151.09,5.66,64.48,0.89,410.11,2.56,0.48,4.84,12.55,68.59,9.95,5.69,25.63,49.44,32.37
"6728","上洋",41.68,192.49,278.65,124.07,20.44,9.61,37.98,2.50,146.00,3.27,1.32,12.05,20.50,126.42,8.65,11.71,24.62,39.50,-0.16
"6732","昇佳電子",23.04,815.44,340.88,274.89,77.21,7.31,49.93,4.56,80.04,9.00,0.83,9.28,12.16,127.92,10.93,11.05,43.79,72.08,-1.56
"6733","博晟生醫",7.25,2180.63,2159.67,2013.00,-595.50,4.53,80.57,2.29,159.38,4.16,0.17,-13.04,-14.22,-10.32,-76.50,-0.95,-297.63,-1115.50,-8.96
"6735","美達科技",9.69,254.84,659.04,469.40,522.74,2.60,140.38,0.62,588.70,0.89,0.33,8.61,9.54,24.20,25.97,2.13,110.53,31.71,9.97
"6739","竹陞科技",17.36,715.09,464.62,420.32,721.50,9.19,39.71,2.64,138.25,4.17,0.59,18.24,22.97,69.81,31.12,6.03,124.26,624.29,19.92
"6741","91APP*-KY",35.23,21898.01,243.25,242.04,82060.85,16.66,21.90,"NA","NA",89.92,0.34,10.74,16.39,102.09,30.71,4.22,27.77,541.95,10.84
"6747","亨泰光",11.31,466.86,658.37,562.12,186.99,7.17,50.90,2.33,156.65,2.35,0.50,9.63,10.95,65.10,19.22,5.51,133.22,90.42,3.48
"6751","智聯服務",36.60,701.63,206.13,187.65,53.69,3.69,98.91,27.75,13.15,10.10,0.98,1.28,1.92,13.88,1.29,0.83,-26.29,46.73,-18.55
"6752","叡揚",50.78,154.82,121.01,97.02,39.16,6.41,56.94,28.59,12.76,1.81,0.68,8.76,18.36,72.94,12.50,6.14,30.65,111.46,9.57
"6761","穩得",41.41,268.29,189.25,157.23,24.62,3.21,113.70,3.63,100.55,4.47,0.92,10.23,17.69,87.59,10.61,7.25,27.07,50.14,9.06
"6762","達亞",59.52,100.84,67.92,51.30,457.40,5.32,68.60,3.10,117.74,0.31,0.19,2.26,4.53,19.12,9.85,1.87,15.93,30.48,7.81
"6763","綠界科技*",58.79,262.31,129.79,129.71,255.31,279.53,1.30,"NA","NA",2.91,0.24,5.26,12.59,237.12,21.92,1.94,11.00,220.36,2.12
"6767","台微醫",19.17,468.00,703.75,622.04,-29.18,4.62,79.00,1.04,350.96,2.41,0.54,-7.76,-10.18,-12.50,-14.65,-1.62,-36.54,-63.38,-3.92
"6788","華景電",26.02,404.77,373.15,291.97,175.20,9.04,40.37,1.39,262.58,3.43,0.73,17.37,24.46,182.20,23.43,14.34,106.15,99.54,20.91
"6791","虎門科技",43.88,572.18,180.83,166.15,147.33,2.97,122.89,12.47,29.27,7.69,0.85,10.97,18.56,51.24,12.85,4.16,23.25,120.90,1.33
"6803","崑鼎",44.60,245.70,203.49,190.67,7757.79,4.39,83.14,"NA","NA",1.93,0.64,9.57,19.82,240.78,14.72,17.43,65.48,129.29,5.00
"6804","明係",34.24,167.22,332.16,242.28,-8.52,6.27,58.21,5.75,63.47,2.30,0.91,-3.16,-5.74,-42.63,-3.87,-2.14,11.50,60.19,-3.39
"6811","宏碁資訊",64.59,129.28,105.84,93.87,84.20,3.55,102.81,20.31,17.97,9.77,1.48,9.31,26.15,160.51,6.20,13.00,3.42,70.18,-9.76
"6821","聯寶",34.30,489.96,308.77,277.77,32.80,2.99,122.07,7.83,46.61,3.65,0.58,3.94,5.70,14.80,6.52,1.19,15.82,77.90,-1.49
"6823","濾能",62.70,113.54,84.85,48.05,-13.43,5.97,61.13,2.54,143.70,0.70,0.34,-12.41,-31.31,-79.87,-38.87,-7.30,0.00,22.02,0.00
"6829","千附精密",25.81,142.37,215.35,131.42,37.12,4.74,77.00,2.51,145.41,1.22,0.61,13.83,17.42,70.16,22.05,5.66,60.35,72.36,3.96
"6840","東研信超",39.97,192.24,225.74,223.88,171.60,3.82,95.54,"NA","NA",1.14,0.53,1.58,1.71,2.87,1.85,0.54,32.85,89.20,4.76
"6841","長佳智能",7.12,7156.43,810.60,758.40,453.90,5.70,64.03,5.87,62.18,12.61,0.16,1.76,1.87,3.11,10.90,0.31,45.72,45.72,32.45
"6843","進典",34.39,504.59,440.90,325.89,29.89,2.44,149.59,1.35,270.37,3.35,0.58,6.37,9.55,31.56,10.67,2.38,111.58,95.93,9.11
"6844","諾貝兒",32.93,437.07,377.85,264.81,883.37,143.38,2.54,2.82,129.43,3.58,0.72,2.66,3.56,37.13,3.28,3.00,32.48,115.27,0.37
"6846","綠茵",23.21,1031.46,413.55,344.32,123.88,6.58,55.47,3.01,121.26,10.99,0.77,12.97,17.72,68.08,16.72,5.43,107.89,168.62,12.03
"6855","數泓科",28.04,1163.76,336.11,284.31,62.79,6.24,58.49,1.85,197.29,8.08,0.51,19.24,26.73,116.74,34.39,9.20,64.33,112.30,15.09
"6856","鑫傳",23.23,484.65,279.33,249.24,89.77,11.26,32.41,2.93,124.57,5.31,0.65,11.68,14.07,50.40,17.77,4.12,74.65,94.38,6.53
"6859","伯特光",23.20,197.42,295.85,273.60,24.76,4.75,76.84,6.99,52.21,0.77,0.30,5.54,6.77,37.26,18.03,3.14,49.69,125.44,7.06
"6865","偉康科技",44.01,2897.17,290.90,290.04,1440.00,7.52,48.53,"NA","NA",32.06,0.75,4.87,8.29,24.69,6.04,2.15,46.19,112.38,15.45
"6870","騰雲",0.49,21.91,4.42,4.33,43.48,1.44,253.47,46.04,7.92,7.88,0.37,0.07,0.11,0.59,0.17,5.04,0.03,-0.01,-0.04
"6872","浩宇生醫",9.88,475.70,1175.90,1121.62,-16645.64,344.12,1.06,"NA","NA",0.31,0.05,-18.79,-21.07,-15.70,-355.83,-1.56,-231.53,-226.08,-15.19
"6874","倍力",61.02,259813.42,226.55,184.48,14.68,2.63,138.78,5.35,68.22,2427.55,1.36,8.07,19.46,55.77,5.54,4.46,15.78,44.32,-0.07
"6875","國邑*",10.43,1014.35,1448.14,1403.39,"NA",72.01,5.06,1.74,209.77,1.35,0.09,-9.41,-10.83,-25.82,-99.45,-1.32,"NA","NA","NA"
"6877","鏵友益",35.47,455.07,368.62,313.88,9.55,4.16,87.74,1.90,192.10,1.96,0.40,4.46,6.59,13.53,9.84,1.25,-1.23,42.03,0.00
"6881","潤德",57.40,14460.15,159.81,159.54,1698.67,6.15,59.34,2.95,123.72,297.56,1.20,13.50,32.38,185.61,11.17,15.52,52.82,164.85,52.59
"6894","衛司特",24.40,463.92,373.08,324.45,246079.00,2.83,128.97,4.40,82.95,3.20,0.51,11.00,14.02,117.82,21.23,8.50,70.99,100.29,7.14
"6895","宏碩系統",13.27,579.44,632.31,494.78,180.17,6.38,57.21,1.41,258.86,2.26,0.36,7.69,8.56,31.00,20.98,2.55,46.62,60.82,-1.24
"6899","創為精密",17.96,188.12,552.57,479.13,40.50,7.67,47.58,4.46,81.83,1.41,0.44,6.70,8.05,42.15,14.87,3.40,98.97,99.19,3.18
"6903","巨漢",15.65,14772.73,631.43,438.55,30426.36,11.19,32.61,2.75,132.72,187.41,0.85,17.45,22.06,114.08,20.59,9.28,-89.38,78.18,-35.92
"6904","伯鑫",37.64,157.37,196.75,144.46,46.73,6.87,53.12,2.37,154.00,1.10,0.53,11.70,18.73,130.60,21.77,10.47,37.52,105.90,11.01
"6913","鴻呈",34.09,401.77,239.96,205.43,51.17,3.17,115.14,8.13,44.89,5.50,1.01,9.42,14.88,61.74,9.12,4.78,6.95,108.22,-1.46
"6922","宸曜",46.22,217.87,311.89,195.32,4458.80,21.22,17.20,2.25,162.22,3.94,0.99,13.65,21.27,96.81,13.40,7.57,46.26,"NA",4.22
"6953","家碩",40.77,2334.37,250.04,204.08,156.54,5.80,62.93,1.36,268.38,17.43,0.57,10.65,20.82,101.93,18.41,8.25,6.73,153.20,-3.37
"6967","汎瑋材料",31.24,610.08,281.78,252.56,50.48,2.65,137.73,10.61,34.40,9.34,1.14,6.79,10.19,39.71,5.82,3.37,26.75,80.69,1.62
"6968","萬達寵物",66.80,609.60,136.96,38.41,3.79,80.77,4.51,2.86,127.62,8.46,1.09,4.93,12.83,23.18,3.50,2.44,50.34,"NA",29.70
"6982","大井泵浦",59.98,150.35,135.90,75.63,1476.63,6.36,57.38,2.87,127.17,1.66,0.74,4.93,12.70,28.75,6.27,2.85,30.97,40.90,7.46
"6996","力領科技",21.05,3492.97,471.67,385.93,340.77,15.20,24.01,3.43,106.41,37.40,1.02,20.39,26.83,161.29,19.82,15.37,97.77,109.56,8.68
"6997","博弘",60.91,65942.00,175.38,165.67,886.21,5.32,68.60,3.29,110.94,1425.20,2.55,7.85,25.51,72.90,3.07,6.11,-7.66,378.48,-20.74
"7402","邑錡",14.07,7886.08,693.04,540.16,155.39,7.39,49.39,2.22,164.41,62.13,0.64,6.61,7.61,17.31,10.20,1.47,235.27,252.89,13.54
"7556","意德士科技",16.49,366.97,346.88,284.96,740.56,6.09,59.93,4.25,85.88,2.30,0.53,12.52,14.87,69.98,23.44,5.82,53.84,98.80,2.96
"7584","樂意",40.08,382.25,104.56,103.80,2331.64,13.06,27.94,"NA","NA",6.45,1.34,8.61,13.18,47.07,6.12,4.06,62.00,107.12,18.89
"7703","銳澤",23.73,748.78,380.31,251.01,273.97,5.07,71.99,1.05,347.61,7.49,0.82,10.10,13.29,82.41,12.16,7.41,0.00,72.90,-10.45
"7704","明遠精密",15.40,437.22,533.25,383.17,161.10,5.32,68.60,1.79,203.91,2.87,0.60,7.16,8.57,32.63,11.77,2.91,52.20,182.84,8.43
"7708","全家餐飲",46.57,590.64,194.15,186.76,26.16,16.52,22.09,62.01,5.88,11.95,1.46,8.18,15.48,63.10,5.40,1.42,67.95,292.67,23.45
"7709","榮田",36.16,206.99,230.95,129.70,30.14,6.03,60.53,1.41,258.86,1.80,0.62,7.87,12.83,65.24,12.29,5.19,28.18,111.79,5.49
"7712","博盛半導體",32.38,212.75,294.10,233.86,49.37,9.15,39.89,3.88,94.07,2.11,0.62,11.24,17.08,96.35,17.64,8.39,49.54,95.21,11.15
"7713","威力德生醫",54.53,146.31,126.08,104.28,38.12,3.60,101.38,8.00,45.62,1.02,0.53,9.39,19.41,51.76,17.17,4.09,59.44,93.86,10.70
"7714","創泓科技",56.78,9825.86,171.95,121.41,15333.51,3.56,102.52,6.11,59.73,422.68,1.97,15.06,33.83,63.68,7.60,5.07,35.19,93.83,21.99
"7715","裕山",56.00,516.15,220.37,216.28,8.65,11.01,33.15,1991.89,0.18,8.80,0.89,8.65,19.86,62.62,8.58,5.06,39.25,34.18,22.00
"7718","友鋮",32.43,360.17,270.61,226.96,107.42,6.42,56.85,10.21,35.74,6.25,1.22,12.74,19.83,75.54,10.32,6.08,42.23,135.06,4.02
"7723","築間",77.69,167.02,58.82,49.62,4.64,62.63,5.82,31.14,11.72,2.88,1.14,4.22,14.37,41.97,2.96,4.06,41.59,"NA",4.77
"7728","光焱科技",28.60,2723.05,335.30,285.10,108.67,16.12,22.64,1.65,221.21,33.96,0.74,20.92,31.86,109.99,28.48,8.79,81.04,99.97,9.64
"7734","印能科技",26.24,579.55,541.94,506.43,91.50,4.25,85.88,3.21,113.70,2.84,0.46,23.19,33.12,563.82,49.74,44.53,113.59,159.55,12.73
"8024","佑華",7.74,440.50,1372.40,1191.42,0.00,7.45,48.99,2.86,127.62,1.83,0.38,-8.47,-9.22,-11.53,-23.20,-1.15,-202.73,75.52,-9.79
"8027","鈦昇",32.65,294.26,527.83,326.85,-1.62,3.38,107.98,1.08,337.96,1.64,0.39,-0.92,-2.27,-4.92,-3.58,-0.51,71.69,15.88,7.65
"8032","光菱",29.75,3072.22,232.48,184.85,1861.44,3.18,114.77,3.02,120.86,36.43,0.92,3.76,5.29,27.12,3.86,2.15,-10.17,74.75,-5.01
"8034","榮群",14.29,25683.94,753.08,541.82,182.03,2.43,150.20,1.13,323.00,140.51,0.49,7.01,8.44,13.12,14.22,1.00,62.55,121.37,-1.57
"8038","長園科",55.93,187.83,120.19,88.89,799.13,1.83,199.45,0.94,388.29,0.47,0.16,-9.20,-19.64,-116.11,-57.18,-1.54,"NA","NA","NA"
"8040","九暘",5.79,881.81,1693.48,1598.20,"NA",19.66,18.56,3.19,114.42,2.24,0.37,-6.43,-7.15,-11.80,-17.67,-1.38,-2.40,93.02,-0.12
"8042","金山電",53.67,230.76,147.13,109.43,331.41,2.68,136.19,2.10,173.80,1.54,0.40,1.46,1.94,10.60,2.28,0.60,6.19,121.12,0.96
"8043","蜜望實",35.62,2551.39,276.72,232.10,327.88,2.56,142.57,6.90,52.89,41.00,1.17,3.03,4.65,16.94,2.59,1.53,-18.08,43.87,-8.81
"8044","網家",69.71,773.69,97.33,76.30,-0.93,16.44,22.20,16.65,21.92,20.07,1.42,-1.11,-5.17,-21.71,-1.14,-4.08,2.22,22.57,1.62
"8047","星雲",18.26,589.61,367.35,243.66,-12957.00,11.89,30.69,2.63,138.78,6.60,0.91,-2.73,-3.35,-2.16,-2.95,-0.35,21.84,50.95,3.72
"8048","德勝",17.31,424.81,459.37,387.19,3507.54,3.59,101.67,2.77,131.76,3.86,0.67,8.93,11.58,29.13,13.39,2.36,136.48,62.66,12.76
"8049","晶采",11.31,675.50,511.61,398.89,39147.64,9.37,38.95,2.99,122.07,4.14,0.52,11.75,13.42,29.38,22.36,2.50,98.10,73.69,-2.03
"8050","廣積",35.39,276.18,240.76,161.09,11.24,4.49,81.29,2.21,165.15,1.34,0.39,4.12,5.91,28.19,9.83,4.06,5.66,25.49,-5.84
"8054","安國",38.19,3092.45,166.53,146.73,-2372.17,7.12,51.26,3.32,109.93,14.48,0.33,-4.96,-7.30,-46.04,-15.86,-2.29,20.45,54.63,20.35
"8059","凱碩",46.70,12479.11,214.57,150.24,-20.10,2.77,131.76,0.66,553.03,28.46,0.14,-11.78,-20.30,-18.36,-86.33,-1.84,0.00,9.19,0.00
"8064","東捷",42.86,1993.58,215.03,141.18,15.17,2.89,126.29,1.23,296.74,6.45,0.44,3.11,5.36,12.10,6.68,0.79,34.43,256.46,12.24
"8066","來思達",56.71,982.93,178.40,173.94,2.12,5.52,66.12,477.54,0.76,64.57,3.18,1.87,-1.26,4.83,0.38,-0.24,12.66,104.54,8.26
"8067","志旭",58.98,207.85,131.36,85.64,-2.28,4.21,86.69,0.61,598.36,1.21,0.28,-3.09,-9.62,7.25,-13.59,-0.71,0.00,0.00,0.00
"8068","全達",29.94,980.82,190.92,158.91,21.02,3.96,92.17,8.84,41.28,6.93,0.54,13.41,18.50,23.60,23.92,2.30,-22.71,-414.71,-7.42
"8069","元太",36.65,604.88,148.32,130.13,33.88,8.60,42.44,5.08,71.85,3.16,0.39,11.04,16.74,94.46,27.57,7.75,31.09,61.96,2.68
"8071","能率網通",61.77,319.19,131.96,102.25,0.03,6.02,60.63,5.92,61.65,4.85,0.85,-0.63,-3.98,-5.53,-1.91,-0.89,23.43,102.75,12.56
"8074","鉅橡",43.93,154.32,161.60,110.11,914.16,3.86,94.55,2.52,144.84,1.14,0.47,4.36,6.25,15.80,8.20,1.17,8.92,71.43,-0.25
"8076","伍豐",33.95,1792.16,141.75,101.93,18.80,3.01,121.26,1.90,192.10,7.64,0.33,7.01,10.28,18.51,19.88,1.49,13.17,160.94,3.58
"8077","洛碁",85.75,382.28,59.50,58.19,316.60,20.31,17.97,"NA","NA",1.83,0.36,4.77,26.61,55.68,9.05,4.40,72.53,2719.38,18.11
"8080","泰霖",17.98,634.78,473.91,412.31,-510.40,0.49,744.89,9.21,39.63,2.01,0.36,-3.49,-5.48,-2.78,-11.15,-0.48,7.69,-1205.05,1.71
"8083","瑞穎",26.42,164.53,212.96,90.73,7498.00,5.15,70.87,1.64,222.56,1.87,0.86,21.17,30.41,127.48,24.40,10.19,90.34,94.53,10.44
"8084","巨虹",51.90,327.09,184.01,158.00,895.94,2.94,124.14,6.57,55.55,2.64,0.52,6.61,12.28,11.11,11.41,1.01,79.12,132.45,17.50
"8085","福華",46.64,531.38,468.37,400.61,-3.44,2.24,162.94,5.71,63.92,1.08,0.19,-3.20,-7.07,-7.34,-20.18,-0.86,-39.42,-37.10,-5.34
"8086","宏捷科",18.38,170.71,544.80,435.97,60.00,8.33,43.81,4.00,91.25,0.88,0.49,5.69,6.81,30.38,11.69,2.65,161.13,72.91,7.74
"8087","麗升能源",41.39,558.87,218.88,143.00,415.00,10.11,36.10,2.86,127.62,3.49,0.63,2.36,3.52,7.06,2.86,0.61,-63.91,37.97,-29.34
"8089","康全電訊",38.19,548.38,287.35,222.50,38.45,11.38,32.07,5.64,64.71,12.78,1.96,24.75,42.04,98.65,12.32,8.29,85.18,48.53,31.31
"8091","翔名",25.53,257.02,566.25,456.40,3172.97,5.94,61.44,2.32,157.32,1.11,0.42,8.24,10.82,85.54,18.78,7.50,89.52,80.85,3.51
"8092","建暐",37.00,224.00,268.00,121.00,-535.00,4.04,90.34,0.85,429.41,1.00,0.38,-2.90,-5.53,-4.80,-8.63,-0.50,-35.02,452.89,-9.36
"8093","保銳",37.16,920.13,204.89,136.45,-37.35,5.78,63.14,1.51,241.72,2.54,0.46,-31.53,-58.14,-28.04,-70.04,-3.16,-23.98,-71.38,-13.70
"8096","擎亞",71.52,1459.50,130.15,66.01,2.50,8.51,42.89,8.30,43.97,150.49,3.25,9.36,20.46,33.22,1.73,3.27,-6.14,-34.95,-17.92
"8097","常珵",12.93,1814.46,628.71,550.43,14.90,2.01,181.59,12.64,28.87,2.93,0.15,1.61,1.65,4.35,10.17,0.38,-74.07,70.20,-7.32
"8099","大世科",49.50,2659.87,186.80,137.40,61.43,5.43,67.21,4.49,81.29,53.81,1.28,6.75,13.74,28.25,5.20,2.31,27.06,146.47,9.45
"8107","大億金茂",49.39,439.87,184.38,161.86,6.54,5.65,64.60,5.22,69.92,1.46,0.29,5.07,8.98,22.11,14.69,1.81,22.16,47.31,4.40
"8109","博大",16.51,325.05,755.91,663.43,201.38,10.47,34.86,2.50,146.00,1.53,0.41,14.36,17.57,79.76,35.13,6.48,164.71,110.95,1.00
"8111","立碁",35.91,352.85,198.80,179.73,12.93,2.54,143.70,3.82,95.54,1.91,0.38,4.97,7.06,11.11,12.14,0.91,25.43,80.30,4.93
"8121","越峰",51.04,170.45,215.86,134.89,480.11,4.01,91.02,2.85,128.07,1.32,0.60,3.22,5.13,6.83,4.20,0.73,27.36,28.66,4.03
"8147","正淩",37.03,199.55,244.77,207.57,21.17,3.82,95.54,4.56,80.04,1.99,0.68,4.39,6.80,23.48,6.13,2.03,13.24,51.97,-0.66
"8155","博智",43.37,176.75,154.01,114.58,22.32,3.00,121.66,5.10,71.56,3.05,1.00,6.81,10.90,51.99,6.54,4.69,23.77,83.59,5.46
"8171","天宇",34.43,738.43,515.65,350.61,-717.19,2.97,122.89,2.54,143.70,4.01,0.39,-3.61,-6.20,-14.77,-10.32,-1.29,-16.51,-63.81,-1.96
"8176","智捷",27.44,474.84,302.80,196.08,1876.16,4.36,83.71,1.64,222.56,4.73,0.75,4.24,5.57,5.24,5.32,0.45,28.35,-73.09,7.06
"8182","加高",37.54,197.99,216.80,176.78,1193.16,3.90,93.58,3.67,99.45,1.23,0.48,4.70,7.05,35.01,8.93,2.44,37.33,226.91,5.48
"8183","精星",56.51,335.10,150.11,124.83,11.70,1.80,202.77,7.39,49.39,6.73,1.01,5.96,11.48,39.34,5.37,3.26,14.18,88.26,7.80
"8227","巨有科技",23.26,967.26,435.85,410.56,788.91,6.03,60.53,5.19,70.32,5.60,0.54,4.93,6.53,19.93,9.19,1.65,51.77,166.80,4.86
"8234","新漢",52.01,251.77,142.62,90.70,-0.17,4.79,76.20,2.53,144.26,3.88,0.79,1.24,1.46,-3.86,0.88,0.60,3.21,69.43,-1.53
"8240","華宏",38.42,396.52,230.85,192.73,824.00,2.60,140.38,8.34,43.76,5.24,0.95,4.60,6.82,46.19,4.14,3.04,19.83,134.53,3.48
"8255","朋程",36.44,295.30,172.76,121.01,1188.00,6.34,57.57,4.02,90.79,1.77,0.49,5.87,8.38,101.08,11.03,8.24,31.86,49.33,1.39
"8272","全景軟體",27.33,10265.79,365.95,364.17,444.52,3.39,107.66,71.95,5.07,77.94,0.58,10.04,14.42,46.92,17.17,4.04,52.81,242.54,10.55
"8277","商丞",25.40,218.85,436.68,308.23,-2520.81,6.94,52.59,2.72,134.19,1.08,0.43,-11.78,-15.76,-9.05,-28.25,-0.72,0.00,0.00,0.00
"8279","生展",27.51,190.17,222.06,146.97,33.04,4.80,76.04,3.32,109.93,1.49,0.65,8.00,11.00,110.55,11.93,8.86,66.91,68.63,6.53
"8284","三竹",35.12,587.26,229.63,226.67,1101.15,9.19,39.71,14.12,25.84,11.91,1.38,12.84,20.00,69.55,9.23,5.56,37.23,116.70,8.08
"8289","泰藝",26.15,355.33,373.71,275.60,1515.30,4.14,88.16,2.17,168.20,3.35,0.70,1.40,1.72,6.91,1.82,0.40,35.57,114.46,2.74
"8299","群聯",29.24,711.68,380.05,203.51,36.66,6.68,54.64,1.62,225.30,7.76,0.88,12.17,17.32,473.67,13.50,38.95,14.73,44.30,-0.99
"8342","益張",40.30,197.61,174.70,139.30,39.24,7.16,50.97,6.83,53.44,2.88,0.99,14.97,25.70,91.21,14.74,7.64,51.67,108.28,11.18
"8349","恒耀國際",64.87,180.64,142.91,76.02,6.02,4.20,86.90,2.42,150.82,1.90,0.65,4.37,10.10,59.72,5.38,4.27,20.18,46.75,4.83
"8354","冠好",51.09,121.92,119.53,64.41,4.88,3.86,94.55,2.76,132.24,0.32,0.14,3.57,5.97,20.38,19.34,1.57,9.99,120.00,6.03
"8358","金居",25.62,159.17,204.06,169.54,34.29,4.09,89.24,7.73,47.21,1.70,0.81,11.37,14.73,45.47,13.51,3.65,41.07,82.32,4.00
"8383","千附",24.35,183.06,245.00,99.45,49.78,6.26,58.30,"NA","NA",1.61,0.55,7.47,11.10,56.03,13.29,3.50,0.32,54.32,-2.88
"8390","金益鼎",15.50,407.95,597.10,368.64,226.72,18.62,19.60,4.56,80.04,7.14,1.36,12.78,14.94,53.97,9.43,4.84,93.62,96.93,6.33
"8401","白紗科",26.89,223.13,263.68,247.66,90.79,4.53,80.57,21.05,17.33,2.86,1.06,11.75,16.05,32.60,10.96,2.59,90.21,171.14,14.68
"8403","盛弘",43.94,351.74,182.39,164.69,3.98,3.29,110.94,10.53,34.66,2.73,0.59,2.25,3.08,13.27,2.83,1.53,14.34,72.80,3.90
"8409","商之器",43.99,184.71,129.13,113.89,3.66,6.28,58.12,5.63,64.83,1.59,0.53,0.77,0.69,1.98,0.76,0.07,51.31,59.19,31.59
"8410","森田",20.34,257.42,495.34,451.11,77.06,2.38,153.36,5.41,67.46,1.46,0.50,12.16,15.65,93.56,23.59,7.54,69.84,142.26,3.80
"8415","大國鋼",37.40,441.00,252.42,66.27,13.56,9.45,38.62,1.01,361.38,2.90,0.50,5.46,8.20,30.09,10.10,2.22,49.54,83.83,9.02
"8416","實威",21.74,672.88,428.20,394.08,2923.19,3.29,110.94,4.66,78.32,6.87,0.82,16.55,21.13,138.80,20.14,11.01,87.76,125.50,7.13
"8421","旭源",57.64,145.79,141.79,86.75,1.22,3.83,95.30,2.96,123.31,1.41,0.64,0.89,-0.37,1.02,-0.24,0.02,21.19,107.19,6.57
"8423","保綠-KY",34.42,151.84,191.00,172.44,7.59,7.44,49.05,10.26,35.57,0.82,0.47,3.49,4.77,8.69,6.32,0.62,19.20,76.60,2.46
"8424","惠普",15.76,182.06,303.22,233.70,2625.96,4.08,89.46,5.47,66.72,1.69,0.78,12.78,15.03,57.51,16.19,4.61,135.78,99.25,7.76
"8426","紅木-KY",45.35,193.69,222.45,191.90,21.00,7.95,45.91,16.10,22.67,3.15,1.21,11.36,21.36,68.48,8.81,5.03,68.69,130.50,11.85
"8431","匯鑽科",31.10,231.16,200.49,175.92,12.09,2.85,128.07,11.51,31.71,1.89,0.62,4.07,5.38,19.38,5.77,1.26,27.94,157.80,5.30
"8432","東生華",11.90,8170.98,624.57,532.25,381.34,5.26,69.39,3.62,100.82,49.21,0.69,8.30,9.29,45.17,12.02,2.95,87.97,102.59,11.38
"8433","弘帆",51.81,790.07,170.41,160.43,21.67,4.76,76.68,56.28,6.48,8.78,0.72,11.12,21.90,125.18,14.61,9.84,31.95,91.99,6.72
"8435","鉅邁",18.55,539.24,514.41,472.19,252.22,4.98,73.29,5.74,63.58,4.54,0.72,15.08,18.61,62.21,20.59,4.68,112.63,109.65,4.51
"8436","大江",30.82,221.34,271.88,238.34,26.05,7.98,45.73,4.48,81.47,1.52,0.53,7.40,10.45,95.93,13.45,7.60,52.40,115.71,5.11
"8437","大地-KY",18.43,6035.49,250.69,217.40,0.61,1.85,197.29,0.64,570.31,3.79,0.10,1.00,0.59,-1.76,4.71,0.31,32.81,63.69,14.08
"8440","綠電",17.50,227.35,544.46,407.19,12.74,12.50,29.20,9.95,36.68,3.16,1.26,3.29,3.74,6.21,2.41,0.54,16.88,-724.39,0.55
"8444","綠河-KY",88.32,17.77,14.55,6.86,-106.44,17.56,20.78,8.48,43.04,0.73,0.59,-6.60,-74.18,-91.05,-18.36,-8.88,1.18,17.81,1.68
"8446","華研",27.21,33620.88,224.09,221.14,105.33,44.08,8.28,1.71,213.45,236.36,0.45,19.90,30.82,141.21,44.03,11.44,86.70,153.70,10.75
"8450","霹靂",51.54,169.09,212.73,166.31,-4.50,6.73,54.23,0.79,462.02,0.39,0.17,-4.67,-10.82,-13.25,-30.95,-1.55,-34.47,-80.21,-7.98
"8455","大拓-KY",55.23,155.73,117.71,107.02,-4.84,3.00,121.66,12.67,28.80,2.56,0.88,-2.65,-7.01,-17.52,-3.45,-0.74,10.49,206.82,5.17
"8472","夠麻吉",71.48,153.91,41.79,23.78,-12.99,18.46,19.77,28.44,12.83,4.61,1.16,-6.78,-24.19,-44.16,-23.28,-4.42,-11.39,16.09,-23.20
"8477","創業家",25.90,24555.13,231.82,215.95,-299.32,46.71,7.81,21.65,16.85,312.70,1.64,-23.78,-40.16,-19.94,-14.53,-3.63,-103.72,-516.00,-31.49
"8489","三貝德",59.44,465.71,172.62,164.90,2.83,19.20,19.01,0.68,536.76,7.34,0.74,0.23,-0.54,5.02,-0.29,-1.23,34.58,310.95,21.28
"8905","裕國",21.02,238.58,315.51,116.88,1705.13,7.50,48.66,1.77,206.21,1.70,0.59,4.76,5.57,16.37,7.61,1.35,7.75,194.24,-4.38
"8906","花王",77.60,806.30,72.81,65.35,66.43,3.90,93.58,10.16,35.92,0.13,0.11,-1.15,-1.98,-2.21,-4.01,-0.22,-4.25,"NA","NA"
"8908","欣雄",55.42,130.72,110.37,51.79,32.10,12.57,29.03,4.26,85.68,1.76,0.88,6.41,13.92,23.73,7.03,1.87,21.96,53.17,5.09
"8916","光隆",41.88,294.12,146.70,65.85,21.85,11.53,31.65,3.24,112.65,3.81,0.86,6.96,10.66,48.99,7.68,4.04,3.18,68.45,-5.27
"8917","欣泰",53.64,147.14,177.41,172.35,1508.00,9.65,37.82,31.01,11.77,0.95,0.48,6.64,14.14,29.18,13.85,2.36,45.65,99.07,4.47
"8921","沈氏",20.44,260.22,193.03,156.41,-3.86,4.32,84.49,9.36,38.99,1.65,51.53,-0.73,-1.10,-2.30,-1.70,-0.23,21.30,77.08,1.28
"8923","時報",48.97,79364.73,155.12,116.03,38.00,2.95,123.72,1.65,221.21,715.39,0.50,3.34,6.28,11.39,6.51,0.93,19.51,157.62,8.85
"8924","大田",21.41,434.16,405.77,345.39,66.40,6.81,53.59,6.47,56.41,5.07,0.88,9.10,11.79,69.20,10.23,5.66,68.69,118.16,6.52
"8927","北基",73.99,94.29,123.06,52.84,4.59,30.99,11.77,2.15,169.76,0.77,0.40,2.44,8.59,34.35,3.79,1.29,15.04,12.09,3.37
"8928","鉅明",68.20,120.17,105.45,71.28,7.39,3.07,118.89,4.88,74.79,2.22,0.94,4.17,13.38,35.33,4.42,2.75,9.09,58.69,4.72
"8929","富堡",31.15,508.86,307.67,274.59,1020.45,6.25,58.40,6.81,53.59,4.20,0.57,4.67,6.15,14.00,7.01,0.95,14.39,119.49,2.64
"8930","青鋼",29.04,210.76,546.24,419.54,47.91,4.46,81.83,4.44,82.20,1.66,0.69,11.26,16.20,37.62,15.96,3.01,114.97,77.44,1.57
"8931","大汽電",58.20,131.04,76.62,49.70,12.99,9.39,38.87,11.15,32.73,0.88,0.53,6.47,13.41,28.91,11.27,2.32,39.42,112.23,3.78
"8932","智通*",36.69,231.97,245.74,226.57,5070.23,5.49,66.48,5.43,67.21,2.07,0.72,17.87,29.99,63.12,24.41,2.00,129.57,90.15,30.33
"8933","愛地雅",50.21,406.07,148.19,48.25,-283.85,5.16,70.73,1.12,325.89,4.48,0.60,-3.80,-10.75,-7.65,-8.78,-0.74,15.62,-14.84,11.11
"8935","邦泰",35.70,148.06,119.97,63.41,-4.19,3.98,91.70,1.70,214.70,0.81,0.36,-4.07,-8.00,-6.46,-13.26,-0.67,-0.82,242.39,-0.26
"8936","國統",39.79,1923.80,190.83,100.83,66.29,9.54,38.25,1.63,223.92,10.96,0.42,7.32,11.78,45.56,17.33,3.37,6.91,83.39,-1.68
"8937","合騏",35.93,418.00,119.54,98.21,2.56,45.44,8.03,1.36,268.38,0.47,0.09,2.00,2.31,1.97,15.47,0.43,-8.16,-23.95,1.02
"8938","明安",49.59,177.58,142.53,96.66,15.64,4.34,84.10,4.56,80.04,3.44,1.00,8.64,16.31,96.53,8.10,7.51,23.18,81.75,11.30
"8941","關中",45.30,1388.60,152.43,93.99,2308.63,10.17,35.88,6.67,54.72,35.49,1.66,8.61,16.70,52.03,5.36,5.06,51.09,167.80,16.04
"8942","森鉅",27.15,226.19,171.64,116.54,24.87,6.10,59.83,1.88,194.14,0.82,0.29,6.80,9.56,63.20,23.05,5.39,50.45,89.36,4.10
"9949","琉園",60.27,356.90,132.02,96.67,-89.25,7.15,51.04,0.51,715.68,1.60,0.27,-8.19,-15.03,-14.25,-30.81,-1.19,-1.68,-267.39,-1.79
"9950","萬國通",64.74,127.78,144.95,95.81,395.22,7.10,51.40,3.18,114.77,1.02,0.59,5.19,11.86,10.33,6.61,1.02,29.35,-39.34,7.84
"9951","皇田",37.56,293.95,204.20,138.09,6164.50,4.81,75.88,3.79,96.30,4.20,0.94,5.47,8.64,51.71,5.70,4.20,-0.81,149.81,-5.34
"9960","邁達康",39.60,7604.13,242.16,183.37,19.38,9.50,38.42,2.94,124.14,64.89,0.59,6.08,10.52,25.17,9.68,2.03,36.04,179.60,5.46
"9962","有益",35.52,262.66,213.08,29.37,18.48,51.14,7.13,2.36,154.66,6.46,1.53,4.06,5.40,8.52,2.50,0.68,0.00,61.73,-6.87