"公司代號","公司簡稱","財務結構-負債佔資產比率(%)","財務結構-長期資金佔不動產、廠房及設備比率(%)","償債能力-流動比率(%)","償債能力-速動比率(%)","償債能力-利息保障倍數(%)","經營能力-應收款項週轉率(次)","經營能力-平均收現日數","經營能力-存貨週轉率(次)","經營能力-平均售貨日數","經營能力-不動產、廠房及設備週轉率(次)","經營能力-總資產週轉率(次)","獲利能力-資產報酬率(%)","獲利能力-權益報酬率(%)","獲利能力-稅前純益佔實收資本比率(%)","獲利能力-純益率(%)","獲利能力-每股盈餘(元)","現金流量-現金流量比率(%)","現金流量-現金流量允當比率(%)","現金流量-現金再投<br>資比率(%)"
"1101","台泥",43.82,344.59,172.40,160.92,20.59,2.87,127.17,9.55,38.21,1.26,0.30,7.78,13.10,58.82,24.48,4.32,43.38,85.40,3.55
"1102","亞泥",42.82,441.23,135.92,125.61,21.75,4.05,90.12,7.63,47.83,1.51,0.26,6.63,11.07,71.83,23.99,4.70,30.64,172.32,3.79
"1103","嘉泥",38.45,606.96,385.43,380.09,1387.47,8.41,43.40,18.77,19.44,0.32,0.05,4.96,7.55,27.18,89.29,2.74,17.45,15.70,0.00
"1104","環泥",22.06,304.00,115.70,106.75,42.32,4.00,91.25,16.50,22.12,0.84,0.22,5.43,6.83,19.85,23.21,1.91,26.72,77.47,1.26
"1108","幸福",41.99,264.22,244.47,72.19,14.91,4.56,80.04,1.08,337.96,2.04,0.56,5.44,8.74,10.98,8.66,0.97,38.68,68.15,4.74
"1109","信大",19.22,325.78,303.94,261.67,981.76,3.29,110.94,5.78,63.14,2.52,0.66,12.61,15.95,61.95,19.08,2.94,99.31,352.53,13.16
"1110","東泥",13.35,3423.62,271.27,114.70,221.29,3.91,93.35,1.98,184.34,6.69,0.16,0.22,0.20,0.13,1.07,0.04,15.29,-9.87,0.84
"1201","味全",61.98,126.51,96.23,73.90,461.39,7.05,51.77,10.29,35.47,1.94,1.00,3.54,7.77,10.73,2.87,1.06,30.69,62.11,5.30
"1203","味王",32.35,265.14,272.59,178.50,66.74,12.76,28.60,2.59,140.92,2.01,0.64,7.52,11.07,39.22,11.48,1.81,69.60,143.00,6.29
"1210","大成",46.05,176.85,111.21,60.20,17.62,13.23,27.58,7.17,50.90,4.99,1.65,8.68,15.60,60.24,4.99,3.99,30.59,97.77,19.47
"1213","大飲",57.29,104.31,48.51,39.06,-1.06,4.99,73.14,10.78,33.85,0.55,0.32,-1.22,-4.96,-5.40,-6.65,-0.48,-0.79,-269.55,-0.30
"1215","卜蜂",55.32,125.79,97.41,67.25,24.64,10.25,35.60,12.75,28.62,2.26,1.16,8.91,18.89,76.47,7.39,6.18,40.95,57.62,7.44
"1216","統一",63.54,228.76,103.52,77.08,1668.56,24.58,14.84,7.50,48.66,3.05,0.92,6.73,17.37,67.65,6.89,3.79,38.02,158.94,11.42
"1217","愛之味",48.59,306.00,63.88,39.14,3.50,7.60,48.02,4.49,81.29,1.55,0.35,2.65,4.23,6.27,5.40,0.47,14.16,73.18,4.03
"1218","泰山",23.90,437.04,234.04,167.54,63.88,7.48,48.79,10.42,35.02,4.76,0.90,9.34,12.49,18.12,10.19,1.75,29.77,33.08,-0.30
"1219","福壽",47.80,156.54,206.63,128.13,16.99,8.94,40.82,6.35,57.48,3.18,1.41,6.85,13.55,20.98,4.59,1.91,40.99,77.15,6.87
"1220","台榮",17.82,279.76,520.82,379.00,105.94,4.05,90.12,4.69,77.82,2.95,0.89,6.13,7.55,13.37,6.84,1.02,130.42,110.71,6.04
"1225","福懋油",51.48,159.19,144.02,99.22,20.63,7.41,49.25,8.02,45.51,3.59,1.32,5.71,11.32,25.75,4.09,1.72,18.09,76.23,3.80
"1227","佳格",35.25,449.06,235.89,160.32,84.54,5.41,67.46,5.67,64.37,7.39,1.29,12.37,18.62,46.87,9.45,3.54,27.13,97.00,0.00
"1229","聯華",20.61,1029.79,82.20,65.37,56.34,6.54,55.81,4.14,88.16,1.89,0.17,6.93,8.53,28.34,36.67,2.43,23.75,71.94,1.19
"1231","聯華食",53.92,153.31,163.02,102.67,2820.70,4.97,73.44,5.01,72.85,2.56,1.08,8.73,17.76,46.45,7.78,3.74,42.83,75.73,8.73
"1232","大統益",26.90,604.46,359.62,268.02,258.12,17.17,21.25,10.95,33.33,23.61,2.87,21.84,30.15,103.28,7.58,8.08,140.60,129.72,14.82
"1233","天仁",38.19,168.25,132.11,88.77,11.60,8.34,43.76,2.91,125.42,2.09,0.77,2.55,3.68,7.74,3.01,0.63,40.62,108.91,4.29
"1234","黑松",18.65,328.69,419.03,127.45,82.50,12.98,28.12,1.27,287.40,1.46,0.41,4.01,4.95,25.76,9.67,2.22,82.22,18.65,4.40
"1235","興泰",28.08,1792.08,282.80,281.91,3.44,0.56,651.78,4.12,88.59,0.46,0.02,2.12,2.35,6.74,83.53,0.65,12.10,748.02,2.42
"1236","宏亞",41.84,149.28,127.18,71.02,1.03,4.10,89.02,4.33,84.29,1.10,0.60,0.17,0.01,0.02,0.01,0.00,38.70,141.18,4.65
"1256","鮮活果汁-KY",24.93,180.45,222.22,171.44,200.96,11.85,30.80,7.03,51.92,2.24,1.04,23.29,32.85,301.16,22.32,22.99,123.13,147.30,19.33
"1301","台塑",30.62,473.61,242.67,210.51,19.64,12.60,28.96,8.97,40.69,2.16,0.38,4.30,5.88,37.96,10.78,3.15,46.07,100.76,0.59
"1303","南亞",39.02,267.97,174.20,136.52,19.07,5.65,64.60,5.65,64.60,1.66,0.48,4.92,7.55,38.38,9.84,3.24,34.73,86.15,3.03
"1304","台聚",36.99,277.85,224.65,184.80,3272.03,6.82,53.51,8.62,42.34,2.16,0.67,7.89,12.93,59.88,11.32,2.25,85.14,78.88,10.83
"1305","華夏",25.83,175.31,264.54,208.14,294.13,8.12,44.95,7.75,47.09,2.14,1.05,13.71,18.84,39.13,13.05,2.95,94.04,124.86,8.83
"1307","三芳",48.68,197.50,237.93,191.57,8.23,6.53,55.89,3.60,101.38,1.40,0.55,1.68,2.70,8.65,2.58,0.55,46.14,93.84,7.05
"1308","亞聚",28.28,472.86,200.40,170.86,3121.87,7.65,47.71,13.09,27.88,1.75,0.34,6.73,9.88,22.08,19.35,1.90,194.59,155.17,12.78
"1309","台達化",31.26,340.83,273.81,235.39,11917.31,6.97,52.36,16.64,21.93,7.29,1.80,22.45,36.03,73.17,12.39,5.58,140.37,552.16,24.78
"1310","台苯",17.18,197.03,203.49,153.51,80.91,9.37,38.95,18.05,20.22,2.05,0.89,3.20,3.94,7.00,3.57,0.55,1.66,104.38,-3.94
"1312","國喬",14.32,467.93,448.12,405.22,66360.55,6.63,55.05,9.36,38.99,2.21,0.49,12.76,14.81,55.14,26.07,4.52,97.42,309.84,6.14
"1313","聯成",43.54,243.42,282.71,152.65,1079.14,13.44,27.15,7.53,48.47,3.23,1.16,5.26,9.37,20.13,4.11,1.62,58.23,56.50,6.07
"1314","中石化",32.45,414.01,309.65,150.62,146.81,9.93,36.75,1.45,251.72,0.87,0.17,0.85,0.98,0.32,3.84,0.21,-47.32,-8.26,-5.17
"1315","達新",6.60,829.47,1486.54,1149.81,1647.27,5.59,65.29,3.00,121.66,1.50,0.19,47.26,52.73,428.08,243.12,31.97,28.93,39.18,0.00
"1316","上曜",63.22,682.34,139.06,20.51,-1.92,9.30,39.24,0.19,1921.05,4.56,0.20,2.09,2.55,3.44,5.18,0.20,-1.35,-74.71,-2.19
"1319","東陽",37.11,149.92,127.76,80.70,6.83,4.35,83.90,5.29,68.99,0.87,0.48,2.39,3.29,14.96,4.29,1.39,77.43,110.43,8.85
"1321","大洋",45.76,317.10,199.65,133.80,21.28,7.93,46.02,7.38,49.45,1.41,0.41,6.16,11.99,17.68,14.36,3.24,43.34,106.47,3.28
"1323","永裕",52.84,199.56,396.94,303.78,26.12,4.27,85.48,4.29,85.08,1.65,0.64,6.92,14.27,51.88,10.37,3.20,91.06,78.95,6.34
"1324","地球",21.75,265.53,342.95,262.48,484.89,5.19,70.32,4.68,77.99,2.71,0.86,1.33,1.68,3.03,1.55,0.22,52.79,91.66,5.76
"1325","恆大",17.37,323.50,450.55,422.78,72327.09,18.07,20.19,8.32,43.87,3.81,1.25,61.90,72.03,296.83,49.66,23.16,332.40,318.64,43.15
"1326","台化",25.64,354.95,293.88,236.77,18.07,8.20,44.51,6.02,60.63,1.98,0.47,4.17,5.36,42.26,8.54,3.34,62.91,130.96,4.78
"1337","再生-KY",7.78,213.16,607.08,552.35,-69.42,4.56,80.04,6.26,58.30,0.36,0.16,-7.67,-8.64,-9.18,-51.02,-2.39,-64.40,149.37,-3.35
"1338","廣華-KY",36.59,219.01,169.18,134.66,12.43,2.88,126.73,4.68,77.99,1.96,0.60,3.08,4.35,49.81,4.66,3.51,13.66,83.45,1.92
"1339","昭輝",32.33,147.46,184.66,145.47,9.97,2.85,128.07,4.24,86.08,0.79,0.40,2.49,3.44,24.10,5.64,1.59,59.70,143.18,7.49
"1340","勝悅-KY",2.58,391.05,2461.02,2413.66,"NA",2.63,138.78,69.28,5.26,0.47,0.12,-6.67,-6.91,-25.75,-59.38,-2.55,-218.25,"NA",-5.55
"1341","富林-KY",42.64,179.63,168.45,94.45,27.40,6.38,57.21,3.45,105.79,3.29,1.25,15.14,25.48,80.29,11.67,6.29,59.53,68.43,9.77
"1342","八貫",26.14,223.58,395.37,221.61,67.41,7.37,49.52,2.39,152.71,2.22,0.88,11.44,16.38,36.60,12.81,3.15,110.05,64.08,8.24
"1402","遠東新",56.33,255.63,103.94,80.32,6.49,7.70,47.40,6.78,53.83,1.27,0.34,2.67,3.95,30.12,6.28,1.62,38.77,85.59,10.87
"1409","新纖",75.76,343.73,101.72,97.96,4.03,1.69,215.97,4.13,88.37,1.52,0.15,1.33,3.98,14.32,6.06,0.62,0.00,206.13,-1.09
"1410","南染",17.94,687.88,821.79,783.34,809.70,6.07,60.13,10.43,34.99,2.13,0.30,4.54,5.49,12.84,15.03,0.95,19.77,130.79,1.22
"1413","宏洲",61.99,156.86,86.48,24.67,-14.55,10.65,34.27,3.12,116.98,1.33,0.57,-5.49,-14.47,-12.26,-10.39,-1.23,-4.37,38.40,-0.64
"1414","東和",29.36,240.85,178.89,95.19,10.58,15.31,23.84,1.14,320.17,0.43,0.16,1.42,1.88,2.84,8.34,0.27,27.19,62.51,2.56
"1416","廣豐",49.82,4375.23,171.65,147.63,-6.44,3.81,95.80,0.18,2027.77,0.09,0.02,-4.24,-9.22,-19.85,-168.89,-1.85,3.17,83.05,3.65
"1417","嘉裕",18.70,304.40,377.22,307.12,-26542.27,7.96,45.85,0.59,618.64,1.10,0.27,-9.35,-12.40,-18.87,-34.08,-1.85,0.00,0.00,0.00
"1418","東華",81.75,242.06,145.58,50.27,-6.18,623.93,0.58,1.37,266.42,0.11,0.04,-8.68,-43.77,-38.93,-227.91,-4.20,-130.54,-324.46,-9.80
"1419","新紡",33.08,3124.38,81.88,67.37,15.14,7.95,45.91,2.32,157.32,6.71,0.16,2.92,4.09,13.18,16.96,1.22,4.16,9.38,-1.04
"1423","利華",9.96,968.10,2287.34,1091.34,11566.91,"*****","*****",0.61,598.36,0.58,0.06,11.97,13.20,29.24,174.63,2.56,-26.61,121.43,-0.87
"1432","大魯閣",83.43,177.61,89.02,58.09,1.25,33.93,10.75,0.57,640.35,1.98,0.22,1.34,1.66,2.26,1.37,0.00,39.05,32.57,39.85
"1434","福懋",22.63,582.66,203.22,108.47,14.49,8.61,42.39,3.45,105.79,2.30,0.36,2.78,3.33,13.43,7.28,1.25,55.03,91.21,0.01
"1435","中福",17.63,1135.63,3175.08,3125.21,-40166.04,106.76,3.41,0.01,36500.00,0.17,0.01,-2.06,-2.47,-1.52,-142.40,-0.17,-94.39,1168.90,-2.48
"1436","華友聯",76.81,15225.42,153.45,26.17,225.00,494.96,0.73,0.17,2147.05,53.62,0.15,2.42,6.65,19.94,11.01,1.88,-28.41,-39.56,-32.78
"1437","勤益控",43.06,208219.58,371.73,368.20,9.48,66.77,5.46,10.70,34.11,128.59,0.05,3.56,5.52,21.05,58.96,1.76,64.20,98.58,3.57
"1438","三地開發",69.98,2034.04,148.22,10.51,1184275.00,"NA","NA",0.04,9125.00,3.01,0.08,3.74,8.54,4.62,46.65,0.45,-117.01,-98.19,-227.49
"1439","雋揚",7.28,1032975.93,674.91,528.54,-13204.67,11.38,32.07,"*****","*****",87.83,0.04,9.30,9.66,-258.37,-218.67,-2.65,"NA","NA","NA"
"1440","南紡",46.07,172.26,91.55,59.33,7.01,9.34,39.07,3.77,96.81,0.83,0.38,2.42,3.88,5.96,5.50,0.57,16.92,53.99,3.71
"1441","大東",59.61,103.13,60.24,27.65,-889.00,11.08,32.94,3.08,118.50,1.25,0.57,-10.11,-26.28,-29.48,-19.36,-2.90,-7.81,-94.50,-3.91
"1442","名軒",57.32,40248.32,412.10,11.92,4.36,44.64,8.17,0.17,2147.05,89.92,0.18,0.79,1.45,2.49,3.44,0.25,-10.16,82.84,-3.10
"1443","立益物流",86.14,35.24,17.54,15.21,26.51,3.33,109.60,3.72,98.11,0.12,0.10,0.41,-7.34,-4.41,-10.31,-0.29,5.30,0.00,10.23
"1444","力麗",34.03,178.33,103.19,59.08,-6.69,8.84,41.28,3.52,103.69,1.15,0.47,-2.12,-3.73,-4.80,-5.07,-0.38,15.18,49.83,3.05
"1445","大宇",19.18,190.48,420.65,243.55,-145.05,6.66,54.80,2.10,173.80,1.10,0.47,-2.87,-3.54,-6.42,-6.31,-0.44,67.86,319.85,3.94
"1446","宏和",62.34,702115.71,828.55,69.46,"NA",24.87,14.67,9.20,39.67,939.76,0.12,-0.05,-0.48,-0.94,-1.52,-0.05,29.17,"NA",2.37
"1447","力鵬",41.55,228.60,130.94,89.49,-8.43,6.84,53.36,5.75,63.47,2.33,0.75,-2.06,-4.05,-5.82,-3.05,-0.48,13.48,112.14,2.83
"1449","佳和",82.96,1273.21,111.66,27.81,-0.04,10.28,35.50,1.07,341.12,7.04,0.30,-0.67,-14.16,-12.54,-6.58,-1.48,-14.86,-51.38,-16.76
"1451","年興",19.63,463.69,451.06,259.25,-89.60,3.86,94.55,2.79,130.82,3.77,0.76,-4.55,-5.85,-27.68,-6.04,-2.14,3.27,56.52,0.27
"1452","宏益",8.58,407.51,1040.82,906.79,8582.83,5.65,64.60,3.71,98.38,1.93,0.47,3.58,3.89,7.76,7.67,0.74,195.32,106.99,5.10
"1453","大將",4.61,1288.91,1802.16,540.82,0.00,"*****","*****",0.26,1403.84,2.19,0.16,1.15,1.19,1.49,6.97,0.15,-118.45,-168.28,-5.58
"1454","台富",23.35,202.92,274.41,159.79,"NA",7.71,47.34,1.69,215.97,1.55,0.60,-1.82,-2.51,-4.55,-3.18,-0.31,0.42,1.05,0.05
"1455","集盛",26.89,144.96,147.71,94.28,-2.06,6.36,57.38,5.14,71.01,1.62,0.83,-0.33,-0.58,-0.63,-0.52,-0.07,47.83,134.84,5.86
"1456","怡華",80.81,5235.89,146.28,11.81,183.04,5.23,69.78,0.17,2147.05,11.37,0.12,2.29,5.43,7.47,9.50,0.73,"NA",3.66,"NA"
"1457","宜進",56.34,451.35,115.63,82.61,7.29,4.98,73.29,3.12,116.98,0.78,0.15,3.67,7.34,26.86,20.56,2.89,-14.30,66.74,-14.04
"1459","聯發",51.09,174.66,138.94,120.09,-264.60,8.05,45.34,6.93,52.66,0.71,0.30,-2.38,-6.44,-5.07,-10.30,-0.58,3.55,6.88,0.86
"1460","宏遠",71.94,127.48,112.79,35.44,-8.19,5.94,61.44,1.44,253.47,1.22,0.54,-6.32,-21.67,-18.29,-12.76,-1.94,-5.04,6.98,-2.75
"1463","強盛新",15.25,543.68,517.12,442.92,0.00,6.08,60.03,1.83,199.45,1.03,0.17,2.38,2.68,3.87,13.84,0.33,54.14,148.41,1.25
"1464","得力",69.44,145.82,111.66,68.52,-0.64,4.29,85.08,2.24,162.94,1.41,0.47,-0.33,-3.53,-7.59,-2.40,-0.54,6.62,11.07,-0.16
"1465","偉全",10.77,632.16,532.27,409.13,-9683.69,7.24,50.41,1.69,215.97,1.51,0.22,-1.18,-1.38,-3.53,-5.90,-0.24,0.00,72.19,-7.79
"1466","聚隆",53.82,164.04,218.58,125.55,2.97,6.33,57.66,3.88,94.07,1.54,0.77,1.82,2.59,3.87,1.54,0.38,97.44,165.20,9.21
"1467","南緯",58.93,234.47,141.49,92.03,3.76,7.85,46.49,4.83,75.56,3.96,1.06,3.21,5.58,11.41,1.92,0.72,23.47,84.15,13.37
"1468","昶和",56.13,224.33,178.39,98.05,2.74,12.34,29.57,1.16,314.65,1.08,0.34,2.42,3.78,2.82,4.70,0.26,25.40,194.38,6.69
"1470","大統新創",17.66,215.15,350.99,259.71,75.00,4.67,78.15,3.25,112.30,1.42,0.54,3.05,3.63,4.76,5.61,0.41,38.55,88.87,0.45
"1471","首利",34.59,474.83,215.09,194.20,43.80,4.45,82.02,9.04,40.37,3.41,0.76,28.19,46.82,27.91,36.49,2.63,-12.19,-241.91,-3.29
"1472","三洋實業",85.48,261.46,76.61,72.56,0.00,5.84,62.50,2.50,146.00,0.91,0.20,-25.24,-116.12,-49.37,-129.18,-8.66,-4.34,-110.22,-3.03
"1473","台南",34.90,320.46,192.87,133.60,-14.08,5.16,70.73,5.82,62.71,5.24,1.09,-6.24,-10.10,-25.87,-6.00,-2.45,11.13,134.67,2.21
"1474","弘裕",48.33,204.16,168.14,97.81,8.58,4.45,82.02,2.86,127.62,2.41,0.76,3.02,5.18,8.81,3.53,0.83,10.27,85.29,4.20
"1475","業旺",19.60,25205.35,502.25,475.44,101.76,9.87,36.98,11.97,30.49,145.08,0.68,1.58,2.11,0.67,2.33,0.07,-13.59,11.62,-0.03
"1476","儒鴻",27.52,190.87,224.18,143.91,15795.34,6.91,52.82,4.26,85.68,2.69,1.13,17.21,22.82,194.04,15.10,15.51,58.81,87.70,3.54
"1477","聚陽",45.46,208.94,158.79,108.15,43.67,16.24,22.47,5.21,70.05,5.01,1.49,12.76,21.47,123.57,8.34,9.35,9.38,62.95,-2.63
"1503","士電",38.89,208.21,136.69,94.40,62.26,3.84,95.05,3.56,102.52,1.81,0.62,3.92,6.34,42.11,6.22,2.93,16.57,120.78,3.14
"1504","東元",36.01,483.48,233.41,175.05,19.59,4.41,82.76,3.36,108.63,2.81,0.45,3.91,5.89,22.36,8.32,1.81,27.97,134.73,2.70
"1506","正道",60.57,131.08,112.90,56.67,-11.63,3.43,106.41,1.80,202.77,0.71,0.34,-13.83,-41.50,-22.51,-43.27,-2.19,-4.11,17.03,-1.11
"1512","瑞利",91.67,129.29,99.01,55.35,-227.16,2.72,134.19,3.00,121.66,1.26,0.50,-4.17,-58.34,-5.50,-10.78,-0.55,13.66,106.51,3.24
"1513","中興電",63.09,210.01,136.81,59.04,25.16,7.49,48.73,1.83,199.45,2.25,0.62,6.47,16.57,37.84,10.08,3.59,25.44,46.83,8.48
"1514","亞力",45.63,337.06,163.55,110.46,35.87,2.93,124.57,2.83,128.97,4.88,0.86,5.52,9.96,17.91,6.26,1.51,14.04,96.32,4.90
"1515","力山",60.58,144.49,117.11,95.83,91.54,6.56,55.64,10.86,33.60,4.38,1.38,10.11,22.80,58.35,7.23,4.50,28.22,153.61,16.50
"1516","川飛",13.96,919.61,638.14,638.14,"NA",4.49,81.29,"NA","NA",18.39,1.75,6.11,7.26,8.33,3.49,0.83,-34.38,374.62,-8.83
"1517","利奇",30.18,306.48,278.16,198.77,7941.45,3.50,104.28,3.63,100.55,2.74,0.73,4.38,6.13,11.50,5.97,0.75,1.01,34.30,-0.72
"1519","華城",59.19,221.36,164.02,95.29,21.34,3.08,118.50,2.54,143.70,4.27,0.97,5.55,13.21,18.16,5.40,1.75,5.49,97.82,-0.65
"1521","大億",52.03,189.66,128.42,67.55,65.35,5.11,71.42,4.65,78.49,4.79,1.31,4.43,8.72,23.43,3.33,2.10,11.16,71.34,-3.37
"1522","堤維西",74.71,197.41,134.16,59.24,4.27,5.20,70.19,2.56,142.57,1.73,0.64,1.73,4.23,13.04,1.98,0.84,45.36,84.54,10.68
"1524","耿鼎",56.21,108.81,99.61,54.04,240.80,5.46,66.84,3.13,116.61,0.58,0.38,1.07,1.61,2.26,1.91,0.21,26.54,93.27,2.84
"1525","江申",18.18,917.62,216.81,181.26,196.00,4.95,73.73,5.25,69.52,2.05,0.20,6.31,7.69,55.88,30.77,4.41,-21.45,-48.29,-4.86
"1526","日馳",38.69,221.26,183.89,86.23,76.42,7.21,50.62,1.68,217.26,2.33,0.72,10.41,16.71,36.88,14.30,2.97,66.76,112.80,24.94
"1527","鑽全",19.10,430.82,433.63,361.32,0.00,4.80,76.04,3.49,104.58,3.73,0.74,8.39,10.18,37.65,11.34,2.94,39.40,136.92,3.24
"1528","恩德",56.41,220.75,143.73,93.30,-2.67,3.24,112.65,1.85,197.29,2.82,0.64,-1.81,-5.20,-6.30,-3.68,-0.61,5.49,-11.22,3.56
"1529","樂事綠能",34.01,216.94,237.89,228.77,-691.99,2.60,140.38,33.61,10.85,0.97,0.37,3.07,5.82,6.39,10.19,0.65,112.00,6.34,20.67
"1530","亞崴",46.02,171.10,138.83,83.41,25.54,3.38,107.98,1.72,212.20,1.44,0.48,9.60,19.86,57.50,19.21,3.92,15.50,111.48,6.14
"1531","高林股",19.99,363.63,481.77,339.35,97.38,1.97,185.27,1.71,213.45,1.51,0.37,1.24,1.53,-3.73,-3.42,-0.30,34.72,93.40,3.36
"1532","勤美",64.27,292.51,190.37,67.74,374.02,3.39,107.66,0.55,663.63,1.29,0.29,2.31,4.99,25.72,6.03,1.47,17.87,61.33,6.86
"1533","車王電",57.64,267.22,194.88,138.66,2.98,4.68,77.99,1.33,274.43,2.06,0.46,0.31,3.46,6.10,-0.17,0.86,21.95,91.69,7.54
"1535","中宇",55.98,2143.81,156.62,104.27,135.00,7.14,51.12,0.33,1106.06,63.99,1.31,3.08,6.66,19.35,2.23,1.60,39.26,81.12,33.57
"1536","和大",65.09,103.33,84.18,54.64,3.46,2.28,160.08,2.03,179.80,0.47,0.29,2.10,4.38,12.73,5.48,1.12,17.05,36.39,3.83
"1537","廣隆",26.73,499.64,410.98,267.58,1217.03,6.73,54.23,3.67,99.45,7.39,1.31,16.17,21.84,144.47,12.35,10.75,122.68,124.96,7.64
"1538","正峰",62.26,288.51,219.05,162.72,-2.21,5.21,70.05,3.81,95.80,1.65,0.39,-1.37,-7.74,-4.24,-4.46,-0.57,-56.65,-43.25,-5.53
"1539","巨庭",71.80,147.42,118.68,98.33,0.08,4.40,82.95,4.27,85.48,2.19,0.59,-0.13,-1.45,18.87,-0.81,-0.28,1.31,44.50,-0.84
"1540","喬福",14.73,433.10,615.09,496.54,24201.27,8.81,41.43,0.61,598.36,0.66,0.20,1.27,-1.48,-2.94,-6.34,-0.24,21.24,182.08,-0.03
"1541","錩泰",55.35,314.95,156.71,115.58,77.79,3.41,107.03,5.55,65.76,8.21,1.52,13.33,30.52,74.97,8.66,5.79,10.05,87.78,8.75
"1558","伸興",36.67,304.22,243.32,184.13,205.36,6.25,58.40,5.24,69.65,3.92,0.97,11.79,17.16,186.78,12.14,13.76,33.14,93.59,3.54
"1560","中砂",49.90,154.46,236.27,126.11,4045.44,5.75,63.47,2.60,140.38,1.18,0.59,6.37,11.55,48.45,10.46,3.63,72.16,60.11,5.12
"1563","巧新",58.03,144.78,213.00,62.75,3.87,7.18,50.83,0.79,462.02,0.58,0.32,1.74,3.04,13.07,4.08,1.14,31.15,40.92,3.94
"1568","倉佑",52.96,144.09,161.86,114.99,1.54,2.73,133.69,2.97,122.89,1.10,0.54,0.64,0.68,0.68,0.58,0.10,39.85,77.11,9.80
"1582","信錦",46.97,405.78,178.70,152.84,5577.00,2.57,142.02,7.39,49.39,5.73,0.82,9.11,16.30,121.04,10.09,7.81,11.42,100.01,0.08
"1583","程泰",47.46,200.94,146.15,86.84,15.50,3.20,114.06,1.29,282.94,1.39,0.41,5.69,10.98,57.43,13.17,4.39,14.75,98.85,5.88
"1587","吉茂",51.67,159.09,138.87,70.00,16.83,5.36,68.09,1.71,213.45,1.76,0.67,7.16,14.08,33.97,10.06,2.64,27.45,76.63,13.55
"1589","永冠-KY",46.54,219.22,260.07,218.55,7.67,2.52,144.84,4.79,76.20,1.42,0.55,3.97,6.31,8.80,6.31,4.80,16.51,39.98,3.33
"1590","亞德客-KY",45.71,117.37,112.96,87.92,25.32,3.17,115.14,2.84,128.52,0.90,0.47,12.39,23.82,335.55,25.36,25.63,30.16,69.04,10.74
"1597","直得",39.79,181.69,228.41,146.68,1860.04,3.68,99.18,1.24,294.35,0.98,0.40,6.22,9.82,32.21,14.70,2.51,47.91,109.41,6.77
"1598","岱宇",63.25,230.86,124.92,76.69,30.49,6.05,60.33,3.52,103.69,4.74,1.28,13.27,37.05,124.76,10.04,11.69,19.32,53.92,19.90
"1603","華電",34.96,190.35,174.14,113.91,26.66,1.90,192.10,1.87,195.18,0.69,0.27,4.12,6.18,19.18,14.55,2.05,-4.73,80.46,-2.75
"1604","聲寶",35.84,171.55,176.60,86.72,86.87,12.95,28.18,4.68,77.99,1.59,0.61,14.83,24.67,53.84,23.94,4.86,18.77,38.09,-1.41
"1605","華新",42.41,350.22,178.57,93.02,1813.14,10.35,35.26,4.64,78.66,3.62,0.77,5.12,8.44,28.67,6.22,2.04,22.72,68.03,4.58
"1608","華榮",35.81,285.65,161.68,76.05,1831.72,8.13,44.89,2.55,143.13,2.40,0.60,3.16,4.69,6.75,4.99,0.76,13.50,72.90,0.63
"1609","大亞",63.77,227.54,137.24,95.40,663.40,5.50,66.36,4.95,73.73,2.95,0.79,5.24,11.79,20.47,5.64,1.45,7.30,22.03,2.14
"1611","中電",29.66,571.78,244.40,191.82,10.49,5.68,64.26,2.70,135.18,1.94,0.34,1.40,1.73,2.76,3.79,0.23,11.47,8.88,-6.31
"1612","宏泰",13.77,353.16,543.15,299.14,85.27,5.98,61.03,3.01,121.26,2.97,0.76,8.72,10.39,18.74,11.32,1.64,64.70,20.13,3.13
"1614","三洋電",18.43,145.62,280.48,160.05,297.46,18.45,19.78,4.46,81.83,1.36,0.85,5.53,6.71,16.19,6.48,1.37,86.76,97.53,5.60
"1615","大山",40.60,225.23,166.77,83.61,62.97,4.97,73.44,3.54,103.10,2.97,1.02,10.74,17.12,33.66,10.38,2.67,19.68,51.13,2.14
"1616","億泰",45.74,228.25,159.34,76.93,2.41,5.74,63.58,2.57,142.02,3.63,0.97,0.38,0.11,0.82,0.06,0.01,0.00,206.00,0.00
"1617","榮星",40.91,216.09,195.66,163.21,26.00,4.23,86.28,9.09,40.15,3.41,1.04,5.28,8.41,12.40,4.90,1.02,5.77,73.55,0.49
"1618","合機",8.37,289.73,627.46,426.48,818.12,6.51,56.06,3.15,115.87,2.15,0.58,5.01,5.55,12.21,8.57,1.00,109.27,96.27,6.51
"1626","艾美特-KY",66.08,147.72,118.25,71.41,6.24,4.68,77.99,3.64,100.27,2.94,1.00,2.12,5.10,16.04,1.70,1.12,8.47,251.40,6.09
"1702","南僑",72.55,112.13,97.76,72.56,7.38,10.10,36.13,4.99,73.14,1.39,0.71,4.68,14.88,56.32,5.64,3.84,23.05,73.40,8.91
"1707","葡萄王",39.11,131.42,113.45,91.87,166.83,44.69,8.16,2.57,142.02,1.33,0.75,15.59,24.53,174.50,20.67,9.34,77.68,110.15,10.59
"1708","東鹼",51.20,102.73,78.92,61.46,2.76,7.92,46.08,8.69,42.00,0.43,0.34,2.11,2.97,8.24,4.32,0.76,38.06,61.22,5.09
"1709","和益",32.69,187.10,165.75,80.21,27.12,7.47,48.86,2.58,141.47,1.87,0.76,5.01,7.32,14.96,6.36,1.16,50.64,72.58,9.53
"1710","東聯",56.28,172.88,70.54,51.16,-2.55,16.96,21.52,16.08,22.69,1.27,0.53,-3.32,-9.30,-14.76,-7.84,-1.22,-8.43,113.50,1.29
"1711","永光",36.58,193.64,209.40,100.05,4.95,4.78,76.35,1.85,197.29,1.44,0.58,1.91,2.48,4.83,2.64,0.39,46.41,120.84,6.19
"1712","興農",52.48,148.07,129.10,69.77,14.91,9.30,39.24,4.61,79.17,2.63,1.16,5.10,10.17,20.24,4.13,1.70,41.21,200.09,10.99
"1713","國化",5.83,691.75,2703.23,2188.43,0.00,4.59,79.52,2.85,128.07,1.38,0.19,3.70,3.94,6.24,19.22,0.61,-116.83,-16.03,-4.32
"1714","和桐",32.69,398.47,295.62,235.91,13.80,6.89,52.97,6.39,57.12,4.91,1.08,10.77,15.91,29.60,9.28,1.68,129.05,577.62,22.70
"1717","長興",58.64,244.69,210.28,157.22,9.15,2.29,159.38,3.94,92.63,2.25,0.69,5.09,11.04,25.35,6.49,2.05,26.73,65.74,3.93
"1718","中纖",91.30,"NA","NA","NA","NA","NA","NA","NA","NA",0.13,0.02,0.98,6.38,30.35,33.93,0.73,"NA","NA","NA"
"1720","生達",30.41,254.04,218.20,139.65,100.53,4.64,78.66,2.54,143.70,2.03,0.62,9.04,13.10,43.25,14.53,2.93,55.89,106.62,9.18
"1721","三晃",48.38,184.84,180.02,128.73,30.92,4.63,78.83,3.07,118.89,1.58,0.61,11.88,22.05,25.57,19.05,2.43,16.92,116.57,4.62
"1722","台肥",32.79,502.15,426.64,283.94,65115.89,11.87,30.74,2.87,127.17,0.70,0.13,3.23,4.80,30.25,24.11,2.50,59.29,46.58,-1.05
"1723","中碳",41.50,214.25,136.11,91.47,29.55,11.20,32.58,4.68,77.99,1.24,0.45,6.16,9.99,35.92,13.20,3.09,37.00,63.48,-1.04
"1725","元禎",35.79,675.63,252.44,242.79,2539.64,7.11,51.33,44.23,8.25,13.88,1.30,4.73,7.13,15.15,3.52,1.37,15.75,145.53,4.02
"1726","永記",14.80,354.14,559.51,402.98,9738.44,3.71,98.38,2.86,127.62,2.99,0.76,8.27,9.67,64.31,10.39,5.13,99.09,80.81,7.41
"1727","中華化",44.79,134.23,172.53,123.86,3.13,3.00,121.66,5.50,66.36,1.32,0.73,-6.09,-11.24,1.74,-8.68,-1.26,78.99,136.75,12.09
"1730","花仙子",28.01,655.88,303.05,218.17,25836.43,5.25,69.52,3.22,113.35,4.61,1.17,14.71,21.10,79.53,12.55,5.51,2.56,68.81,-12.35
"1731","美吾華",24.23,392.88,423.90,366.99,41.48,2.26,161.50,2.16,168.98,1.92,0.43,6.72,9.41,15.62,16.05,1.29,80.75,149.26,6.70
"1732","毛寶",24.61,257.64,323.96,234.84,192.95,6.23,58.58,3.24,112.65,3.10,0.95,6.22,8.17,10.72,6.22,0.91,35.94,214.03,7.58
"1733","五鼎",37.91,213.58,190.68,132.03,11.77,5.26,69.39,3.05,119.67,2.37,0.73,3.76,5.70,11.07,4.72,0.95,31.76,99.86,6.71
"1734","杏輝",48.69,146.85,190.96,125.40,-3.80,4.46,81.83,2.42,150.82,0.73,0.40,-2.54,-5.44,-7.02,-7.22,-0.17,11.01,34.51,1.67
"1735","日勝化",51.40,178.97,137.37,89.37,7.64,2.59,140.92,2.88,126.73,2.62,0.79,2.79,5.01,7.80,3.13,0.74,24.61,159.53,7.96
"1736","喬山",67.03,314.75,124.07,59.33,6.56,3.80,96.05,2.07,176.32,7.82,0.98,2.99,8.09,32.12,2.63,2.24,18.65,84.67,17.13
"1737","臺鹽",18.38,215.15,417.40,360.39,129.72,7.03,51.92,5.33,68.48,0.95,0.40,4.90,5.98,23.20,11.96,1.83,48.83,75.56,0.46
"1752","南光",32.38,135.82,151.06,67.75,52.64,4.66,78.32,1.73,210.98,1.00,0.54,5.71,8.35,22.14,10.45,1.81,15.89,86.71,-0.49
"1760","寶齡富錦",59.66,162.00,153.00,87.00,21.00,4.27,85.48,1.68,217.26,1.76,0.63,1.26,2.14,11.65,1.77,0.36,-1.52,41.18,-5.17
"1762","中化生",20.60,178.46,250.30,128.99,137.70,6.07,60.13,1.65,221.21,0.82,0.46,16.27,23.57,83.84,34.46,6.86,34.54,57.78,0.49
"1773","勝一",30.01,166.35,164.75,103.03,672.67,6.37,57.29,5.85,62.39,2.12,1.02,15.44,21.97,80.67,15.09,6.52,82.93,76.01,11.21
"1776","展宇",41.95,379.23,262.08,140.16,15.78,3.17,115.14,3.51,103.98,3.88,0.73,3.20,5.07,11.60,4.06,0.65,21.28,73.67,2.33
"1783","和康生",10.06,185.24,499.00,358.05,307.94,4.75,76.84,2.07,176.32,0.95,0.42,5.93,7.39,11.04,13.83,0.91,85.92,146.17,1.97
"1786","科妍",25.73,139.07,455.11,397.27,2142.16,7.24,50.41,3.12,116.98,0.37,0.25,7.14,9.26,25.00,27.42,2.10,104.00,44.48,2.27
"1789","神隆",11.12,265.04,861.60,664.42,2463.87,6.31,57.84,1.06,344.33,0.68,0.25,2.50,2.71,4.53,9.15,0.36,137.82,199.18,4.28
"1795","美時",55.72,678.06,138.90,92.35,4.90,4.38,83.33,3.45,105.79,5.27,0.56,6.83,12.50,53.15,9.59,4.22,39.90,71.52,33.91
"1802","台玻",47.96,130.02,118.13,86.24,5.44,2.85,128.07,3.31,110.27,0.89,0.47,3.38,5.46,10.29,5.87,0.85,15.15,121.71,3.49
"1805","寶徠",56.10,751.53,166.44,32.83,-3.21,107.57,3.39,0.22,1659.09,2.81,0.15,-3.50,-9.72,-6.16,-28.11,-0.62,-3.11,-130.08,-3.53
"1806","冠軍",44.24,172.63,157.14,115.00,-1.67,3.54,103.10,1.87,195.18,0.91,0.36,-3.43,-7.04,-7.22,-11.16,-0.93,10.92,282.78,5.44
"1808","潤隆",86.21,5441.87,139.74,33.17,1.48,11.91,30.64,0.30,1216.66,8.29,0.23,1.40,2.21,5.67,1.53,0.32,0.00,0.00,0.00
"1809","中釉",19.24,221.71,360.92,251.19,-1016.80,2.73,133.69,2.07,176.32,1.17,0.43,-2.01,-2.71,-5.61,-5.17,-0.36,27.78,106.59,2.91
"1810","和成",44.58,173.11,132.63,86.93,2.76,3.88,94.07,2.12,172.16,1.33,0.48,1.28,1.36,3.49,1.56,0.24,17.82,168.61,5.25
"1817","凱撒衛",32.69,177.70,195.51,80.12,36.64,9.29,39.28,2.54,143.70,2.01,0.90,8.92,12.91,39.88,9.54,3.04,28.45,69.79,2.14
"1903","士紙",54.63,383.33,71.80,67.94,-4.30,3.22,113.35,0.88,414.77,0.13,0.02,-1.56,-4.57,-5.22,-85.08,-0.52,0.00,0.00,0.00
"1904","正隆",56.09,147.80,146.33,85.49,10.79,6.38,57.21,3.89,93.83,1.36,0.67,6.83,14.30,43.06,9.34,3.36,45.51,93.94,7.60
"1905","華紙",48.01,111.33,107.13,68.93,-2.17,5.83,62.60,4.54,80.39,1.12,0.57,-0.74,-2.09,-2.75,-1.68,-0.18,2.23,25.42,0.53
"1906","寶隆",23.73,18007.80,7.69,7.69,7.08,28.14,12.97,152.91,2.38,33.51,0.15,1.50,1.81,6.30,7.49,0.61,5.89,131.03,0.39
"1907","永豐餘",52.91,185.17,137.66,93.95,1302.44,4.90,74.48,6.24,58.49,1.52,0.60,5.85,12.11,50.45,9.02,3.14,23.57,116.75,4.60
"1909","榮成",65.49,111.14,72.73,47.64,1.82,3.91,93.35,10.38,35.16,0.96,0.56,3.05,3.91,8.67,2.23,0.77,15.18,41.92,5.12
"2002","中鋼",49.20,130.29,104.44,32.59,2.12,21.97,16.61,2.67,136.70,0.74,0.44,0.64,0.68,1.75,0.77,0.05,46.71,134.88,5.22
"2006","東和鋼鐵",37.62,166.42,153.39,43.37,23.51,12.99,28.09,2.77,131.76,2.25,0.96,8.05,13.68,42.40,8.30,3.52,67.53,44.89,14.66
"2007","燁興",42.62,196.60,83.88,32.23,-2.64,42.31,8.62,3.94,92.63,0.47,0.31,-2.08,-9.54,-9.07,-8.67,-0.89,0.00,1.74,0.00
"2008","高興昌",58.39,180.02,54.49,38.02,24.53,10.44,34.96,1.85,197.29,0.62,0.14,0.00,-1.25,-1.54,-3.40,-0.16,2.50,-44.52,1.01
"2009","第一銅",24.67,462.97,151.55,39.49,1067.55,13.63,26.77,1.80,202.77,2.28,0.39,1.50,1.92,2.25,3.50,0.22,1.19,71.52,0.17
"2010","春源",39.82,231.29,188.16,130.00,16.58,4.27,85.48,3.62,100.82,3.76,1.05,3.14,4.83,10.36,2.72,0.79,6.61,47.76,1.86
"2012","春雨",61.55,223.21,170.71,78.19,4.12,3.75,97.33,1.95,187.17,2.53,0.74,3.23,6.21,12.02,3.27,0.75,19.69,71.36,3.37
"2013","中鋼構",67.35,342.65,118.98,21.97,19.22,11.09,32.91,1.55,235.48,7.29,0.91,4.56,13.87,37.96,4.76,3.26,-0.81,111.73,-2.82
"2014","中鴻",43.79,196.48,136.17,45.34,7.13,50.43,7.23,6.36,57.38,3.10,1.28,2.08,3.55,3.68,1.44,0.37,91.76,201.99,9.77
"2015","豐興",15.41,206.32,303.22,179.73,548.06,17.88,20.41,6.16,59.25,2.89,1.19,11.80,13.88,55.66,9.60,4.50,156.97,74.24,10.05
"2017","官田鋼",43.83,214.47,110.70,57.67,2.35,11.33,32.21,3.02,120.86,0.95,0.39,1.21,1.27,2.45,1.88,0.04,4.49,75.57,1.10
"2020","美亞",53.61,409.40,143.83,74.77,10.16,10.14,35.99,3.05,119.67,4.83,0.78,6.59,12.50,20.04,7.73,1.76,-1.85,73.02,-9.29
"2022","聚亨",33.21,148.55,152.34,47.59,-2.32,10.21,35.74,3.21,113.70,2.07,0.93,-2.00,-4.03,-4.30,-2.77,-0.39,5.01,14.56,1.15
"2023","燁輝",66.88,123.22,76.15,31.62,1.51,18.67,19.55,6.30,57.93,1.24,0.66,1.71,1.87,3.08,0.93,0.39,6.82,38.11,2.06
"2024","志聯",40.90,115.77,125.69,74.18,3.58,4.79,76.20,2.74,133.21,1.04,0.58,1.80,2.36,3.17,2.27,0.28,29.51,103.09,8.60
"2025","千興",75.26,120.99,94.56,10.54,-13.93,88.62,4.11,2.01,181.59,1.02,0.44,-10.80,-39.54,-7.46,-26.09,-0.75,-24.95,319.60,-4.54
"2027","大成鋼",62.34,521.90,290.82,60.34,0.95,10.64,34.30,0.97,376.28,4.17,0.59,1.25,-0.28,-0.48,-0.17,-0.44,17.76,20.35,2.63
"2028","威致",54.21,132.23,137.46,29.63,1082.09,20.46,17.83,4.92,74.18,2.43,1.37,10.49,22.16,18.50,6.93,1.85,26.75,92.98,5.16
"2029","盛餘",11.48,356.55,715.65,551.65,56.19,11.90,30.67,5.22,69.92,3.53,0.95,2.63,2.88,10.23,2.70,0.77,126.76,73.06,5.85
"2030","彰源",66.49,160.53,152.19,56.91,2.70,10.39,35.12,2.35,155.31,2.48,0.95,1.77,2.74,6.71,1.03,0.38,-4.52,90.28,-3.55
"2031","新光鋼",59.28,238.48,140.61,85.19,8.19,3.35,108.95,2.41,151.45,1.84,0.50,5.27,11.34,29.62,8.58,2.69,0.00,18.87,0.00
"2032","新鋼",17.72,331.84,706.01,510.74,124.45,4.81,75.88,9.85,37.05,5.63,1.60,3.76,4.49,7.07,2.33,0.58,-56.43,-13.84,-6.17
"2033","佳大",12.86,225.66,330.71,185.63,21.42,3.96,92.17,3.37,108.30,1.64,0.63,1.71,1.92,3.20,2.61,0.25,39.41,185.73,2.75
"2034","允強",31.20,231.97,233.38,107.82,1835.90,11.07,32.97,3.60,101.38,2.74,1.00,3.52,5.12,11.71,3.33,1.04,71.77,95.45,8.56
"2038","海光",57.36,130.51,109.68,28.40,4.68,10.35,35.26,3.29,110.94,2.15,0.93,2.37,4.28,10.44,1.96,0.87,-1.73,-29.72,-0.60
"2049","上銀",42.98,120.47,125.36,74.49,11.43,3.79,96.30,2.00,182.50,0.76,0.44,3.91,6.93,69.62,7.99,5.83,42.18,70.20,13.19
"2059","川湖",16.85,635.66,799.32,762.98,136.66,4.35,83.90,4.92,74.18,2.53,0.35,8.99,10.66,161.82,24.25,12.22,119.63,158.86,6.22
"2062","橋椿",58.59,125.89,123.96,80.93,15.48,4.39,83.14,3.75,97.33,1.01,0.58,-0.21,-1.49,-3.37,-1.07,-0.48,24.03,48.54,6.09
"2069","運錩",61.27,112.29,96.61,40.10,1.36,8.68,42.05,3.82,95.54,1.80,0.90,1.68,1.22,2.90,0.54,0.26,-1.47,-2.40,-2.22
"2101","南港",66.32,204.22,147.26,79.66,13.44,4.18,87.32,0.80,456.25,1.17,0.32,3.10,7.86,12.34,8.71,1.05,9.11,82.85,1.59
"2102","泰豐",48.25,138.64,199.95,122.02,354.81,4.85,75.25,4.22,86.49,0.65,0.40,1.16,1.50,3.49,1.95,0.24,23.46,51.17,3.56
"2103","台橡",45.82,184.23,125.71,67.35,4.14,6.86,53.20,3.76,97.07,2.34,0.78,1.02,1.33,6.31,0.90,-0.03,23.89,78.25,5.54
"2104","國際中橡",32.61,210.60,184.67,165.45,9.98,4.20,86.90,5.22,69.92,1.03,0.33,1.47,1.98,14.46,3.95,0.75,24.64,86.55,5.83
"2105","正新",46.49,125.54,153.81,99.42,874.00,7.14,51.12,4.05,90.12,1.04,0.61,4.33,7.55,26.52,6.24,1.85,53.50,92.73,6.44
"2106","建大",54.92,212.83,224.86,144.18,6.35,7.74,47.15,2.93,124.57,2.08,0.71,2.76,5.13,14.20,3.21,1.07,27.78,73.71,5.53
"2107","厚生",8.77,1348.21,971.28,578.74,114.06,17.87,20.42,0.58,629.31,3.77,0.26,7.20,8.20,27.17,27.47,2.62,253.39,296.82,14.32
"2108","南帝",21.66,436.11,393.15,339.45,1104.17,7.39,49.39,8.10,45.06,5.62,1.14,28.89,36.14,95.57,24.64,7.21,146.45,180.28,16.42
"2109","華豐",43.79,172.43,183.51,134.17,16.85,4.43,82.39,3.75,97.33,1.41,0.63,7.76,12.91,22.44,11.51,1.12,46.11,76.80,7.37
"2114","鑫永銓",13.41,235.87,475.99,387.76,8925.58,7.05,51.77,3.19,114.42,1.46,0.56,18.50,21.49,87.24,32.80,7.39,118.64,90.64,1.87
"2115","六暉-KY",42.45,233.46,302.24,222.52,95.89,3.60,101.38,2.97,122.89,1.87,0.59,13.55,23.70,91.82,22.86,6.58,28.80,53.82,1.63
"2201","裕隆",78.47,217.24,107.05,99.43,7.97,0.59,618.64,4.29,85.08,2.30,0.27,1.79,7.94,57.24,5.86,2.80,2.07,-274.67,2.40
"2204","中華",16.28,725.05,280.23,192.48,224.21,12.79,28.53,6.16,59.25,4.77,0.58,6.70,8.06,67.78,11.47,6.01,41.15,77.57,3.98
"2206","三陽工業",63.50,200.53,107.46,73.02,11.73,15.68,23.27,6.41,56.94,3.29,0.96,5.24,13.11,31.06,5.03,2.41,26.40,90.49,8.73
"2207","和泰車",71.10,216.58,108.35,97.46,187.83,1.23,296.74,13.44,27.15,4.13,0.71,6.09,20.73,386.78,8.49,25.36,7.40,58.49,5.32
"2208","台船",86.55,146.95,94.83,12.07,-8.46,16.14,22.61,12.53,29.13,2.27,0.69,-4.05,-27.91,-33.79,-6.32,-3.38,0.00,7.90,0.00
"2211","長榮鋼",30.16,546.99,197.53,175.63,91.47,11.47,31.82,8.79,41.52,2.63,0.44,6.72,8.88,43.43,15.02,2.65,-5.35,71.11,-6.13
"2227","裕日車",21.93,1310.27,334.21,328.67,553.91,69.49,5.25,"NA","NA",15.35,1.05,23.26,30.25,272.03,22.05,21.80,26.35,7.36,-20.99
"2228","劍麟",32.99,222.39,314.48,251.53,46.92,3.78,96.56,3.71,98.38,1.72,0.65,1.94,2.59,28.22,2.89,1.30,23.44,74.97,-2.54
"2231","為升",52.59,288.98,171.59,118.15,13.00,2.39,152.71,2.14,170.56,1.88,0.45,3.66,6.18,23.99,7.49,2.03,9.29,15.07,-12.22
"2233","宇隆",33.68,205.70,225.03,171.61,39.34,4.02,90.79,2.87,127.17,1.64,0.62,9.02,13.04,71.29,14.15,6.23,30.92,89.73,3.31
"2236","百達-KY",42.63,599.41,286.51,222.29,7.07,2.51,145.41,2.12,172.16,4.58,0.52,1.47,2.08,4.55,2.31,0.69,19.10,287.36,5.90
"2239","英利-KY",58.46,187.26,120.25,84.11,4.69,3.91,93.35,3.89,93.83,2.24,0.69,3.29,6.22,84.63,3.81,4.07,31.68,81.04,19.21
"2241","艾姆勒",29.02,186.43,600.05,490.56,1.80,3.28,111.28,3.19,114.42,0.73,0.38,0.66,0.47,0.95,0.77,0.08,24.32,12.67,-0.83
"2243","宏旭-KY",85.88,171.24,90.76,30.64,-7.42,0.79,462.02,0.58,629.31,1.36,0.21,-7.01,-41.40,-70.06,-37.60,-6.23,1.73,-14.51,4.15
"2247","汎德永業",38.78,287.11,244.38,150.49,26.66,117.78,3.09,9.08,40.19,8.37,2.29,6.44,10.73,164.30,2.71,14.50,87.59,61.58,24.27
"2248","華勝-KY",41.07,404.83,172.72,134.41,0.23,2.25,162.22,2.76,132.24,3.64,0.60,-0.26,-0.78,-0.51,-0.78,-0.05,-3.95,158.95,-4.84
"2250","IKKA-KY",67.41,157.81,116.61,90.40,9.81,4.58,79.69,6.91,52.82,4.33,1.23,4.25,12.12,76.80,2.97,5.20,23.89,162.61,12.98
"2301","光寶科",57.89,415.83,141.15,114.86,36.86,4.18,87.32,5.04,72.42,8.37,0.87,5.57,13.72,53.61,6.26,4.31,17.63,119.48,9.33
"2302","麗正",18.99,366.91,181.35,137.39,52.79,6.04,60.43,3.73,97.85,1.59,0.37,5.25,6.30,6.67,13.91,0.64,52.92,183.08,12.25
"2303","聯電",37.55,196.23,209.99,177.36,14.93,6.67,54.72,6.23,58.58,1.25,0.47,7.70,13.19,24.10,15.37,2.42,84.03,111.10,5.12
"2305","全友",23.65,543.61,464.48,413.68,1230.00,11.15,32.73,3.23,113.00,1.19,0.20,0.93,0.98,2.89,3.70,0.08,16.30,30.07,1.53
"2308","台達電",46.91,306.39,186.00,135.95,9219.72,4.65,78.49,4.02,90.79,4.28,0.87,7.97,17.82,131.95,9.02,9.81,49.83,93.31,13.96
"2312","金寶",74.83,163.64,104.02,67.64,1.76,5.04,72.42,5.55,65.76,4.96,1.31,0.99,0.95,4.69,0.19,0.11,5.61,37.04,4.59
"2313","華通",56.10,163.56,185.55,141.07,1836.45,4.17,87.52,6.43,56.76,2.20,0.94,7.75,16.99,52.46,7.70,3.91,44.98,97.58,9.03
"2314","台揚",55.19,671.92,182.75,125.41,-4.06,3.76,97.07,2.98,122.48,7.76,0.76,-1.53,-3.76,-3.53,-2.42,-0.42,2.53,77.21,1.54
"2316","楠梓電",41.53,486.58,213.88,171.61,12.19,3.57,102.24,5.21,70.05,2.25,0.38,3.50,5.66,21.38,8.65,2.14,17.06,24.82,1.63
"2317","鴻海",59.88,612.35,150.54,119.18,4.62,5.39,67.71,8.81,41.43,18.65,1.53,4.17,7.96,104.94,2.13,7.34,19.71,61.71,14.46
"2321","東訊",74.83,1065.59,106.13,89.54,-43.83,5.13,71.15,3.68,99.18,10.57,0.52,-0.66,-6.35,-3.44,-3.23,-0.90,5.17,384.31,3.66
"2323","中環",22.11,385.73,389.98,301.55,5.71,4.28,85.28,1.99,183.41,1.58,0.37,0.65,0.64,1.98,1.33,0.10,6.85,156.94,1.20
"2324","仁寶",75.16,594.97,126.51,97.39,12.42,4.95,73.73,11.61,31.43,49.88,2.47,2.67,9.02,29.78,0.99,2.15,4.25,35.94,5.48
"2327","國巨",62.03,285.04,103.76,80.97,22.37,5.67,64.37,3.49,104.58,2.22,0.48,9.74,22.48,322.47,19.21,27.58,26.35,111.41,9.39
"2328","廣宇",38.16,765.45,203.58,175.03,35.55,3.42,106.72,7.65,47.71,12.26,0.97,3.86,6.23,23.02,3.85,1.28,23.25,117.68,7.13
"2329","華泰",47.51,155.57,129.47,103.55,-2.07,5.43,67.21,11.00,33.18,2.40,0.91,-1.35,-3.89,-2.52,-1.92,-0.48,15.37,123.05,2.37
"2330","台積電",32.97,137.80,176.97,154.35,281.95,9.35,39.03,5.70,64.03,0.92,0.53,20.69,29.84,225.52,38.69,19.97,133.30,100.74,11.24
"2331","精英",53.32,423.08,148.28,116.99,6.56,5.87,62.18,7.00,52.14,9.50,1.10,0.13,0.60,7.52,0.25,0.11,-3.31,48.84,-2.30
"2332","友訊",38.93,945.97,234.79,185.03,53.92,4.37,83.52,3.13,116.61,14.38,0.96,8.44,13.29,22.96,8.17,1.90,17.62,251.89,8.28
"2337","旺宏",45.07,156.77,182.04,103.20,24.65,7.94,45.96,2.04,178.92,1.31,0.63,8.73,15.51,31.47,13.38,2.90,59.48,83.96,4.91
"2338","光罩",62.33,173.06,66.33,57.67,20.09,5.71,63.92,16.53,22.08,2.00,0.63,6.93,14.88,24.95,10.42,3.34,-1.95,30.20,-7.59
"2340","台亞",27.70,329.29,363.79,295.73,24.39,3.58,101.95,3.30,110.60,1.99,0.53,5.69,7.69,16.37,10.29,1.52,52.19,111.43,5.14
"2342","茂矽",26.49,830.64,394.42,333.70,26.18,6.75,54.07,4.80,76.04,5.98,0.64,7.94,10.63,14.05,11.89,1.42,48.37,112.32,0.94
"2344","華邦電",43.99,163.65,186.57,128.17,7.11,7.62,47.90,3.56,102.52,1.02,0.52,1.52,2.25,4.55,2.50,0.33,43.64,77.35,3.66
"2345","智邦",53.47,1041.49,191.76,134.13,164.09,6.89,52.97,5.08,71.85,38.54,1.80,16.75,37.00,111.05,9.27,9.07,23.41,35.84,0.12
"2347","聯強",64.40,579.84,119.52,84.74,2152.11,5.74,63.58,10.01,36.46,41.91,2.17,5.58,15.63,62.96,2.44,4.89,-4.84,80.99,-18.66
"2348","海悅",63.52,12310.16,248.90,101.85,142.80,4.75,76.84,0.40,912.50,91.25,0.53,20.44,55.23,184.65,38.18,15.10,-16.97,-29.09,-16.82
"2349","錸德",47.38,158.70,169.91,135.49,-3.65,4.61,79.17,2.60,140.38,0.67,0.32,-3.34,-7.47,-10.52,-12.19,-1.29,23.50,102.89,3.10
"2351","順德",43.16,181.35,222.24,109.40,9.59,4.63,78.83,2.63,138.78,1.88,0.81,4.27,6.70,33.03,4.75,1.92,41.56,91.14,4.77
"2352","佳世達",65.48,291.45,123.54,79.45,11.83,5.65,64.60,5.23,69.78,7.09,1.25,4.55,11.90,41.76,3.32,2.54,17.59,92.16,19.73
"2353","宏碁",66.32,1893.17,134.34,91.89,58.34,5.30,68.86,5.88,62.07,74.62,1.63,3.69,10.15,29.22,2.22,2.01,24.59,110.62,37.42
"2354","鴻準",34.79,2223.13,195.84,186.56,23.60,3.54,103.10,25.38,14.38,19.22,0.63,2.95,4.31,38.43,4.50,3.34,4.19,103.86,-0.83
"2355","敬鵬",32.00,209.00,191.00,144.00,2.00,4.35,83.90,4.78,76.35,2.02,0.67,0.00,0.00,1.00,0.00,0.12,21.00,177.00,3.00
"2356","英業達",72.97,262.88,123.43,93.85,10.81,5.63,64.83,11.81,30.90,18.15,2.37,3.64,11.45,28.84,1.29,2.10,3.08,29.74,0.00
"2357","華碩",45.87,1095.68,156.82,93.33,215.56,5.52,66.12,3.47,105.18,19.03,1.10,7.62,14.27,480.69,6.88,35.76,-1.26,71.00,-5.14
"2359","所羅門",24.89,975.74,280.87,207.24,4173.05,4.75,76.84,3.60,101.38,6.84,0.55,0.50,0.62,4.90,0.86,0.12,1.10,109.62,-2.11
"2360","致茂",41.74,624.21,160.57,122.28,52.50,3.17,115.14,2.51,145.41,4.87,0.58,8.85,15.21,71.90,14.96,5.56,32.19,65.50,9.09
"2362","藍天",57.70,1622.61,85.65,63.09,1.77,9.33,39.12,3.88,94.07,3.84,0.21,1.43,1.67,10.39,3.30,1.12,3.82,81.95,4.89
"2363","矽統",0.49,2335.79,1296.31,1184.64,0.00,5.13,71.15,0.69,528.98,0.21,0.01,-2.36,-2.38,-4.06,-187.35,-0.47,-469.58,-480.31,-2.87
"2364","倫飛",78.06,106.44,62.25,36.55,2.35,11.56,31.57,2.93,124.57,2.97,0.75,2.14,6.06,0.80,1.79,0.11,10.60,227.07,10.63
"2365","昆盈",18.81,480.11,524.47,442.95,45.44,14.71,24.81,4.67,78.15,2.47,0.44,3.97,4.72,8.22,8.90,0.64,42.80,114.06,1.95
"2367","燿華",59.42,121.06,98.75,71.82,-1154.00,3.52,103.69,6.68,54.64,1.14,0.63,-5.86,-14.85,-25.56,-9.98,-2.32,10.04,62.94,1.01
"2368","金像電",57.20,215.94,160.02,122.03,17.02,3.44,106.10,6.22,58.68,4.19,1.10,10.34,25.15,49.37,8.83,3.82,32.47,168.82,10.75
"2369","菱生",32.85,169.56,213.84,181.31,-6.88,4.45,82.02,11.73,31.11,1.44,0.71,-1.85,-3.12,-3.85,-2.98,-0.44,31.44,118.52,5.11
"2371","大同",78.44,191.54,70.17,42.14,-0.67,5.53,66.00,1.70,214.70,0.97,0.28,-2.29,-19.00,-20.98,-15.76,-0.46,2.99,1.79,0.77
"2373","震旦行",50.59,494.15,164.60,138.34,36.24,8.61,42.39,4.26,85.68,6.09,0.74,9.12,18.02,85.75,12.04,6.40,28.33,77.99,3.89
"2374","佳能",35.43,181.54,132.36,113.82,-34.97,4.65,78.49,3.14,116.24,1.05,0.36,-4.51,-7.03,-16.32,-12.93,-1.63,-8.53,26.49,-3.46
"2375","凱美",44.21,675.17,150.92,136.78,21.18,2.73,133.69,4.26,85.68,3.56,0.34,4.67,7.76,48.46,13.02,3.42,8.55,132.49,5.01
"2376","技嘉",44.54,720.10,198.08,120.83,513.82,11.66,31.30,5.10,71.56,20.80,1.94,10.06,16.92,85.75,5.17,6.88,37.65,112.94,22.01
"2377","微星",54.67,705.74,169.13,99.71,30141.93,7.46,48.92,4.91,74.33,29.23,2.11,11.51,23.92,113.59,5.43,9.42,25.66,79.89,17.54
"2379","瑞昱",62.26,662.43,144.83,125.00,59.47,6.40,57.03,4.88,74.79,19.69,1.02,11.79,31.01,183.20,11.30,17.24,33.47,143.56,27.31
"2380","虹光",59.18,266.72,130.66,84.10,0.00,4.51,80.93,1.99,183.41,3.19,0.69,-14.49,-32.24,-22.96,-22.48,-2.36,-2.24,0.00,-1.02
"2382","廣達",77.36,368.62,126.63,94.75,17.37,5.44,67.09,7.56,48.28,21.92,1.64,4.24,17.38,89.14,2.33,6.57,16.34,107.11,28.12
"2383","台光電",39.85,265.38,203.55,165.04,80.76,2.84,128.52,6.10,59.83,4.16,0.98,13.98,24.39,145.49,13.58,11.33,36.59,92.09,6.62
"2385","群光",56.69,202.47,123.43,81.15,122.49,4.30,84.88,4.80,76.04,7.00,1.29,7.52,19.86,111.14,5.75,7.80,20.25,110.10,9.90
"2387","精元",61.93,159.16,126.51,93.29,27.13,3.40,107.35,5.70,64.03,3.75,1.12,7.14,16.60,85.94,6.11,6.39,7.60,63.17,3.11
"2388","威盛",0.43,6.73,4.39,4.05,104.23,14.79,24.67,3.06,119.28,3.21,0.47,0.35,0.67,1.14,0.75,9.57,0.00,0.00,0.00
"2390","云辰",19.71,959.70,421.91,145.88,41.92,7.55,48.34,0.81,450.61,1.31,0.19,7.15,8.81,9.45,36.78,0.91,1.41,-241.63,0.22
"2392","正崴",63.43,249.39,162.87,115.15,8.40,5.41,67.46,6.25,58.40,4.05,1.15,2.78,6.46,50.43,2.10,4.06,18.68,113.99,6.12
"2393","億光",40.73,222.48,171.71,155.44,28.79,3.23,113.00,8.99,40.60,2.54,0.71,4.42,7.11,36.70,5.78,2.79,16.43,126.40,3.57
"2395","研華",30.19,384.22,250.39,181.79,45343.66,5.81,62.82,3.94,92.63,5.20,1.05,15.03,21.55,118.20,14.29,9.40,66.79,102.90,6.88
"2397","友通",37.73,170.20,200.10,130.90,41.43,4.00,91.25,3.09,118.12,4.30,1.00,5.86,15.49,53.51,5.72,3.54,18.13,84.46,-1.30
"2399","映泰",23.46,1607.04,377.51,265.95,453.85,7.94,45.96,2.74,133.21,15.48,0.75,4.93,6.54,10.20,6.92,0.80,-14.91,21.11,-3.85
"2401","凌陽",20.61,518.65,371.46,304.99,5083.72,6.29,58.02,4.30,84.88,3.25,0.53,5.23,6.31,13.25,9.64,0.55,43.41,79.28,3.85
"2402","毅嘉",39.71,210.56,165.61,137.50,13.58,2.27,160.79,5.83,62.60,1.98,0.58,1.47,2.08,6.18,2.18,0.40,12.37,80.25,2.86
"2404","漢唐",62.47,1283.67,140.70,126.93,669.66,5.70,64.03,0.36,1013.88,45.68,1.32,16.35,43.32,266.64,11.42,21.16,23.13,155.07,12.90
"2405","輔信",13.17,795.09,610.44,492.61,18.98,3.24,112.65,1.84,198.36,3.95,0.42,1.59,1.82,2.71,3.56,0.17,144.39,17.71,20.64
"2406","國碩",62.62,190.06,111.67,77.94,-0.82,3.34,109.28,4.90,74.48,2.23,0.63,-2.28,-10.33,-17.40,-5.87,-2.17,17.98,77.56,12.90
"2408","南亞科",7.13,196.73,874.21,695.98,686.46,8.04,45.39,2.81,129.89,0.73,0.36,4.65,5.02,29.05,12.59,2.51,257.57,85.43,6.23
"2409","友達",52.40,158.30,171.20,142.40,1.90,6.90,52.89,9.90,36.86,1.40,0.70,1.30,1.50,2.90,1.10,0.36,26.20,99.90,2.30
"2412","中華電",23.13,154.56,114.51,93.91,20885.38,7.72,47.27,3.62,100.82,0.73,0.42,7.09,8.95,55.21,16.72,4.31,104.23,108.03,3.78
"2413","環科",65.53,249.32,183.86,115.23,0.28,5.73,63.69,3.33,109.60,2.97,0.81,0.20,-0.87,-1.63,-0.36,-0.10,12.29,0.41,3.61
"2414","精技",54.80,279.79,146.11,103.83,32.44,6.40,57.03,13.07,27.92,16.78,3.03,5.40,11.69,28.65,1.72,2.25,15.93,132.69,7.79
"2415","錩新",62.79,322.06,145.59,128.14,3.56,4.60,79.34,3.90,93.58,2.40,0.35,1.68,2.57,15.12,2.68,0.66,21.91,94.38,17.13
"2417","圓剛",28.49,381.60,273.21,210.02,32401.73,8.55,42.69,3.51,103.98,4.59,0.88,20.28,28.29,96.54,22.94,6.41,56.73,82.28,18.56
"2419","仲琦",55.54,301.21,146.40,91.59,14.61,5.72,63.81,3.15,115.87,6.89,0.91,3.83,5.66,14.24,3.92,0.87,-6.56,36.54,0.00
"2420","新巨",41.60,358.24,195.94,125.16,27.38,5.04,72.42,2.26,161.50,1.93,0.44,8.06,13.95,36.43,17.96,2.90,48.74,115.58,3.96
"2421","建準",55.91,260.54,149.84,112.65,46.80,3.90,93.58,5.98,61.03,5.83,1.29,8.76,19.31,43.37,6.66,3.39,30.01,90.09,15.98
"2423","固緯",36.92,265.72,232.47,156.41,139.03,2.99,122.07,1.63,223.92,2.60,0.68,5.89,8.52,18.89,8.63,1.37,49.83,126.59,8.14
"2424","隴華",77.87,127.75,58.57,47.57,0.00,4.71,77.49,12.69,28.76,0.07,0.03,-22.65,-77.11,-90.57,-787.10,-5.78,-26.90,-76.59,-30.68
"2425","承啟",33.59,5568.84,241.58,204.28,30.16,4.12,88.59,13.28,27.48,96.61,1.60,7.13,10.04,18.68,3.93,1.51,-7.72,214.87,-4.38
"2426","鼎元",36.44,284.25,258.59,203.21,16.06,2.86,127.62,2.61,139.84,1.35,0.39,5.26,8.03,12.11,12.68,1.02,12.85,69.74,1.29
"2427","三商電",49.47,315.37,142.42,68.38,1245.48,6.80,53.67,1.49,244.96,4.07,0.68,2.82,5.24,7.86,3.83,0.63,12.26,93.51,7.27
"2428","興勤",32.50,412.84,394.08,328.68,206.17,2.64,138.25,3.06,119.28,2.81,0.59,14.03,19.77,145.75,23.31,10.81,65.46,114.99,7.53
"2429","銘旺科",67.65,169.36,111.45,71.54,-3.34,5.81,62.82,9.47,38.54,2.73,0.99,-8.48,-23.32,-10.48,-7.72,-1.63,5.53,173.25,2.46
"2430","燦坤",65.74,274.00,90.68,44.68,5.61,294.39,1.23,7.36,49.59,6.14,1.44,2.77,6.52,23.55,1.58,1.85,12.86,141.59,5.40
"2431","聯昌",40.08,1224.04,205.91,151.76,12374.93,4.21,86.69,4.10,89.02,12.62,1.02,2.09,3.47,4.19,2.04,0.42,28.50,37.25,16.40
"2433","互盛電",39.33,200.23,172.83,154.10,4231.51,10.44,34.96,3.46,105.49,1.30,0.51,7.58,12.30,48.56,14.59,3.93,82.31,67.65,13.88
"2434","統懋",39.20,122.65,214.00,186.03,26.79,3.13,116.61,4.08,89.46,0.30,0.22,-0.15,-2.67,-1.82,-4.69,-0.33,-208.68,-181.27,-7.63
"2436","偉詮電",26.04,1107.44,385.39,343.64,62.84,3.32,109.93,5.13,71.15,9.16,0.65,8.53,11.10,20.35,13.03,1.94,-1.58,38.52,-7.74
"2438","翔耀",13.16,250.55,505.15,457.68,31.89,3.34,109.28,7.79,46.85,1.03,0.39,2.37,2.68,5.18,5.84,0.07,129.36,649.78,7.47
"2439","美律",64.07,378.81,112.81,93.24,32.95,3.78,96.56,9.72,37.55,11.52,1.15,5.42,10.72,81.34,3.83,6.39,-16.25,87.60,-38.23
"2440","太空梭",42.42,588.30,202.41,178.12,1486.16,3.09,118.12,12.79,28.53,13.66,1.37,10.43,19.08,20.31,7.35,1.58,-7.44,-23.22,-5.19
"2441","超豐",16.42,169.16,289.47,265.36,"NA",4.48,81.47,16.68,21.88,1.41,0.72,12.97,15.37,58.07,18.11,4.68,155.99,0.85,11.53
"2442","新美齊",65.84,8858.23,159.99,37.17,4.44,45.00,8.11,0.61,598.36,13.32,0.42,1.18,2.84,4.88,2.30,0.60,-6.83,-35.78,-9.78
"2444","兆勁",53.75,199.28,126.69,50.68,-10.90,4.85,75.25,2.32,157.32,3.97,0.99,-4.90,-10.39,-10.18,-5.34,-0.93,2.95,0.00,2.24
"2449","京元電子",52.17,131.02,192.36,174.60,12.99,4.86,75.10,19.25,18.96,0.76,0.50,6.77,13.10,37.16,12.56,2.97,150.89,87.39,7.90
"2450","神腦",41.74,755.21,178.32,124.03,46.08,15.66,23.30,12.42,29.38,31.12,2.66,4.39,7.39,20.00,1.61,1.69,22.50,96.46,6.64
"2451","創見",9.96,828.10,795.28,313.12,738.18,7.85,46.49,3.41,107.03,4.85,0.55,5.72,6.29,35.02,10.46,2.79,-13.52,65.18,-12.99
"2453","凌群",55.83,572.13,160.41,122.06,24.20,4.84,75.41,8.71,41.90,15.88,1.34,4.05,9.00,21.29,2.90,1.70,24.99,103.74,20.72
"2454","聯發科",29.74,971.75,202.96,175.75,8097.25,10.71,34.08,3.78,96.56,8.27,0.64,8.44,12.02,299.21,12.86,26.01,55.32,149.55,19.34
"2455","全新",32.81,142.40,194.00,150.52,87.46,5.40,67.59,3.81,95.80,1.09,0.61,12.44,18.58,35.01,20.14,2.88,83.73,85.60,6.07
"2457","飛宏",54.21,201.66,136.18,96.05,-5.81,4.55,80.21,4.78,76.35,3.40,0.93,-1.37,-3.20,-4.54,-1.67,-0.46,3.58,27.90,2.27
"2458","義隆",35.84,1133.22,245.22,205.63,682.67,8.83,41.33,4.18,87.32,18.49,1.18,24.88,37.84,128.13,21.15,11.14,72.46,120.26,12.62
"2459","敦吉",44.66,363.83,295.97,273.49,25.31,3.45,105.79,9.38,38.91,3.43,0.74,6.08,10.55,64.85,7.89,4.25,58.72,157.42,10.56
"2460","建通",58.58,174.70,144.75,107.11,-0.21,2.82,129.43,3.39,107.66,2.02,0.64,-0.10,-1.93,-3.30,-1.23,-0.25,23.64,64.79,11.35
"2461","光群雷",50.17,480.34,217.60,175.63,7.02,3.57,102.24,4.38,83.33,4.69,0.74,3.01,5.84,14.57,3.51,0.96,14.15,162.50,4.58
"2462","良得電",47.11,273.18,152.00,105.89,16.22,2.35,155.31,4.98,73.29,4.42,0.94,2.73,4.79,10.41,2.73,0.87,4.11,0.00,0.00
"2464","盟立",63.34,234.02,147.13,67.63,43.31,8.64,42.24,3.79,96.30,3.77,0.79,4.63,12.55,29.55,5.76,2.63,19.75,115.56,10.05
"2465","麗臺",81.02,215.73,110.07,48.85,365.12,18.61,19.61,8.87,41.14,23.34,3.00,2.72,7.87,10.21,0.54,0.50,13.36,24.37,23.99
"2466","冠西電",59.60,529.14,213.82,157.63,1.13,3.34,109.28,2.26,161.50,1.90,0.30,0.96,0.38,0.34,0.51,0.04,30.53,67.73,5.83
"2467","志聖",60.26,439.14,145.88,114.09,3560.62,1.69,215.97,2.12,172.16,5.76,0.61,6.93,16.46,40.61,10.74,2.94,44.33,184.92,27.00
"2468","華經",41.72,378.25,183.81,136.50,64.53,4.04,90.34,7.26,50.27,7.91,1.12,2.04,3.41,6.82,1.79,0.55,-0.29,-8.69,-3.01
"2471","資通",40.76,7946.98,303.76,284.35,377.28,4.22,86.49,0.00,"*****",50.68,0.61,7.74,12.90,24.05,12.66,2.07,39.34,159.12,8.73
"2472","立隆電",35.98,199.95,225.48,176.51,1901.74,3.28,111.28,4.69,77.82,1.92,0.71,9.42,15.05,80.49,12.47,5.13,72.77,93.65,15.52
"2474","可成",38.22,700.00,220.72,213.50,7188.60,4.03,90.57,6.00,60.83,2.58,0.33,8.60,13.81,536.32,25.65,27.65,22.19,121.74,6.46
"2476","鉅祥",35.64,502.70,297.56,261.66,38.42,3.95,92.40,4.60,79.34,3.91,0.60,4.56,7.64,28.83,7.47,1.55,4.39,85.63,-2.00
"2477","美隆電",65.75,332.74,147.93,129.77,9.39,4.02,90.79,4.21,86.69,2.36,0.38,2.38,5.10,8.15,5.77,0.92,7.31,103.63,0.24
"2478","大毅",35.84,192.72,210.53,148.10,56.04,3.59,101.67,2.44,149.59,1.60,0.64,8.06,11.98,48.50,12.42,4.70,38.78,107.34,7.22
"2480","敦陽科",50.74,647.01,175.04,88.84,360.80,5.41,67.46,2.42,150.82,12.23,1.02,9.19,17.69,56.46,8.98,4.68,15.81,61.65,-1.00
"2481","強茂",59.19,247.77,184.15,150.97,13.77,2.87,127.17,4.94,73.88,2.19,0.63,5.82,13.22,30.98,8.59,2.70,33.71,155.44,7.09
"2482","連宇",35.94,405.79,233.47,140.91,-7.56,10.46,34.89,1.87,195.18,3.86,0.70,-2.41,-4.12,-5.04,-3.77,-0.50,8.93,35.84,2.88
"2483","百容",38.75,173.22,167.01,137.16,10.00,4.74,77.00,4.45,82.02,1.14,0.47,2.42,3.50,8.30,4.73,0.76,6.02,31.17,1.52
"2484","希華",31.74,279.19,306.71,194.97,3782.27,3.49,104.58,3.44,106.10,2.15,0.61,3.90,5.32,12.92,6.25,1.02,28.57,70.03,0.40
"2485","兆赫",25.58,233.58,277.15,199.36,-789.67,3.49,104.58,5.36,68.09,2.87,0.91,-1.83,-2.39,-5.50,-1.97,-0.48,49.52,38.81,15.56
"2486","一詮",52.21,214.72,185.82,139.65,-264.00,2.83,128.97,5.19,70.32,2.13,0.70,-2.15,-5.33,-6.47,-3.73,-0.75,14.04,63.24,4.15
"2488","漢平",37.71,592.74,267.09,222.92,80.76,6.25,58.40,4.62,79.00,4.71,0.60,5.76,8.73,29.28,9.41,2.27,34.59,125.78,5.27
"2489","瑞軒",34.39,402.43,239.53,192.38,64.19,5.16,70.73,6.76,53.99,5.13,0.88,3.19,4.64,9.15,3.40,0.68,-6.55,11.37,-2.75
"2491","吉祥全",8.06,43914.17,1349.69,1139.84,751.05,7.17,50.90,0.49,744.89,87.13,0.18,10.28,11.35,27.53,53.65,1.50,-749.61,-7608.11,-57.88
"2492","華新科",44.37,271.03,201.79,170.50,49.63,3.80,96.05,4.74,77.00,1.73,0.50,10.35,18.30,185.97,20.27,13.66,61.52,112.91,10.33
"2493","揚博",35.49,488.36,258.50,167.93,3953.02,2.88,126.73,2.08,175.48,5.37,0.74,8.80,13.13,34.53,11.87,2.70,26.98,115.13,0.84
"2495","普安",22.56,679.33,415.06,381.99,-6.84,5.60,65.17,1.77,206.21,1.87,0.22,-1.14,-1.60,-2.21,-5.79,-0.24,11.39,130.65,-1.01
"2496","卓越",35.77,305.02,63.17,60.81,23.97,21.76,16.77,12.06,30.26,2.57,0.56,4.78,7.84,43.68,8.10,3.30,37.62,1.65,32.98
"2497","怡利電",53.14,195.29,134.41,92.17,-481.61,3.24,112.65,1.91,191.09,1.75,0.57,-2.46,-5.88,-6.99,-5.02,-0.69,14.08,281.27,5.65
"2498","宏達電",34.00,394.00,194.00,182.00,-407.00,10.57,34.53,1.65,221.21,0.75,0.12,-12.29,-18.60,-73.62,-103.74,-7.27,-50.64,-2561.76,-20.21
"3002","歐格",27.45,451.56,864.97,758.28,175.69,5.10,71.56,2.76,132.24,2.97,0.43,3.04,4.59,6.55,7.06,0.57,36.74,74.85,1.06
"3003","健和興",29.55,453.75,329.06,246.25,4262.35,4.85,75.25,1.85,197.29,2.88,0.50,5.61,7.77,30.46,10.85,2.32,29.43,141.76,4.62
"3004","豐達科",57.33,114.26,184.39,84.14,2.77,3.67,99.45,1.85,197.29,0.51,0.36,1.73,3.16,9.70,3.51,1.14,99.57,49.67,6.87
"3005","神基",46.85,257.41,168.93,118.71,67.36,4.00,91.25,3.12,116.98,3.51,0.86,8.40,15.40,55.00,9.59,4.40,35.72,82.49,9.49
"3006","晶豪科",37.47,1061.58,248.77,122.58,10976.20,10.49,34.79,2.25,162.22,20.73,1.30,9.32,14.02,43.87,7.10,3.85,9.53,57.56,1.72
"3008","大立光",17.79,417.41,394.98,378.27,13644.46,4.24,86.08,4.83,75.56,1.69,0.34,15.09,18.36,2362.73,43.85,182.90,96.10,176.51,11.31
"3010","華立",61.53,557.27,158.23,124.85,14.37,3.52,103.69,12.58,29.01,15.58,1.61,6.01,14.52,113.90,3.46,8.03,6.84,38.33,2.00
"3011","今皓",47.43,298.57,157.77,106.50,-22.51,2.75,132.72,3.75,97.33,4.11,0.72,-4.82,-8.98,-8.95,-6.82,-0.80,1.44,32.27,0.61
"3013","晟銘電",50.44,234.25,168.95,113.79,11.55,3.23,113.00,5.74,63.58,4.65,1.23,1.79,2.68,6.97,1.03,0.40,25.58,103.50,13.70
"3014","聯陽",25.87,810.08,292.10,254.44,635.95,6.82,53.51,5.01,72.85,7.71,0.81,15.81,21.15,69.73,19.41,5.83,11.61,97.28,-7.50
"3015","全漢",37.70,789.87,167.60,125.81,71.07,3.41,107.03,5.34,68.35,9.92,0.87,4.11,6.72,49.88,4.68,3.55,6.58,13.59,1.76
"3016","嘉晶",32.19,236.12,299.72,221.55,2.04,4.24,86.08,4.23,86.28,1.99,0.67,0.68,0.65,0.71,0.64,0.09,44.98,70.88,5.15
"3017","奇鋐",72.25,177.06,135.76,80.56,2853.00,6.79,53.75,3.38,107.98,5.48,1.04,5.42,19.60,83.01,4.83,5.42,22.69,64.14,20.08
"3018","隆銘綠能",69.93,362.27,112.80,101.32,-10.15,4.33,84.29,3.32,109.93,7.86,1.01,-3.81,-12.10,-10.89,-4.13,-0.80,16.23,159.01,22.25
"3019","亞光",25.80,603.58,333.02,278.96,44938.80,4.21,86.69,4.93,74.03,5.89,0.78,3.05,3.98,28.93,3.85,1.41,44.46,286.68,6.46
"3021","鴻名",54.00,297.00,1.48,0.95,17.90,4.11,88.80,3.37,108.30,7.43,1.06,4.00,7.76,15.81,4.00,1.03,5.00,74.16,4.00
"3022","威強電",30.00,719.09,264.70,217.25,3954.90,6.29,58.02,3.80,96.05,5.27,0.59,9.81,13.86,71.42,16.75,5.64,26.87,121.21,4.93
"3023","信邦",58.75,419.57,161.85,105.09,56.54,3.45,105.79,2.95,123.72,8.98,1.07,10.88,24.86,117.19,10.02,9.08,4.64,44.90,-5.19
"3024","憶聲",29.53,1593.65,157.33,116.22,8.06,6.86,53.20,2.46,148.37,5.59,0.34,1.39,1.65,2.67,3.40,0.17,23.14,4.22,18.82
"3025","星通",21.13,566.42,562.06,332.26,69.56,3.93,92.87,0.93,392.47,3.59,0.57,7.64,9.50,13.21,13.15,1.11,-61.58,-25.64,-10.27
"3026","禾伸堂",34.77,281.23,232.00,178.84,8801.00,5.10,71.56,4.97,73.44,4.37,1.01,8.65,12.83,100.74,8.29,8.31,20.14,93.72,-1.48
"3027","盛達",39.44,302.01,157.28,120.75,683.73,8.01,45.56,2.37,154.00,1.52,0.37,1.74,2.36,3.81,4.10,0.32,0.00,151.34,0.00
"3028","增你強",75.10,1147.03,129.81,84.44,554.36,4.11,88.80,5.79,63.03,77.37,2.05,3.39,10.25,25.95,1.37,2.21,-17.13,-38.27,-50.69
"3029","零壹",51.21,865.66,167.54,121.91,261.20,4.71,77.49,6.86,53.20,31.58,1.84,8.27,17.29,44.09,4.48,3.55,10.24,88.33,1.22
"3030","德律",18.51,267.46,467.45,373.09,1004.83,2.54,143.70,2.33,156.65,2.32,0.71,16.12,19.71,58.14,22.07,4.63,111.52,81.50,5.15
"3031","佰鴻",18.98,601.15,370.18,313.95,57.32,2.63,138.78,4.59,79.52,2.68,0.39,3.87,4.70,10.02,9.68,0.74,58.09,166.80,3.22
"3032","偉訓",61.51,241.90,129.90,96.17,35.70,3.58,101.95,5.26,69.39,5.00,1.04,6.49,15.45,62.95,6.06,4.21,10.90,61.86,6.59
"3033","威健",73.42,5655.10,145.44,93.54,4.71,6.18,59.06,6.04,60.43,411.27,2.53,3.90,11.91,25.37,1.20,1.90,-1.27,-19.32,-5.20
"3034","聯詠",31.25,617.85,257.40,209.41,2139.61,5.69,64.14,5.90,61.86,15.35,1.52,22.52,32.36,239.09,14.78,19.42,88.07,106.91,20.74
"3035","智原",22.66,1220.99,291.33,249.93,48.55,7.10,51.40,5.10,71.56,9.85,0.69,3.29,4.41,12.60,4.66,1.08,43.41,73.54,6.73
"3036","文曄",64.80,4824.28,134.47,79.84,9.78,6.57,55.55,7.59,48.08,350.77,3.04,3.64,10.90,51.98,1.07,5.22,"NA","NA","NA"
"3037","欣興",57.42,142.02,126.82,101.00,1368.13,4.95,73.73,7.29,50.06,1.63,0.75,4.83,10.48,41.43,6.05,3.74,42.87,98.72,11.93
"3038","全台",45.12,643.22,203.64,139.26,2512.29,6.49,56.24,3.31,110.27,10.71,1.03,6.68,11.84,16.87,6.23,1.57,11.08,133.30,-0.27
"3040","遠見",6.86,2240.83,853.72,818.71,864.81,15.62,23.36,4.21,86.69,2.03,0.09,24.51,26.75,69.11,257.82,6.34,110.99,22.11,-0.73
"3041","揚智",18.54,526.77,308.55,251.67,-491.03,9.35,39.03,2.28,160.08,3.52,0.53,-6.17,-7.49,-15.23,-11.63,-1.26,-40.97,-250.81,-10.76
"3042","晶技",41.84,239.33,196.37,136.58,8069.01,3.43,106.41,3.18,114.77,2.49,0.74,9.65,15.58,55.16,12.94,4.61,37.31,87.85,6.37
"3043","科風",93.71,37.19,70.77,30.84,-2.66,4.21,86.69,2.12,172.16,3.54,0.92,-3.09,-38.52,-2.39,-4.49,-0.25,-0.94,-131.00,-2.62
"3044","健鼎",52.07,205.61,146.58,121.75,74.36,3.23,113.00,5.38,67.84,3.36,0.75,8.45,17.44,147.57,11.02,11.65,23.86,99.23,6.04
"3045","台灣大",61.00,281.14,54.83,43.86,2598.88,15.66,23.30,12.70,28.74,3.38,0.78,7.62,16.92,44.01,9.33,4.01,54.23,121.06,8.09
"3046","建碁",62.36,3559.86,124.04,90.29,-12.89,6.09,59.93,5.07,71.99,73.75,1.17,-4.10,-10.97,-9.09,-3.72,-0.93,2.05,0.00,0.00
"3047","訊舟",59.98,198.71,163.87,110.58,1100.09,5.15,70.87,3.02,120.86,2.72,0.89,3.30,8.17,14.77,3.60,0.56,19.68,30.15,7.19
"3048","益登",84.05,755.55,119.61,75.72,342.49,10.45,34.92,13.43,27.17,168.03,5.13,4.71,19.46,40.82,0.64,3.13,"NA",27.64,"NA"
"3049","精金",44.29,142.67,294.16,283.52,5.76,9.41,38.78,11.34,32.18,0.25,0.18,2.48,3.62,5.73,11.34,0.43,80.53,80.01,6.39
"3050","鈺德",52.26,171.10,175.74,169.95,3.57,7.82,46.67,10.08,36.21,0.37,0.18,2.86,4.47,8.82,12.07,0.80,17.02,62.46,1.45
"3051","力特",85.86,332.22,362.58,296.22,1.24,3.21,113.70,1.62,225.30,1.06,0.27,1.32,1.32,0.95,0.68,0.05,13.92,552.59,1.67
"3052","夆典",58.43,2708.13,161.12,138.51,903.82,11.20,32.58,2.42,150.82,44.33,0.69,4.37,10.53,13.48,6.18,1.59,17.96,16.52,22.52
"3054","立萬利",6.71,23911.53,956.31,887.84,-672.49,21.81,16.73,1.29,282.94,42.18,0.26,-1.14,-1.43,-1.56,-4.92,-0.16,0.00,80.92,0.00
"3055","蔚華科",61.79,229.45,126.67,104.74,0.25,2.33,156.65,7.36,49.59,3.21,0.67,0.08,-1.50,-3.73,-0.98,-0.48,-18.55,-95.93,-20.37
"3056","富華新",70.58,5253.25,165.70,31.72,264.88,5610.35,0.06,0.24,1520.83,33.18,0.29,6.44,20.45,60.79,21.87,4.90,0.00,26.46,-8.44
"3057","喬鼎",47.94,750.37,204.60,102.64,0.00,6.46,56.50,1.33,274.43,7.11,0.56,-2.25,-5.72,-4.06,-4.95,-0.69,0.00,32.45,0.00
"3058","立德",63.41,161.46,115.00,78.86,-3.62,3.52,103.69,4.50,81.11,3.10,0.83,-1.90,-6.18,-6.27,-2.93,-0.77,-4.56,24.37,-3.60
"3059","華晶科",38.69,255.55,178.75,151.92,11.60,5.54,65.88,4.09,89.24,1.58,0.42,1.26,1.77,8.64,2.65,0.60,5.76,104.90,1.23
"3060","銘異",38.21,407.13,182.31,129.83,-24.87,3.64,100.27,4.09,89.24,4.20,0.77,-5.73,-9.20,-19.00,-7.24,-1.85,37.92,58.68,11.41
"3062","建漢",32.78,753.14,257.38,231.60,1.76,3.43,106.41,7.68,47.52,6.68,0.60,0.54,0.43,0.57,0.49,0.07,17.43,-10.75,5.05
"3090","日電貿",42.11,692.31,206.47,154.27,48.28,3.22,113.35,4.63,78.83,14.14,1.22,8.50,14.03,49.49,6.79,3.36,14.78,77.14,-3.87
"3092","鴻碩",60.05,218.01,177.01,139.69,16.21,2.27,160.79,3.63,100.55,2.06,0.63,3.49,7.66,19.39,4.80,1.58,18.86,121.61,2.43
"3094","聯傑",10.05,673.29,1966.69,1888.44,60.06,7.18,50.83,1.90,192.10,1.43,0.20,2.83,3.11,4.44,14.32,0.41,104.19,58.05,-2.97
"3130","一零四",44.85,729.16,205.74,202.61,28007.10,32.88,11.10,0.00,"*****",7.44,0.62,9.81,17.28,91.14,15.67,7.80,36.37,119.61,6.28
"3138","耀登",36.29,380.06,237.97,197.96,56.50,3.95,92.40,4.21,86.69,3.57,0.72,7.29,12.62,30.82,9.96,2.63,47.07,116.22,12.87
"3149","正達",62.02,202.13,113.66,101.29,-7.52,3.34,109.28,14.80,24.66,1.34,0.62,-6.70,-19.19,-14.08,-11.97,-1.42,16.55,52.53,3.67
"3150","鈺寶-創",21.52,30847.74,471.09,379.21,15997.00,21.02,17.36,2.46,148.37,409.81,0.90,11.50,14.10,10.42,12.67,1.07,6.03,58.37,1.57
"3164","景岳",8.12,177.16,627.59,538.74,96.34,5.60,65.17,2.71,134.68,0.42,0.20,3.82,4.11,8.90,18.52,0.69,124.55,34.24,2.71
"3167","大量",62.10,177.67,135.83,82.33,17.55,1.55,235.48,1.34,272.38,2.41,0.51,9.19,21.37,56.80,17.11,5.23,11.38,31.28,5.75
"3168","眾福科",47.69,271.53,169.60,122.00,46.77,4.24,86.08,6.34,57.57,6.62,1.44,9.31,16.43,34.60,6.31,2.58,8.70,112.36,-1.13
"3189","景碩",31.77,158.08,201.89,172.98,15.64,6.63,55.05,6.24,58.49,1.30,0.64,2.35,3.20,24.91,3.43,1.21,49.94,83.41,8.11
"3209","全科",72.70,667.95,142.96,91.19,5.51,8.44,43.24,8.76,41.66,87.41,3.55,4.69,14.10,30.42,1.08,2.51,15.58,6.05,22.26
"3229","晟鈦",45.69,170.54,146.71,121.44,-71.12,3.09,118.12,7.03,51.92,1.45,0.51,-29.72,-50.93,-25.23,-58.92,-2.27,-28.31,-56.94,-10.08
"3231","緯創",80.43,314.78,115.38,84.18,8.17,6.51,56.06,8.85,41.24,21.88,2.19,3.80,15.38,59.30,1.53,3.10,"NA",36.45,"NA"
"3257","虹冠電",13.03,907.64,599.93,497.12,668.86,6.27,58.21,2.76,132.24,5.86,0.62,14.02,15.65,37.92,22.37,3.34,144.83,120.14,9.83
"3266","昇陽",50.28,3871.62,187.39,32.47,3.21,14.55,25.08,0.35,1042.85,20.44,0.29,1.30,2.74,4.73,4.45,0.40,5.49,-42.33,1.99
"3296","勝德",40.44,840.43,229.12,183.25,18.00,4.07,89.68,7.82,46.67,12.57,1.08,1.06,1.52,5.08,0.89,0.23,-3.84,95.19,-2.70
"3305","昇貿",44.65,289.12,237.33,160.38,11.05,2.86,127.62,3.72,98.11,3.20,0.81,3.06,4.95,21.77,3.38,1.51,-4.02,0.08,-3.31
"3308","聯德",54.17,255.36,231.23,223.33,-6.97,3.88,94.07,9.29,39.28,0.77,0.21,-4.92,-11.81,-8.64,-26.51,-0.89,-10.38,-283.98,-2.87
"3311","閎暉",27.35,926.02,377.73,338.79,-189.72,3.99,91.47,8.32,43.87,4.98,0.56,-11.73,-15.88,-50.89,-21.12,-6.10,-19.64,-82.98,-3.71
"3312","弘憶股",73.04,554.10,135.96,114.76,12.74,4.55,80.21,17.51,20.84,84.10,2.67,4.18,13.66,19.84,1.44,1.58,25.06,133.79,55.48
"3321","同泰",60.00,159.87,157.31,133.86,-6.70,2.09,174.64,4.93,74.03,1.69,0.73,-9.64,-30.32,-16.80,-14.68,-2.15,17.23,0.43,4.00
"3338","泰碩",61.56,342.68,154.47,124.44,29.08,2.49,146.58,7.65,47.71,9.18,1.21,5.46,13.68,37.03,4.28,2.58,0.18,55.93,9.39
"3346","麗清",67.00,424.58,131.25,86.61,132.83,2.36,154.66,2.47,147.77,8.78,0.83,0.96,0.75,1.94,0.28,0.16,5.45,23.36,7.87
"3356","奇偶",28.61,7220.37,337.57,247.01,22.70,6.97,52.36,0.94,388.29,46.63,0.47,6.34,9.63,19.17,13.94,1.78,6.36,47.82,2.56
"3376","新日興",29.85,276.30,265.43,233.92,24861.27,2.74,133.21,6.39,57.12,2.54,0.73,8.02,11.47,127.41,10.98,9.05,35.43,111.21,6.69
"3380","明泰",52.83,337.60,150.97,99.72,2189.31,5.79,63.03,4.48,81.47,8.97,1.23,2.92,5.41,16.97,2.25,1.03,-0.09,57.61,-1.49
"2501","國建",57.31,699.11,157.84,30.71,5.54,34.49,10.58,0.39,935.89,2.85,0.25,2.99,6.08,14.53,10.85,1.28,7.78,61.88,2.68
"2504","國產",38.58,314.28,201.83,181.61,2834.39,2.47,147.77,23.97,15.22,2.09,0.52,7.32,11.91,22.93,13.51,1.90,45.69,-2.19,10.97
"2505","國揚",54.25,10840.35,161.97,66.05,74.25,71.10,5.13,0.70,521.42,180.16,0.73,25.72,56.47,135.78,34.62,7.58,82.79,200.72,84.30
"2506","太設",40.56,584.94,201.35,57.06,1.49,27.91,13.07,0.31,1177.41,1.65,0.19,0.95,0.40,1.75,1.17,-0.15,37.18,156.60,13.58
"2509","全坤建",38.14,2972.51,277.11,134.44,4.31,11.72,31.14,0.31,1177.41,6.74,0.16,3.63,4.82,12.03,17.32,1.03,21.14,553.44,9.59
"2511","太子",53.18,783.02,392.59,133.45,3.43,12.80,28.51,0.53,688.67,2.02,0.22,1.40,3.03,4.86,6.10,0.49,70.30,166.75,12.34
"2514","龍邦",60.65,268.15,172.59,130.69,11.69,10.86,33.60,2.85,128.07,3.80,0.50,5.67,12.84,31.19,10.47,3.05,16.24,-88.67,-9.62
"2515","中工",51.52,803.26,208.02,105.31,5.07,4.08,89.46,0.81,450.61,4.18,0.32,1.73,2.96,5.18,4.45,0.40,3.37,7.43,0.89
"2516","新建",70.94,271.23,101.83,97.50,-3574.22,23.86,15.29,39087.07,0.00,10.79,0.92,-10.14,-33.70,-30.24,-11.17,-3.11,-6.73,-282.66,-17.83
"2520","冠德",69.73,412.89,153.78,53.95,14.33,15.01,24.31,0.63,579.36,4.12,0.48,7.42,24.58,97.04,14.28,6.80,32.75,167.54,30.66
"2524","京城",54.72,2682.96,291.53,15.18,7.57,55.78,6.54,0.18,2027.77,10.42,0.27,5.50,12.00,52.07,19.44,4.49,47.78,84.60,23.48
"2527","宏璟",51.32,1421.05,134.53,9.34,4.42,81.53,4.47,0.28,"*****",4.78,0.20,2.79,4.45,15.10,10.76,1.49,22.00,-487.86,9.09
"2528","皇普",69.55,266778.23,312.62,33.98,-2.26,541.97,0.67,0.11,3318.18,350.64,0.11,-1.99,-6.29,-6.36,-17.91,-0.73,"NA","NA","NA"
"2530","華建",25.84,5438.74,379.90,94.45,-2.73,42.37,8.61,0.01,36500.00,0.74,0.01,-1.18,-1.96,-1.82,-109.49,-0.32,"NA",31.33,-0.42
"2534","宏盛",61.50,540305.67,151.73,13.30,4.28,33.13,11.01,0.08,4562.50,670.03,0.09,2.42,4.52,13.86,22.01,1.12,27.37,94.00,-25.29
"2535","達欣工",57.73,2218.00,187.07,124.07,38.22,11.93,30.59,0.36,1013.88,32.79,0.82,6.24,14.27,39.59,7.42,3.74,43.02,62.70,37.42
"2536","宏普",48.37,14657.96,177.95,15.19,7.93,45.02,8.10,0.16,2281.25,47.83,0.18,3.22,5.07,22.45,15.40,1.84,-31.13,-51.81,-42.80
"2537","聯上發",67.06,45595.45,155.04,21.79,5.67,9169.79,0.03,0.13,2807.69,147.63,0.12,1.97,4.47,6.06,11.95,0.59,0.00,0.00,0.00
"2538","基泰",67.89,246.11,141.21,29.20,0.31,11.64,31.35,0.03,12166.66,0.13,0.02,0.02,-1.82,-2.56,-24.79,-0.32,-2.27,0.00,-4.86
"2539","櫻花建",57.19,21717.27,265.15,24.39,10.88,53.66,6.80,0.22,1659.09,88.40,0.25,5.18,10.96,18.48,17.81,1.48,0.00,21.72,-4.08
"2540","愛山林",66.64,900.96,163.97,39.25,822.66,3.93,92.87,0.31,1177.41,5.44,0.33,7.19,18.79,81.30,18.96,6.18,0.00,0.00,0.00
"2542","興富發",80.19,5618.64,140.89,23.29,4.73,13.30,27.44,0.14,2607.14,11.63,0.14,2.15,8.03,25.70,11.54,2.10,-19.95,-34.31,-51.83
"2543","皇昌",73.17,155.36,114.28,62.64,1.99,3.81,95.80,2.88,126.73,4.07,0.82,1.19,2.40,2.14,0.81,0.15,-7.48,37.61,-8.99
"2545","皇翔",72.49,1092.71,139.38,10.36,4.16,19.26,18.95,0.16,2281.25,2.94,0.16,4.98,16.25,53.87,27.05,5.33,7.46,179.69,4.09
"2546","根基",67.46,2416.35,141.13,116.38,260.95,4.82,75.72,0.84,434.52,143.56,1.60,7.10,21.56,73.77,4.43,5.91,32.02,294.85,51.20
"2547","日勝生",78.45,472.22,119.88,42.64,2.14,12.10,30.16,0.43,848.83,0.72,0.12,2.27,5.69,11.13,9.85,0.69,0.00,228.79,-1.32
"2548","華固",51.58,11562.98,234.85,21.80,3161.00,"NA","NA","NA","NA",61.34,0.31,7.89,16.14,115.41,24.45,10.05,8.91,36.57,-3.91
"2597","潤弘",52.64,207.83,128.08,52.67,6284.94,10.64,34.30,0.66,553.03,4.12,1.24,9.55,19.83,99.23,7.53,7.48,23.40,37.88,4.53
"2601","益航",66.73,176.93,59.40,44.47,51.92,7.14,51.12,2.11,172.98,0.49,0.17,0.79,-2.53,-5.41,-4.99,-0.42,1.47,53.72,-0.23
"2603","長榮",69.63,220.60,118.41,112.21,8.02,9.97,36.60,"NA","NA",1.82,0.65,10.11,32.86,65.01,13.89,5.06,71.54,296.31,15.80
"2605","新興",26.04,123.17,278.65,271.96,296.70,13.19,27.67,"NA","NA",25.00,18.82,1.72,1.58,5.33,6.10,0.24,121.89,146.54,11.20
"2606","裕民",61.78,145.13,126.45,123.98,3.02,23.46,15.55,"NA","NA",0.30,0.14,1.97,3.51,9.86,10.33,1.04,18.75,69.85,3.21
"2607","榮運",33.42,139.15,197.51,195.47,6.71,7.75,47.09,"NA","NA",0.30,0.20,2.28,2.96,7.74,9.80,0.64,79.18,122.49,5.10
"2608","嘉里大榮",50.05,137.96,115.41,111.34,19.54,6.40,57.03,2.21,165.15,0.93,0.57,7.67,15.07,42.14,12.72,3.21,94.17,95.48,10.42
"2609","陽明",81.36,183.57,77.43,72.90,5.54,14.20,25.70,"NA","NA",2.07,0.78,7.79,45.63,50.98,8.06,4.51,58.65,180.31,19.22
"2610","華航",78.64,156.59,98.76,84.18,74.92,12.64,28.87,"NA","NA",0.80,0.40,0.75,-0.46,-1.21,-0.24,0.03,15.52,579.32,2.98
"2611","志信",39.84,390.40,199.33,180.54,-1.46,3.47,105.18,5.35,68.22,0.59,0.13,0.04,-0.66,-3.48,-2.94,-0.10,-5.21,72.22,-1.64
"2612","中航",49.39,132.04,144.90,142.88,334.32,10.65,34.27,"NA","NA",0.24,0.16,2.28,3.34,17.83,10.51,1.67,25.02,106.10,0.35
"2613","中櫃",72.47,219.63,104.87,92.10,2.32,5.40,67.59,"NA","NA",0.63,0.25,0.46,1.01,2.41,1.09,0.23,57.62,88.26,10.00
"2614","東森",58.42,817.05,127.11,108.45,237.19,10.64,34.30,3.75,97.33,3.04,0.30,4.33,7.47,5.56,10.43,0.94,36.39,293.20,5.41
"2615","萬海",59.32,154.80,126.62,116.89,28.02,27.81,13.12,"NA","NA",1.67,0.83,12.01,28.21,64.24,13.87,5.10,70.98,96.63,12.44
"2616","山隆",47.47,206.33,97.12,87.11,15.21,18.03,20.24,50.15,7.27,4.42,1.59,4.28,8.02,33.74,2.38,2.73,53.25,84.50,17.71
"2617","台航",35.53,162.55,149.28,142.07,16.68,23.10,15.80,"*****","*****",0.25,0.16,3.48,4.93,17.07,20.80,1.24,64.78,81.21,2.94
"2618","長榮航",76.74,213.28,123.11,112.67,16.69,"NA","NA","NA","NA",0.66,0.26,0.22,-4.23,-8.90,-3.68,-0.69,11.82,100.62,1.69
"2630","亞航",62.68,256.03,167.98,111.48,224.00,2.98,122.48,2.86,127.62,5.57,0.87,1.42,2.61,2.53,1.08,0.32,10.83,-85.72,6.45
"2633","台灣高鐵",83.61,383216.61,546.48,498.03,1.92,142.01,2.57,"NA","NA",333.40,0.09,2.81,8.28,9.63,14.93,1.04,-21.67,229.34,-24.23
"2634","漢翔",68.28,236.20,140.62,68.37,3.55,1.75,208.57,1.50,243.33,2.35,0.46,1.19,2.75,5.09,1.88,0.42,22.86,58.45,10.22
"2636","台驊控股",57.18,1407.98,159.48,157.46,18.15,6.68,54.64,"NA","NA",53.83,2.20,8.36,19.54,59.83,3.76,4.72,9.12,121.46,6.16
"2637","慧洋-KY",67.85,99.76,38.12,33.08,1.10,66.41,5.49,42.51,8.58,0.16,0.14,1.62,0.40,1.70,0.93,0.15,51.85,70.18,3.83
"2642","宅配通",48.33,463.52,177.54,174.46,18.40,6.73,54.23,21.75,16.78,6.77,1.07,5.95,11.26,26.99,5.25,2.19,49.23,124.09,15.03
"2701","萬企",14.21,2461.02,1059.03,1058.36,"NA",4.21,86.69,"NA","NA",0.75,0.03,1.95,2.27,4.66,65.78,0.39,77.77,112.14,-0.69
"2702","華園",86.23,113.08,76.62,76.15,-252.22,24.49,14.90,23.36,15.62,0.18,0.10,-5.21,-24.01,-44.70,-36.44,-2.45,-5.10,264.30,-1.86
"2704","國賓",15.92,210.75,254.39,246.16,2.29,25.71,14.19,13.03,28.01,0.37,0.15,0.06,0.03,0.14,0.16,0.01,3.76,105.87,0.40
"2705","六福",89.16,166.44,34.45,28.85,-1.21,22.51,16.21,6.60,55.30,0.24,0.13,-3.18,-26.74,-20.07,-23.80,-2.01,-11.30,-35.62,-1.68
"2706","第一店",13.97,2754.21,1834.58,1833.65,161.26,101.81,3.58,"NA","NA",0.70,0.02,1.52,1.75,4.02,60.69,0.32,95.23,113.35,-0.81
"2707","晶華",66.68,294.38,92.20,88.73,10.18,25.78,14.15,18.07,20.19,2.10,0.49,7.27,20.33,69.16,13.51,5.18,28.19,105.37,7.43
"2712","遠雄來",14.68,97.78,81.88,75.24,10955.06,43.37,8.41,29.85,12.22,0.43,0.38,6.57,7.90,10.93,16.99,0.93,97.83,130.46,5.31
"2722","夏都",23.26,182.89,95.82,90.02,16.50,60.61,6.02,37.40,9.75,0.62,0.29,3.53,4.46,9.27,11.54,0.79,56.38,101.51,11.66
"2723","美食-KY",51.88,241.07,110.52,97.41,711.38,63.37,5.75,10.52,34.69,3.16,0.89,5.19,9.56,78.15,5.07,5.64,54.52,188.62,22.82
"2727","王品",69.16,312.84,96.16,66.35,409.82,64.91,5.62,5.58,65.41,7.32,1.15,2.65,7.45,44.88,1.68,4.61,38.44,147.51,36.49
"2731","雄獅",71.59,988.34,213.82,196.01,-13.90,12.99,28.09,"NA","NA",15.74,0.88,-5.17,-20.86,-83.38,-6.34,-5.90,-84.39,49.64,-33.86
"2739","寒舍",89.74,1098.24,50.92,45.67,-1.25,34.55,10.56,22.79,16.01,2.28,0.19,-1.18,-20.80,-43.63,-12.52,-3.15,39.89,132.94,20.73
"2748","雲品",68.89,117.28,24.45,20.54,4.01,29.36,12.43,44.67,8.17,0.77,0.42,3.28,8.40,16.16,5.94,1.44,26.50,107.09,9.53
"2753","八方雲集",49.04,211.31,115.78,94.69,43.71,56.15,6.50,18.74,19.47,3.94,1.40,17.56,34.66,135.85,12.22,10.55,103.33,113.43,26.20
"2801","彰銀",92.87,"NA","NA","NA","NA","NA","NA","NA","NA",1.31,0.01,0.32,4.30,8.00,25.77,0.68,"NA","NA","NA"
"2809","京城銀",85.69,"NA","NA","NA","NA","NA","NA","NA","NA",2.92,0.03,1.81,12.55,55.85,61.65,4.90,"NA","NA","NA"
"2812","台中銀",92.03,"NA","NA","NA","NA","NA","NA","NA","NA",1.01,0.02,0.57,7.41,11.46,34.57,1.03,"NA","NA","NA"
"2816","旺旺保",67.05,"NA","NA","NA","NA","NA","NA","NA","NA",7.19,0.47,3.99,12.44,31.58,8.52,3.14,"NA","NA","NA"
"2820","華票",87.71,"NA","NA","NA","NA","NA","NA","NA","NA",16.32,0.01,0.76,6.40,14.83,62.95,1.18,"NA","NA","NA"
"2832","台產",51.07,"NA","NA","NA","NA","NA","NA","NA","NA",15.05,0.28,3.57,7.37,21.34,12.74,1.90,"NA","NA","NA"
"2834","臺企銀",94.49,"NA","NA","NA","NA","NA","NA","NA","NA","NA",1.24,0.27,4.84,7.19,21.50,0.63,"NA","NA","NA"
"2836","高雄銀",94.11,"NA","NA","NA","NA","NA","NA","NA","NA","NA",0.01,0.28,4.82,8.20,20.49,0.68,"NA","NA","NA"
"2838","聯邦銀",92.05,"NA",235.77,"NA","NA","NA","NA","NA","NA",1.81,0.01,0.47,6.14,11.96,23.85,0.96,"NA","NA","NA"
"2845","遠東銀",92.83,"NA","NA","NA","NA","NA","NA","NA","NA",3.80,0.02,0.38,5.25,8.38,22.45,0.73,"NA","NA","NA"
"2849","安泰銀",88.87,"NA","NA","NA","NA","NA","NA","NA","NA","NA",1.89,0.70,6.37,13.08,37.14,1.11,"NA","NA","NA"
"2850","新產",66.50,"NA","NA","NA","NA","NA","NA","NA","NA",15.29,0.42,4.35,13.09,61.07,9.87,5.16,"NA","NA","NA"
"2851","中再保",68.61,"NA","NA","NA","NA","NA","NA","NA","NA",82.72,0.41,3.70,11.92,30.30,8.58,2.57,"NA","NA","NA"
"2852","第一保",57.81,"NA","NA","NA","NA","NA","NA","NA","NA",9.14,0.37,0.96,2.25,6.84,2.61,0.51,"NA","NA","NA"
"2855","統一證",74.08,1201.42,125.25,125.22,"NA","NA","NA","NA","NA","NA","NA",3.66,12.85,28.45,37.73,2.58,8.87,459.61,20.81
"2867","三商壽",96.85,"NA","NA","NA","NA","NA","NA","NA","NA","NA","NA",0.13,3.41,6.96,0.92,0.61,"NA","NA","NA"
"2880","華南金",93.89,"NA","NA","NA","NA","NA","NA","NA","NA",125.49,1.37,0.30,4.58,8.70,21.65,0.67,"NA","NA","NA"
"2881","富邦金",91.60,"NA","NA","NA","NA","NA","NA","NA","NA","NA",0.05,1.02,13.03,89.67,19.09,8.54,"NA","NA","NA"
"2882","國泰金",91.74,"NA",2250.99,"NA","NA","NA","NA","NA","NA",6.29,0.06,0.85,8.96,55.51,12.06,5.41,"NA","NA","NA"
"2883","凱基金",90.31,"NA","NA","NA","NA","NA","NA","NA","NA",6.36,0.06,0.64,6.57,14.65,9.20,0.87,"NA","NA","NA"
"2884","玉山金",93.89,"NA","NA","NA","NA","NA","NA","NA","NA",1.69,0.02,0.66,10.17,16.34,32.09,1.43,"NA","NA","NA"
"2885","元大金",90.08,"NA",172.62,"NA","NA","NA","NA","NA","NA",2.59,0.04,1.29,9.91,25.34,22.46,1.99,"NA","NA","NA"
"2886","兆豐金",91.53,"NA","NA","NA","NA","NA","NA","NA","NA","NA","NA",0.66,7.69,21.57,41.14,1.84,"NA","NA","NA"
"2887","台新金",91.53,"NA","NA","NA","NA","NA","NA","NA","NA","NA",0.02,0.69,9.05,14.03,32.82,1.17,"NA","NA","NA"
"2888","新光金",94.46,"NA","NA","NA","NA","NA","NA","NA","NA",8.12,0.06,0.34,6.03,6.38,5.39,1.12,"NA","NA","NA"
"2889","國票金",86.51,"NA","NA","NA","NA","NA","NA","NA","NA","NA",0.03,1.56,9.05,16.37,43.58,1.12,"NA","NA","NA"
"2890","永豐金",92.73,"NA","NA","NA","NA","NA","NA","NA","NA",3.00,0.02,1.14,8.05,12.38,31.40,1.09,"NA","NA","NA"
"2891","中信金",93.87,"NA","NA","NA","NA","NA","NA","NA","NA","NA",0.03,0.67,10.90,25.79,22.04,2.15,"NA","NA","NA"
"2892","第一金",93.77,"NA","NA","NA","NA","NA","NA","NA","NA","NA","NA",0.50,7.62,15.29,28.22,1.31,"NA","NA","NA"
"2897","王道銀行",90.57,"NA",98.48,"NA","NA","NA","NA","NA","NA","NA",0.01,0.41,4.38,10.22,28.56,0.41,"NA","NA","NA"
"2901","欣欣",12.96,231.91,863.88,855.80,199.64,21.87,16.68,7.83,46.61,0.27,0.11,1.43,1.62,2.37,12.93,0.19,71.67,108.33,0.36
"2903","遠百",69.01,243.74,46.22,40.33,4.52,45.63,7.99,7.06,51.69,1.09,0.28,2.49,6.46,21.17,6.82,1.38,23.39,210.85,11.40
"2904","匯僑",36.60,110.62,61.06,56.72,5703.06,13.32,27.40,"*****","*****",0.52,0.35,10.60,15.64,26.77,29.53,2.31,88.46,73.93,8.59
"2905","三商",96.57,"NA",1489.60,"NA","NA","NA","NA","NA","NA",11.18,0.16,0.20,5.34,34.88,1.20,1.63,"NA","NA","NA"
"2906","高林",41.10,300.99,148.37,102.94,11.94,3.81,95.80,4.70,77.65,3.20,0.72,2.53,3.92,14.46,3.17,0.15,23.13,75.21,7.54
"2908","特力",81.99,246.21,104.46,60.36,3.80,8.84,41.28,4.91,74.33,6.54,1.14,2.91,12.24,18.80,1.93,1.60,31.56,130.88,24.34
"2910","統領",62.25,206.39,100.69,41.39,545.01,23.55,15.49,0.15,2433.33,0.24,0.09,2.27,4.82,7.49,20.59,0.65,11.27,50.41,0.87
"2911","麗嬰房",55.06,426.03,119.15,43.29,-514.01,8.48,43.04,1.46,250.00,5.56,0.78,-5.42,-13.33,-15.20,-7.88,-1.72,19.18,40.29,10.54
"2912","統一超",78.53,452.02,94.48,72.94,11.45,"NA","NA",10.55,34.59,9.56,1.28,6.14,25.14,132.84,4.39,9.85,36.68,114.89,24.68
"2913","農林",37.07,370.46,117.66,20.49,0.54,17.30,21.09,0.21,1738.09,0.04,0.01,0.18,-0.11,-0.41,-5.56,-0.02,"NA",20.83,"NA"
"2915","潤泰全",24.77,8326.46,254.49,225.85,29.66,14.28,25.56,0.72,506.94,1.63,0.02,6.14,8.09,167.30,295.69,14.85,0.00,0.00,0.00
"2923","鼎固-KY",53.52,13709.61,673.90,180.46,239.95,41.37,8.82,0.20,1825.00,16.34,0.11,1.46,2.16,15.49,8.77,0.68,20.97,-45.79,-4.69
"2929","淘帝-KY",40.08,1473.47,258.05,256.78,"NA",1.54,237.01,118.86,3.07,10.49,0.40,-32.10,-48.87,-224.82,-79.57,-20.44,-62.56,2.10,-0.35
"2939","永邑-KY",25.32,2514.08,432.84,371.09,1486.78,5.23,69.78,12.94,28.20,51.14,1.15,0.38,0.25,11.43,0.17,0.20,-7.47,101.47,-21.77
"2945","三商家購",74.11,194.61,81.89,15.88,12.55,367.43,0.99,6.90,52.89,9.86,2.61,3.91,14.58,38.31,1.38,3.04,37.64,98.94,42.65
"3406","玉晶光",39.63,155.01,157.08,126.39,53.90,4.55,80.21,5.63,64.83,1.56,0.67,13.16,20.70,383.77,19.13,27.42,97.09,114.42,17.91
"3413","京鼎",52.01,504.07,234.06,186.74,24209.94,9.11,40.06,4.58,79.69,6.33,1.01,12.68,25.12,183.33,12.41,14.91,49.92,121.09,18.96
"3416","融程電",20.36,231.91,311.02,228.62,947.34,8.63,42.29,3.44,106.10,2.56,0.70,9.76,11.74,42.50,13.87,3.55,63.19,80.50,8.09
"3419","譁裕",35.27,277.30,263.34,227.35,-484.62,2.44,149.59,5.76,63.36,2.18,0.61,3.31,4.96,-2.85,5.08,0.61,-6.30,34.24,-1.31
"3432","台端",12.77,2246.31,1787.69,1784.62,17.76,3.57,102.24,6.40,57.03,0.43,0.02,1.86,2.14,7.10,103.25,0.49,56.10,-159.79,1.92
"3437","榮創",42.91,263.73,161.97,142.57,-14.38,3.36,108.63,10.97,33.27,5.33,1.22,-2.35,-4.19,-6.78,-2.02,-0.77,3.65,8.43,1.46
"3443","創意",53.96,623.58,167.99,118.59,277.29,10.47,34.86,5.50,66.36,15.41,1.50,9.43,19.32,74.74,6.26,6.34,67.25,106.98,40.96
"3447","展達",58.44,413.67,151.71,105.44,200.75,4.28,85.28,6.36,57.38,12.92,1.42,7.58,16.36,24.15,5.30,1.57,17.82,96.66,18.60
"3450","聯鈞",30.03,199.49,216.18,190.50,205.37,5.58,65.41,12.21,29.89,2.02,0.75,7.10,9.96,55.93,9.20,1.65,58.16,131.11,7.88
"3454","晶睿",38.92,328.84,229.02,148.15,37.46,7.02,51.99,3.38,107.98,5.44,1.18,4.89,7.62,31.84,4.00,2.90,34.00,85.78,12.55
"3481","群創",37.41,146.59,145.79,114.66,3.49,5.69,64.14,7.50,48.66,1.40,0.72,0.66,0.70,2.57,0.61,0.17,20.52,110.77,2.41
"3494","誠研",47.23,105.96,68.35,17.11,-16.85,41.00,8.90,5.59,65.29,1.11,0.65,-23.76,-47.58,-40.21,-152.18,-2.44,-28.34,-36.40,-7.17
"3501","維熹",24.36,291.51,372.73,255.14,173.77,3.44,106.10,2.27,160.79,2.16,0.60,5.48,7.21,47.63,9.10,3.59,16.90,95.71,-1.55
"3504","揚明光",42.31,187.22,186.32,149.01,-8.96,4.93,74.03,6.03,60.53,1.69,0.66,-3.71,-7.16,-20.40,-6.04,-2.07,28.72,58.19,6.62
"3515","華擎",37.62,2907.07,256.83,119.22,1909.81,10.96,33.30,2.60,140.38,72.80,1.63,12.41,20.81,153.83,7.61,11.30,31.26,43.36,12.09
"3518","柏騰",37.12,359.85,185.25,181.49,0.86,1.79,203.91,32.21,11.33,1.45,0.32,-1.95,-4.00,-0.31,-8.17,-0.71,-1.05,18.62,-0.19
"3528","安馳",54.21,11918.47,180.19,102.06,14.03,5.01,72.85,9.24,39.50,326.88,1.51,6.85,14.03,39.84,4.20,3.18,18.14,46.30,10.16
"3530","晶相光",26.77,499.97,503.84,299.87,11775.00,150.95,2.41,3.11,117.36,6.38,1.22,10.41,13.13,41.90,8.45,3.65,113.65,54.79,14.69
"3532","台勝科",11.93,218.16,584.85,448.51,1494.31,6.04,60.43,3.25,112.30,1.17,0.52,5.70,6.42,40.43,10.96,3.37,157.41,156.40,4.35
"3533","嘉澤",24.90,327.00,284.97,227.75,19821.65,2.68,136.19,4.06,89.90,4.31,0.97,15.44,21.58,354.66,15.80,26.41,75.72,95.50,14.16
"3535","晶彩科",63.27,290.22,162.37,131.59,-8.09,1.69,215.97,2.85,128.07,2.70,0.50,-4.06,-10.77,-12.75,-8.92,-1.29,23.52,106.67,20.35
"3543","州巧",49.26,382.86,205.52,192.49,9.22,2.89,126.29,11.98,30.46,3.12,0.54,-6.52,-12.87,17.93,-12.38,-4.50,4.15,144.87,0.38
"3545","敦泰",36.72,634.69,226.75,180.46,57695.67,9.04,40.37,6.24,58.49,10.29,1.15,8.23,13.05,55.01,7.13,3.97,22.31,183.83,9.81
"3550","聯穎",53.36,593.00,208.89,179.35,8.12,2.19,166.66,8.69,42.00,8.36,0.90,2.43,4.34,16.62,2.26,0.94,"NA",83.65,"NA"
"3557","嘉威",64.47,273.15,110.63,69.02,3312.28,4.99,73.14,2.78,131.29,5.01,0.95,16.16,54.20,104.06,16.34,10.01,37.51,155.90,32.08
"3563","牧德",29.70,1064.36,380.02,333.64,273.31,1.78,205.05,2.36,154.66,8.89,0.71,19.45,28.15,179.84,27.30,15.02,90.49,104.28,10.83
"3576","聯合再生",53.72,203.01,125.41,87.57,0.00,4.14,88.16,2.83,128.97,0.85,0.31,-14.16,-33.76,-21.52,-49.25,-2.31,-19.73,0.00,-5.16
"3583","辛耘",40.61,231.77,155.02,102.01,100.65,4.56,80.04,2.69,135.68,2.77,0.85,7.33,11.18,47.92,8.53,3.80,40.21,156.27,15.53
"3588","通嘉",17.63,342.09,425.07,298.46,213.29,7.99,45.68,3.17,115.14,3.69,0.90,3.86,4.59,15.78,4.18,1.30,36.16,40.19,2.94
"3591","艾笛森",29.50,226.82,207.95,175.85,5.65,4.28,85.28,5.18,70.46,1.55,0.53,1.12,1.25,3.57,1.73,0.35,14.68,162.04,3.66
"3592","瑞鼎",49.16,2202.08,185.24,149.02,620.93,4.67,78.15,6.78,53.83,72.90,1.61,9.60,18.91,149.09,5.93,13.12,13.23,58.11,1.35
"3593","力銘",48.08,210.45,86.99,71.20,5.60,3.73,97.85,10.29,35.47,2.13,0.62,7.98,14.30,8.81,10.85,0.90,-13.99,-20.63,-7.32
"3596","智易",58.48,533.69,160.86,107.69,69.69,5.19,70.32,3.63,100.55,13.98,1.24,6.14,13.99,112.20,4.83,8.36,21.81,102.03,16.05
"3605","宏致",55.66,283.85,153.77,120.16,1028.46,3.45,105.79,5.58,65.41,3.37,0.82,3.10,6.32,26.42,3.42,2.26,21.25,70.10,8.22
"3607","谷崧",40.06,248.51,186.85,153.99,-16.94,2.87,127.17,5.26,69.39,2.68,0.73,-8.49,-14.23,-34.78,-12.78,-3.32,1.42,66.23,0.31
"3617","碩天",56.90,353.21,149.32,99.06,18.31,4.78,76.35,2.07,176.32,5.18,0.86,4.79,10.48,77.56,5.17,5.72,25.25,54.93,14.33
"3622","洋華",10.21,555.10,835.29,784.93,5159.95,4.35,83.90,3.13,116.61,1.04,0.18,3.94,4.00,13.99,21.75,1.24,33.68,8.92,0.22
"3645","達邁",45.16,121.98,151.15,107.80,1406.08,4.20,86.90,3.98,91.70,0.59,0.40,7.55,13.38,29.75,17.33,2.76,73.41,86.01,9.95
"3652","精聯",34.33,338.55,222.71,143.83,10.29,4.14,88.16,3.40,107.35,5.65,1.17,1.10,1.55,4.18,0.85,0.36,28.06,133.44,9.54
"3653","健策",37.21,256.71,431.17,320.05,82.97,4.05,90.12,2.97,122.89,2.31,0.75,9.38,13.26,87.14,12.38,7.17,65.71,57.20,3.19
"3661","世芯-KY",57.33,488.81,149.93,111.00,275.61,9.08,40.19,5.67,64.37,11.76,0.99,11.69,23.22,175.05,11.79,13.61,88.75,155.93,61.87
"3665","貿聯-KY",41.55,522.37,270.34,185.85,18.98,4.43,82.39,3.56,102.52,7.87,0.96,8.33,14.26,172.72,8.08,14.01,31.85,68.15,4.22
"3669","圓展",31.62,275.08,240.80,180.10,205.30,9.83,37.13,3.39,107.66,3.36,1.05,20.45,27.84,103.45,19.37,8.48,58.12,110.87,20.28
"3673","TPK-KY",55.99,272.97,186.38,156.74,3.40,8.93,40.87,12.67,28.80,5.05,1.36,1.73,2.83,44.54,0.90,2.53,22.57,1.99,5.78
"3679","新至陞",48.28,438.97,252.34,227.87,42.75,2.99,122.07,6.54,55.81,3.23,0.59,9.00,17.17,140.05,15.00,11.57,23.57,111.96,3.33
"3686","達能",27.64,38360.29,706.96,701.79,-73.00,"*****","*****","*****","*****",47.32,0.11,-12.70,-17.53,-13.30,-144.44,-1.33,-35.79,83.47,0.00
"3694","海華",69.11,127.30,109.96,66.47,15.25,4.81,75.88,5.81,62.82,6.95,1.76,5.89,17.69,20.23,3.17,2.02,13.98,57.06,13.29
"3701","大眾控",52.34,791.84,201.17,133.63,141.00,4.32,84.49,3.73,97.85,11.23,1.02,0.33,-0.35,-0.67,-0.17,-0.21,10.14,72.36,4.24
"3702","大聯大",71.79,630.50,135.02,94.30,6.85,5.40,67.59,9.22,39.58,56.24,2.63,4.08,12.60,52.62,1.33,4.77,12.15,51.48,15.05
"3703","欣陸",59.91,1568.63,145.25,49.35,5.55,8.07,45.22,0.67,544.77,9.36,0.33,2.76,6.21,20.90,7.53,1.87,0.00,15.58,-2.50
"3704","合勤控",57.60,521.71,155.07,103.99,51.44,4.21,86.69,3.93,92.87,13.77,1.27,4.84,10.69,26.27,3.73,1.91,14.62,120.96,14.43
"3705","永信",47.86,186.25,149.93,79.47,2349.45,4.46,81.83,1.65,221.21,1.80,0.65,6.55,12.02,38.45,9.66,2.97,28.51,66.93,4.38
"3706","神達",25.20,575.90,175.54,99.44,65.11,6.87,53.12,3.75,97.33,5.28,0.73,5.14,6.92,24.69,6.92,2.45,21.32,47.39,3.17
"3708","上緯投控",47.50,373.55,174.65,152.03,15.17,2.07,176.32,9.99,36.53,5.87,0.90,7.14,12.15,101.47,7.38,6.82,8.47,75.96,1.01
"3711","日月光投控",59.83,176.32,130.32,92.67,11.40,5.59,65.29,9.66,37.78,2.05,0.84,5.62,13.05,82.12,6.14,6.31,43.67,102.53,8.39
"3712","永崴投控",64.15,343.52,127.51,115.48,3.71,5.48,66.60,5.86,62.28,1.62,0.34,1.20,2.39,11.84,2.55,0.34,11.97,53.83,7.85
"4104","佳醫",31.59,1868.60,211.49,186.42,78.02,4.43,82.39,6.30,57.93,12.19,0.48,4.88,7.34,58.75,10.02,4.06,21.62,68.50,2.98
"4106","雃博",30.86,297.59,197.95,134.90,14.45,6.29,58.02,2.75,132.72,2.78,0.66,3.69,5.06,12.37,5.22,1.04,39.35,142.01,8.87
"4108","懷特",5.94,696.06,1244.29,1000.27,-47343.75,9.72,37.55,0.30,1216.66,0.27,0.05,-6.42,-6.87,-7.11,-129.24,-0.54,-190.97,-401.44,-7.95
"4119","旭富",27.30,229.82,170.98,134.10,10587.40,7.79,46.85,3.12,116.98,1.59,0.62,8.33,10.60,57.27,13.39,4.53,86.57,128.32,16.55
"4133","亞諾法",6.45,414.50,1037.69,414.09,179.36,5.96,61.24,0.25,1460.00,1.50,0.36,2.87,3.04,8.10,8.00,0.60,141.20,124.56,8.18
"4137","麗豐-KY",50.82,446.47,209.97,190.95,2766.38,1226.11,0.29,1.35,270.37,2.95,0.47,11.63,21.83,175.35,23.66,12.09,53.98,137.92,8.53
"4142","國光生",21.77,340.10,960.51,872.53,49.36,6.08,60.03,2.12,172.16,0.80,0.25,16.15,22.90,27.88,64.05,3.03,441.89,336.15,23.06
"4148","全宇生技-KY",9.61,456.30,825.24,643.74,3470.97,3.12,116.98,4.15,87.95,3.60,0.63,3.26,4.08,23.37,5.00,1.28,-57.31,106.28,-8.21
"4155","訊映",31.40,314.17,195.22,133.63,1968.00,5.21,70.05,3.24,112.65,2.60,0.62,5.38,7.98,15.97,8.17,1.56,22.60,114.01,5.47
"4164","承業醫",48.02,194.92,330.86,259.92,596.57,2.38,153.36,2.22,164.41,0.51,0.22,3.85,6.41,29.55,14.20,2.53,86.91,103.85,5.27
"4190","佐登-KY",70.52,155.76,53.74,43.78,7.96,16.12,22.64,1.94,188.14,1.32,0.40,4.44,12.59,61.91,9.44,4.41,25.70,86.18,18.08
"4306","炎洲",66.53,142.89,109.40,50.80,3.22,4.74,77.00,1.60,228.12,1.21,0.44,3.22,7.97,16.54,5.58,1.51,12.97,104.20,7.25
"4414","如興",50.58,300.26,113.72,65.35,66.38,4.82,75.72,3.47,105.18,4.58,0.76,0.62,-1.01,-1.25,-0.66,-0.16,6.37,98.78,4.46
"4426","利勤",37.22,153.72,265.53,228.26,-7.93,4.88,74.79,4.95,73.73,0.41,0.24,-1.93,-3.37,-8.95,-8.93,-0.63,66.95,118.58,4.06
"4438","廣越",36.65,369.90,312.49,194.26,13.91,11.73,31.11,3.39,107.66,4.79,0.99,4.90,7.00,66.40,4.58,5.20,66.06,49.83,9.03
"4439","冠星-KY",39.89,313.88,196.66,143.95,74.31,6.35,57.48,5.14,71.01,6.30,1.34,10.48,17.50,170.65,7.72,13.25,53.78,129.57,19.00
"4440","宜新實業",50.58,131.83,316.59,218.53,12.51,5.69,64.14,4.65,78.49,0.90,0.62,7.07,13.71,34.34,10.46,2.85,137.96,46.24,10.80
"4526","東台",65.89,226.68,129.32,66.34,0.00,2.19,166.66,1.26,289.68,2.33,0.47,-1.88,-6.93,-20.14,-5.10,-1.36,11.42,45.78,8.88
"4532","瑞智",65.06,216.65,149.59,127.16,7.64,2.33,156.65,7.13,51.19,2.66,0.69,3.00,7.33,19.57,3.74,1.41,31.70,96.53,18.22
"4536","拓凱",45.15,249.89,195.98,157.44,29.45,4.77,76.51,3.27,111.62,2.86,0.72,7.05,12.32,132.43,9.39,7.48,32.99,124.44,9.65
"4540","全球傳動",49.99,249.62,321.09,207.46,5.03,2.71,134.68,1.78,205.05,1.31,0.47,2.01,2.97,13.85,3.34,0.96,19.62,50.72,3.51
"4545","銘鈺",45.67,200.87,203.38,160.66,5.04,4.08,89.46,4.73,77.16,1.76,0.63,1.42,1.76,6.94,1.56,0.39,1.77,33.83,0.55
"4551","智伸科",50.04,147.98,128.87,101.32,22.74,2.88,126.73,4.11,88.80,1.60,0.60,6.74,14.61,92.76,10.77,7.19,27.27,69.33,14.02
"4552","力達-KY",23.94,209.67,335.13,306.30,55.06,4.15,87.95,11.46,31.84,1.92,64.29,5.98,5.02,34.56,5.88,2.22,36.84,83.24,4.02
"4555","氣立",43.07,173.25,201.93,124.57,9.36,3.85,94.80,1.32,276.51,0.80,0.37,3.71,5.46,26.42,9.00,2.04,20.20,66.40,3.58
"4557","永新-KY",33.24,271.11,217.16,181.48,51.30,2.36,154.66,3.42,106.72,2.65,0.67,6.41,9.06,42.77,9.33,3.61,24.80,98.41,2.22
"4560","強信-KY",40.58,324.23,188.66,142.30,9.60,1.91,191.09,2.23,163.67,2.46,0.50,3.41,4.68,15.36,6.06,1.12,26.76,130.03,-0.40
"4562","穎漢",65.14,212.92,147.95,75.30,-6.43,1.43,255.24,0.57,640.35,0.88,0.23,-4.69,-14.78,-22.66,-23.17,-2.23,20.57,-7.19,13.77
"4564","元翎",44.34,139.66,180.59,155.66,9.26,4.82,75.72,5.46,66.84,0.41,0.26,4.19,6.74,20.87,14.45,1.65,100.87,148.71,5.03
"4566","時碩工業",58.04,294.30,213.34,161.26,829.87,3.44,106.10,3.35,108.95,3.18,0.69,2.24,4.57,17.27,2.84,1.49,18.76,69.44,5.11
"4569","六方科-KY",9.37,180.46,860.78,684.41,17338.50,3.07,118.89,3.21,113.70,0.99,0.54,5.91,7.38,50.44,10.85,4.98,252.33,"NA",8.35
"4571","鈞興-KY",31.73,307.75,246.99,189.02,28596.05,3.15,115.87,3.46,105.49,3.37,0.85,11.82,16.51,71.59,67.00,6.00,41.33,86.08,7.09
"4572","駐龍",12.16,506.56,1847.61,1422.04,30.31,2.44,149.59,0.72,506.94,0.84,0.15,1.53,1.70,11.96,9.36,0.92,139.82,96.43,-2.55
"4576","大銀微系統",34.70,135.85,206.16,101.32,17.68,5.88,62.07,1.48,246.62,0.73,0.45,2.98,4.41,14.79,6.26,1.14,37.25,33.62,6.16
"4581","光隆精密-KY",34.27,340.49,173.16,117.52,44.69,5.62,64.94,2.65,137.73,2.95,0.70,5.66,8.47,25.61,7.94,2.06,35.94,120.67,3.45
"4583","台灣精銳",22.60,227.95,583.10,382.63,60.54,8.97,40.69,0.79,462.02,0.78,0.32,7.93,9.64,119.66,24.25,9.60,141.22,169.92,5.48
"4588","玖鼎電力",22.46,924.01,395.79,241.04,3.00,2.13,171.36,1.14,320.17,5.07,0.46,0.45,0.29,0.68,0.48,0.02,78.02,"NA",57.33
"4720","德淵",58.14,180.65,161.60,109.19,1016.46,5.08,71.85,4.93,74.03,3.08,1.06,3.83,6.25,15.94,3.22,0.78,9.38,26.91,3.01
"4722","國精化",22.70,290.88,314.96,201.49,180.23,3.77,96.81,4.08,89.46,4.19,1.16,8.61,11.15,33.95,7.36,2.83,69.40,117.62,8.42
"4736","泰博",27.79,276.84,288.36,194.44,203.02,5.25,69.52,1.92,190.10,2.40,0.69,18.65,28.34,215.35,26.72,17.08,96.76,64.87,11.70
"4737","華廣",53.82,123.58,117.42,71.20,2.44,2.67,136.70,1.87,195.18,0.63,0.37,1.81,3.08,5.03,3.80,1.06,17.53,79.02,2.24
"4739","康普",44.99,128.54,141.57,66.78,1182.00,9.15,39.89,3.58,101.95,1.35,0.75,2.55,4.13,22.19,3.13,1.73,16.27,41.96,3.11
"4746","台耀",48.61,125.98,103.56,52.76,13.66,3.69,98.91,1.21,301.65,0.55,0.31,3.58,6.76,33.34,10.70,3.78,15.63,45.74,4.92
"4755","三福化",29.56,229.31,202.07,165.34,73.47,3.66,99.72,6.98,52.29,2.37,0.79,8.43,11.50,49.87,10.46,4.36,65.25,96.76,9.73
"4763","材料-KY",48.27,244.10,208.79,177.80,2237.86,4.28,85.28,6.76,53.99,2.73,0.83,18.67,34.19,108.24,21.65,10.07,32.16,53.39,2.12
"4764","雙鍵",50.90,206.66,165.26,138.65,16.72,3.77,96.81,4.95,73.73,2.09,0.62,1.69,2.72,14.58,2.36,0.81,8.51,75.21,1.18
"4766","南寶",42.13,315.91,221.27,174.63,28.28,3.98,91.70,5.06,72.13,3.61,0.82,6.93,11.65,133.21,8.15,10.12,37.72,86.51,7.91
"4770","上品",39.63,290.43,229.03,170.63,96.95,2.83,128.97,1.62,225.30,2.99,0.60,12.04,19.39,91.69,20.01,7.65,48.57,88.35,12.38
"4807","日成-KY",43.84,425.28,287.29,223.72,16.09,2.92,125.00,4.26,85.68,5.23,0.91,5.44,9.16,32.38,5.53,2.31,59.74,72.57,16.54
"4904","遠傳",60.65,396.15,113.92,96.07,15.68,8.97,40.69,7.76,47.03,2.14,0.52,5.85,12.16,31.28,10.62,2.56,117.96,75.33,6.44
"4906","正文",49.70,289.09,140.14,92.02,11776.04,3.94,92.63,5.14,71.01,6.44,1.19,8.59,15.58,43.99,7.06,3.86,-10.03,40.41,-8.35
"4912","聯德控股-KY",59.44,233.16,153.23,128.65,17.60,2.52,144.84,5.68,64.26,4.34,0.86,7.70,19.94,127.20,8.31,9.57,30.12,68.29,18.51
"4915","致伸",67.23,296.03,125.66,83.14,15.02,4.10,89.02,5.80,62.93,9.81,1.36,4.15,12.96,54.97,2.85,4.30,14.18,84.43,11.53
"4916","事欣科",60.21,1047.60,138.98,74.51,-3.73,2.94,124.14,1.64,222.56,3.46,0.60,-2.61,-7.16,-19.83,-5.35,-1.78,19.62,46.39,4.13
"4919","新唐",64.35,317.27,158.96,102.66,1158.58,7.69,47.46,3.02,120.86,5.65,0.95,2.70,5.63,19.14,2.57,1.81,12.08,106.83,0.98
"4927","泰鼎-KY",49.82,133.36,132.05,89.58,33.02,3.59,101.67,4.35,83.90,1.74,0.87,9.12,15.94,65.21,10.17,6.31,37.48,86.74,9.07
"4930","燦星網",59.38,1255.96,221.12,196.41,7.37,5.90,61.86,7.33,49.79,10.48,0.67,5.15,10.67,62.10,6.46,2.23,5.59,44.89,1.01
"4934","太極",54.90,132.13,91.99,75.54,0.41,13.75,26.54,13.14,27.77,1.21,0.54,0.44,-0.30,-0.85,-0.24,0.01,31.16,104.79,8.13
"4935","茂林-KY",41.76,236.28,187.23,162.66,64.51,4.96,73.58,9.98,36.57,3.28,1.01,12.33,20.19,113.59,12.09,10.35,46.55,100.11,16.59
"4938","和碩",70.92,281.19,131.01,91.57,17.71,6.47,56.41,9.48,38.50,16.78,2.04,3.79,11.43,110.56,1.60,7.73,-6.61,58.34,-12.41
"4942","嘉彰",26.89,506.00,318.62,300.61,239.85,2.37,154.00,14.03,26.01,4.76,0.70,6.78,9.26,66.49,9.31,4.76,33.67,184.30,5.38
"4943","康控-KY",46.55,164.44,158.94,134.35,-27.07,1.05,347.61,4.54,80.39,1.05,0.43,-0.91,-3.52,-9.49,-4.31,-0.93,29.91,44.67,8.73
"4952","凌通",26.52,450.05,336.02,271.21,90.64,5.26,69.39,5.21,70.05,5.72,1.04,10.21,13.67,30.28,9.73,2.59,48.33,96.11,4.07
"4956","光鋐",30.18,180.15,353.74,221.05,4.53,1.90,192.10,3.28,111.28,1.03,0.49,0.77,0.89,1.82,1.24,0.16,13.22,42.83,1.18
"4958","臻鼎-KY",42.56,172.63,156.58,128.55,30.77,4.30,84.88,9.01,40.51,2.29,0.82,7.41,11.84,145.65,8.77,8.90,26.72,69.52,8.00
"4960","誠美材",33.97,248.45,135.98,76.03,-33.95,3.77,96.81,3.23,113.00,2.26,0.66,-0.26,-0.95,-1.36,-4.05,-0.13,-7.88,-24.42,-1.78
"4961","天鈺",32.29,1649.27,300.59,248.80,11651.66,5.49,66.48,5.42,67.34,37.68,1.43,9.71,15.94,50.20,6.73,4.07,101.02,160.00,41.74
"4967","十銓",60.19,1260.81,279.03,70.95,11.55,15.00,24.33,3.73,97.85,44.34,2.41,5.00,11.11,24.20,1.88,2.06,0.00,28.77,0.00
"4968","立積",40.31,1713.23,235.44,146.19,996.21,5.31,68.73,3.67,99.45,44.98,1.77,28.69,48.75,160.95,16.19,13.82,19.61,57.87,7.23
"4976","佳凌",31.37,197.72,262.83,181.60,-15.70,3.95,92.40,3.97,91.93,1.45,0.59,-2.31,-3.47,-5.22,-4.14,-0.50,-7.18,100.09,-0.80
"4977","眾達-KY",18.80,432.24,418.23,304.50,118.94,10.74,33.98,4.04,90.34,5.09,1.07,17.37,22.40,81.11,16.13,8.02,10.53,58.22,-5.65
"4989","榮科",17.91,492.48,586.01,461.98,16.93,3.76,97.07,6.98,52.29,6.34,1.11,1.44,1.65,2.80,1.22,0.22,53.46,107.48,1.40
"4994","傳奇",30.66,44833.42,422.56,421.02,9003.15,13.84,26.37,"NA","NA",518.31,1.36,18.35,26.74,49.93,13.33,3.91,59.10,276.16,17.12
"4999","鑫禾",19.89,321.49,383.78,317.09,8136.45,2.47,147.77,4.84,75.41,2.75,0.71,10.18,12.31,73.25,14.31,5.66,29.58,81.55,1.31
"5007","三星",16.10,209.92,524.57,362.56,656.57,4.24,86.08,2.76,132.24,1.64,0.65,7.92,9.49,25.76,12.13,2.04,137.06,122.61,5.22
"5203","訊連",25.65,788.70,317.78,313.63,104900.00,15.84,23.04,25.75,14.17,3.39,0.32,3.55,4.71,30.70,11.48,2.26,-12.43,150.28,-2.79
"5215","科嘉-KY",27.99,559.36,331.67,293.22,45687.84,2.97,122.89,8.66,42.14,7.51,1.14,22.77,30.99,172.48,19.96,13.11,42.42,76.60,5.43
"5222","全訊",25.31,452.97,422.47,229.13,5437.78,6.95,52.51,1.10,331.81,3.63,0.68,16.26,22.89,47.75,23.24,4.42,97.97,75.08,5.83
"5225","東科-KY",81.54,154.75,100.41,66.85,-22.78,4.85,75.25,8.60,42.44,8.49,1.53,-11.15,-44.29,-110.82,-7.56,-11.09,-9.54,88.58,-16.65
"5234","達興材料",33.31,239.52,251.68,223.09,172.25,3.32,109.93,9.63,37.90,3.17,1.01,15.06,22.21,70.24,14.69,6.15,91.36,118.38,11.13
"5243","乙盛-KY",39.40,260.13,185.53,149.10,89.04,4.77,76.51,8.37,43.60,4.45,1.06,4.98,7.82,36.32,4.66,2.74,12.53,173.68,1.91
"5244","弘凱",25.92,547.96,341.26,318.29,284.29,3.10,117.74,7.15,51.04,4.12,0.67,15.10,20.18,41.79,22.44,3.43,59.35,207.44,7.34
"5258","虹堡",58.07,531.34,162.22,87.02,16.24,2.76,132.24,1.85,197.29,10.26,1.04,6.25,14.55,30.71,5.56,2.20,-17.46,-51.03,-17.14
"5269","祥碩",10.13,5624.72,298.37,210.33,3.53,14.37,25.40,4.55,80.21,29.18,0.73,30.60,35.10,483.21,41.90,44.16,150.28,137.29,41.80
"5283","禾聯碩",30.85,260.23,227.87,149.94,1261.24,6.70,54.47,2.62,139.31,4.03,1.09,16.97,24.63,150.28,15.58,12.73,88.73,129.96,22.01
"5284","jpp-KY",43.06,152.28,143.49,105.19,7.18,3.27,111.62,3.07,118.89,0.82,0.38,3.57,6.35,29.42,9.31,2.65,45.86,65.10,8.19
"5285","界霖",56.34,269.02,241.12,156.00,7.05,4.28,85.28,3.24,112.65,2.93,0.83,2.89,5.39,17.63,2.97,1.37,30.97,42.25,4.55
"5288","豐祥-KY",41.84,244.88,153.86,124.00,43.06,5.87,62.18,5.76,63.36,3.76,0.93,11.32,18.01,109.17,11.87,8.40,31.78,90.49,8.07
"5292","華懋",55.35,225.71,139.92,118.81,339.63,5.35,68.22,0.34,1073.52,4.54,0.86,9.03,21.48,58.50,10.41,4.33,30.11,138.82,23.64
"5306","桂盟",39.94,281.35,253.04,191.38,7144.90,4.98,73.29,3.62,100.82,1.98,0.59,14.91,25.93,157.10,24.71,12.02,105.48,88.18,18.27
"5388","中磊",74.75,283.05,129.74,81.21,1678.00,6.26,58.30,4.17,87.52,10.08,1.27,3.37,11.70,44.05,2.50,3.66,6.17,70.35,2.89
"5434","崇越",50.64,366.57,152.87,118.61,95.20,5.72,63.81,8.57,42.59,9.15,1.51,10.16,20.53,140.86,6.64,11.38,21.25,88.70,6.75
"5469","瀚宇博",47.75,452.45,168.79,124.98,22.59,3.00,121.66,3.84,95.05,3.90,0.63,5.91,10.92,109.49,8.96,6.15,27.55,147.16,7.39
"5471","松翰",23.46,541.69,348.21,256.99,0.00,9.96,36.64,3.64,100.27,7.12,1.23,23.50,29.69,73.76,19.10,6.11,113.01,94.34,19.68
"5484","慧友",26.10,420.94,195.91,136.85,-49.73,7.17,50.90,2.69,135.68,2.33,0.42,-6.35,-8.33,-5.94,-15.49,-0.71,-46.16,-346.81,-17.76
"5515","建國",51.46,16371.37,232.07,217.57,33.50,4.66,78.32,"NA","NA",84.74,0.77,3.53,6.88,14.91,4.47,1.16,35.53,172.63,21.26
"5519","隆大",53.00,15934.72,550.95,54.00,1019.51,24.05,15.17,0.09,4055.55,68.51,0.38,5.58,10.56,24.55,13.29,2.07,16.47,0.30,-0.55
"5521","工信",33.04,1309.84,290.53,269.80,27.62,28.71,12.71,11.17,32.67,14.80,0.86,11.65,19.94,23.80,14.07,2.26,144.80,135.99,61.37
"5522","遠雄",54.48,78381.32,169.32,21.17,20.10,26.21,13.92,0.33,1106.06,849.42,0.30,4.53,9.21,62.91,14.30,4.86,5.06,94.26,-0.08
"5525","順天",72.00,1611.08,120.75,2.22,269.00,4.95,73.73,0.08,4562.50,3.10,0.07,0.51,0.96,1.85,4.41,0.17,0.00,18.74,0.00
"5531","鄉林",60.90,257.86,160.69,24.48,1.24,18.28,19.96,0.26,1403.84,0.75,0.18,1.86,0.86,1.54,1.82,0.17,18.30,544.73,9.42
"5533","皇鼎",46.80,203.44,209.58,16.32,755.72,70.39,5.18,0.36,1013.88,0.79,0.26,1.90,3.28,9.56,6.33,0.85,24.08,85.29,9.06
"5534","長虹",45.92,22186.26,214.26,28.18,28.21,25.66,14.22,0.23,1586.95,110.06,0.29,6.75,14.51,96.01,28.48,9.02,-10.40,42.56,-1.12
"5538","東明-KY",52.83,518.68,224.30,129.78,6.91,4.84,75.41,2.77,131.76,8.92,1.13,7.16,12.29,35.15,5.40,2.94,0.15,41.52,-4.02
"5546","永固-KY",53.32,1044.27,231.20,225.59,30.63,1.05,347.61,87.73,4.16,11.45,0.87,12.30,27.78,114.89,13.62,-10.05,-14.04,25.00,14.06
"5607","遠雄港",53.65,733.56,182.30,181.23,6.87,8.02,45.51,"NA","NA",1.03,0.13,4.71,8.70,25.93,30.83,2.01,78.15,53.93,18.25
"5608","四維航",83.86,90.87,35.44,28.50,-1.51,63.61,5.73,16.31,22.37,0.13,0.12,-2.99,-24.30,-35.90,-37.71,-3.27,9.00,210.10,1.05
"5706","鳳凰",51.94,169.93,145.70,140.29,3.60,9.99,36.53,"NA","NA",0.66,0.20,0.77,1.18,2.48,2.75,0.15,-10.49,55.16,-8.28
"5871","中租-KY",83.15,493.28,116.46,114.22,3.74,"NA","NA","NA","NA",1.51,0.11,4.86,20.17,161.07,29.49,12.20,3.05,52.90,4.29
"5876","上海商銀",90.30,"NA","NA","NA","NA","NA","NA","NA","NA",1.81,0.02,0.85,8.70,48.09,47.09,3.01,"NA","NA","NA"
"5880","合庫金",94.27,"NA","NA","NA","NA","NA","NA","NA","NA","NA","NA",0.43,7.38,14.87,33.10,1.24,"NA","NA","NA"
"5906","台南-KY",65.18,1084.54,124.42,75.33,10.34,6.57,55.55,2.49,146.58,35.52,1.43,6.52,20.57,37.95,3.95,2.35,39.22,154.36,88.50
"5907","大洋-KY",65.03,246.45,75.03,66.48,0.68,27.98,13.04,5.21,70.05,0.67,0.19,1.18,-1.40,-9.28,-2.55,-0.62,4.26,87.44,-0.67
"6005","群益證",70.33,1586.24,119.47,119.43,"NA","NA","NA","NA","NA","NA","NA",3.30,10.22,18.19,48.45,1.64,3.18,132.40,2.28
"6024","群益期",86.00,12606.00,113.00,113.00,"NA","NA","NA","NA","NA","NA","NA",1.45,10.94,37.28,29.17,3.07,1.77,126.63,4.46
"6108","競國",64.44,151.56,118.79,101.43,-0.01,3.24,112.65,8.10,45.06,2.98,0.86,-0.04,-2.30,-5.11,-1.00,-0.52,0.50,126.56,-2.29
"6112","邁達特",44.19,523.88,207.85,114.71,75.00,6.60,55.30,4.03,90.57,13.85,1.68,7.29,12.58,38.76,4.26,2.91,19.22,49.27,0.79
"6115","鎰勝",42.55,526.37,204.02,181.01,41.48,3.08,118.50,8.85,41.24,6.89,0.76,6.09,10.01,41.27,7.79,2.58,47.27,103.85,15.22
"6116","彩晶",14.41,332.86,346.72,326.13,7949.26,12.37,29.50,13.11,27.84,1.29,0.39,7.75,8.97,12.78,19.61,1.25,73.20,102.98,4.41
"6117","迎廣",62.28,128.23,107.77,68.33,-4.63,5.28,69.12,3.24,112.65,2.11,0.76,-2.70,-7.60,-10.01,-4.14,-0.86,8.57,21.16,18.53
"6120","達運",49.71,191.34,217.49,186.67,-35.79,4.44,82.20,10.12,36.06,1.85,0.72,-6.11,-11.83,-21.15,-8.68,-1.86,-5.34,60.71,-1.10
"6128","上福",51.47,261.70,89.95,58.39,6.26,5.08,71.85,2.97,122.89,2.95,0.62,2.64,4.48,15.43,3.50,1.16,15.49,41.13,3.82
"6133","金橋",34.60,264.26,142.28,115.34,-1.26,3.47,105.18,4.36,83.71,2.32,0.48,0.27,0.14,-0.37,0.20,0.02,-8.21,35.39,-4.21
"6136","富爾特",4.58,1872.61,827.20,762.31,63547.54,3.92,93.11,9.05,40.33,4.54,0.24,2.04,2.14,4.61,8.62,0.48,116.74,64.91,-1.09
"6139","亞翔",60.24,1774.13,161.94,81.95,4.40,3.35,108.95,0.15,2433.33,15.46,0.49,0.97,1.84,12.08,1.51,1.52,0.14,1.62,-2.88
"6141","柏承",47.93,142.75,129.60,114.01,19.83,2.69,135.68,8.61,42.39,1.71,0.73,8.09,14.80,30.70,10.58,2.67,16.94,102.59,5.76
"6142","友勁",57.87,173.37,160.93,112.44,-25.36,3.77,96.81,4.68,77.99,1.87,0.70,-8.95,-20.36,-18.94,-13.22,-1.89,-29.75,-40.71,-11.72
"6152","百一",59.55,278.67,137.78,101.31,2.91,2.82,129.43,4.85,75.25,5.37,0.86,0.96,1.74,1.45,0.79,0.13,-13.04,250.07,-10.15
"6153","嘉聯益",51.22,126.76,130.25,110.51,5.21,2.94,124.14,8.09,45.11,1.06,0.51,2.42,4.27,10.57,4.10,1.18,29.63,38.26,9.97
"6155","鈞寶",44.52,498.43,166.03,151.33,774.00,2.78,131.29,2.48,147.17,1.99,0.26,1.65,2.39,4.62,5.62,0.39,6.89,99.93,-0.76
"6164","華興",34.66,219.78,188.74,157.64,-10.12,2.63,138.78,2.59,140.92,1.32,0.43,-0.77,-1.49,-4.10,-2.19,-0.17,28.74,144.12,8.93
"6165","浪凡",54.92,4357.16,128.30,107.94,22.82,13.88,26.29,883.67,0.41,69.44,1.04,7.82,12.97,13.39,7.23,1.13,-6.26,8873.00,-16.89
"6166","凌華",48.34,411.59,164.89,113.17,22.31,4.72,77.33,3.04,120.06,8.59,1.12,2.97,5.25,16.13,2.51,1.12,17.39,85.21,5.50
"6168","宏齊",25.57,529.04,272.60,231.32,48.16,4.25,85.88,5.03,72.56,4.03,0.66,3.84,5.05,8.94,5.73,0.70,45.77,112.65,7.61
"6176","瑞儀",47.43,1168.11,187.00,142.72,3094.55,4.39,83.14,14.05,25.97,19.60,1.05,10.16,18.41,149.36,9.32,11.24,18.79,184.99,2.50
"6177","達麗",82.41,2599.16,134.68,5.83,246.11,29.17,12.51,0.07,5214.28,5.16,0.08,0.88,2.96,4.37,7.11,0.50,-30.94,-69.83,-66.48
"6183","關貿",29.71,330.13,222.00,215.51,524.62,3.71,98.38,3.36,108.63,2.67,0.63,11.14,15.23,28.00,17.75,2.25,84.50,117.37,12.94
"6184","大豐電",43.15,295.24,226.26,218.40,18.64,12.86,28.38,35.26,10.35,0.90,0.26,6.84,11.84,40.02,25.00,3.38,106.04,172.21,15.36
"6189","豐藝",64.60,1475.72,174.68,137.04,11.04,5.47,66.72,9.75,37.43,68.14,2.22,6.02,14.57,41.74,2.26,2.99,5.69,30.91,4.21
"6191","精成科",50.34,349.16,157.59,110.39,26.86,3.08,118.50,3.71,98.38,3.62,0.73,5.59,10.88,45.63,7.30,3.42,24.05,92.41,9.19
"6192","巨路",34.94,474.95,260.20,185.18,894.36,4.49,81.29,2.19,166.66,5.40,0.75,9.41,14.82,88.13,12.54,6.96,29.98,155.80,6.41
"6196","帆宣",68.58,410.58,143.84,113.06,18.08,4.85,75.25,3.86,94.55,11.33,1.26,4.66,14.35,61.41,3.49,4.88,12.99,58.24,9.84
"6197","佳必琪",35.26,738.11,254.61,216.56,50.69,3.55,102.81,4.22,86.49,8.89,0.79,6.10,8.73,27.12,7.55,2.13,50.00,180.34,4.82
"6201","亞弘電",31.72,475.56,293.34,191.92,3152.38,5.44,67.09,3.09,118.12,6.29,1.02,8.68,12.12,41.33,8.50,3.35,9.92,31.33,-3.39
"6202","盛群",28.00,1011.00,359.00,311.00,938.00,6.11,59.73,4.74,77.00,12.56,0.91,18.00,24.00,56.00,18.00,4.56,90.00,102.00,4.00
"6205","詮欣",32.46,545.24,424.15,377.87,95.56,3.82,95.54,5.70,64.03,3.41,0.54,5.79,7.92,24.85,10.64,2.01,50.88,105.36,5.65
"6206","飛捷",17.58,427.27,466.96,381.28,335.98,6.16,59.25,4.23,86.28,3.99,0.79,10.57,12.85,51.72,13.49,4.12,122.09,123.86,7.60
"6209","今國光",34.82,197.04,179.93,124.23,-23.16,3.91,93.35,4.35,83.90,1.79,0.66,-4.67,-6.98,-13.11,-7.28,-1.33,3.95,83.50,0.76
"6213","聯茂",47.85,320.50,186.44,153.14,45.27,2.37,154.00,6.59,55.38,4.42,1.03,11.09,23.89,101.95,10.49,8.19,10.49,56.18,-3.21
"6214","精誠",38.04,675.96,199.24,143.10,59.09,6.27,58.21,5.25,69.52,11.78,1.09,7.80,12.35,68.72,7.06,6.72,14.09,56.69,-0.94
"6215","和椿",43.34,521.36,218.47,163.32,18.49,3.41,107.03,2.71,134.68,6.13,0.78,4.07,6.83,13.09,4.93,0.96,36.39,95.70,14.62
"6216","居易",9.77,706.23,894.79,838.59,"*****",6.13,59.54,3.89,93.83,3.87,0.49,6.43,7.18,14.51,12.92,1.27,94.37,83.35,-0.58
"6224","聚鼎",34.77,236.24,242.32,199.27,81.03,3.20,114.06,2.38,153.36,1.63,0.55,12.64,18.16,60.18,22.67,5.01,42.36,96.12,2.60
"6225","天瀚",32.08,2541.03,522.24,360.42,0.00,15.85,23.02,3.95,92.40,31.14,1.12,-32.78,-55.10,-0.53,-29.14,-0.05,0.00,0.00,0.00
"6226","光鼎",51.05,285.50,179.48,92.89,4.11,2.90,125.86,1.00,365.00,1.37,0.31,-2.78,-4.02,-4.69,14.14,-0.38,-1.14,65.67,2.45
"6230","尼得科超眾",49.34,237.04,176.86,141.28,1034.55,3.00,121.66,6.48,56.32,4.25,1.04,9.80,18.47,124.73,8.57,9.06,26.45,88.41,8.92
"6235","華孚",46.69,160.28,121.47,97.35,41.02,2.74,133.21,4.56,80.04,1.33,0.48,16.02,31.66,41.70,32.53,3.85,0.49,5.72,0.32
"6239","力成",46.29,152.85,264.40,234.00,38.20,5.34,68.35,13.81,26.43,1.28,0.71,7.78,14.44,133.41,8.75,8.60,114.45,87.66,8.79
"6243","迅杰",49.55,3680.22,201.73,164.03,-17.00,3.39,107.66,2.40,152.08,59.59,0.73,-6.66,-13.02,-8.18,-9.63,-0.82,13.34,-190.93,10.24
"6257","矽格",49.87,142.70,145.87,136.33,20.06,3.83,95.30,46.33,7.87,0.98,0.46,7.43,13.53,52.79,15.50,4.22,51.34,86.65,9.55
"6269","台郡",40.24,350.54,245.33,209.46,88.87,4.12,88.59,6.77,53.91,3.78,0.77,7.69,12.36,105.07,9.81,8.63,39.23,58.45,9.23
"6271","同欣電",16.62,272.70,209.45,168.47,337.70,6.45,56.58,5.34,68.35,1.49,0.54,7.69,9.24,103.45,14.25,7.88,66.49,95.05,7.51
"6277","宏正",35.00,244.00,226.00,173.00,81.00,6.91,52.82,1.99,183.41,2.29,0.68,21.47,32.72,141.73,31.14,12.55,16.00,51.00,-9.76
"6278","台表科",64.51,204.35,131.11,112.57,55.46,3.20,114.06,10.93,33.39,5.30,1.16,6.27,16.68,98.77,5.28,7.50,17.00,115.94,12.62
"6281","全國電",68.17,1120.80,139.71,65.61,27.51,152.01,2.40,6.42,56.85,48.48,2.46,7.62,23.00,73.61,2.99,5.87,45.93,131.39,22.15
"6282","康舒",60.54,214.10,140.75,115.67,34.95,3.94,92.63,4.88,74.79,3.91,0.84,5.88,13.62,45.01,6.66,2.54,9.17,31.83,3.65
"6283","淳安",33.98,548.80,202.02,178.56,-18.11,3.47,105.18,11.58,31.51,4.03,0.55,-2.68,-3.80,-5.81,-5.10,-0.25,-10.56,-9.25,-3.57
"6285","啟碁",55.76,257.48,157.05,109.35,26.99,4.81,75.88,7.26,50.27,8.89,1.73,4.20,8.90,43.40,2.34,3.76,19.84,87.16,9.34
"6288","聯嘉",52.95,217.97,159.36,106.00,697.69,4.34,84.10,2.65,137.73,2.86,0.74,3.28,5.94,9.50,3.80,0.85,13.63,58.61,4.66
"6405","悅城",12.21,245.04,956.49,945.98,27.63,2.54,143.70,51.31,7.11,0.52,0.19,3.88,4.66,17.83,19.73,1.32,68.95,168.78,2.09
"6409","旭隼",55.22,220.94,139.13,116.28,64.77,5.89,61.96,8.12,44.95,5.94,1.23,20.04,43.00,303.03,16.09,25.31,41.53,98.29,12.43
"6412","群電",62.14,215.82,121.85,75.34,85.35,3.82,95.54,4.54,80.39,9.08,1.49,9.21,24.01,70.01,6.13,5.52,20.11,77.57,12.88
"6414","樺漢",67.26,757.21,136.13,98.46,8.41,4.89,74.64,5.10,71.56,14.53,0.92,3.94,10.80,426.34,3.75,12.13,12.58,70.37,13.83
"6415","矽力*-KY",7.63,1549.26,916.99,743.45,3390.19,14.18,25.74,3.40,107.35,12.00,0.76,17.75,19.94,357.88,23.36,35.72,280.26,92.43,17.59
"6416","瑞祺電通",33.27,4062.31,319.80,144.21,60.86,5.14,71.01,2.12,172.16,63.81,1.21,9.39,13.90,75.46,7.63,5.29,3.11,19.21,-4.65
"6423","億而得-創",11.03,1131.03,927.00,921.00,99.25,14.94,24.43,"NA","NA",5.63,0.44,5.47,6.20,7.46,12.00,0.59,136.16,367.00,13.07
"6426","統新",10.51,266.29,531.69,445.52,7418.19,4.62,79.00,2.94,124.14,1.66,0.45,8.87,10.23,43.46,19.40,3.58,195.27,94.94,11.45
"6438","迅得",54.86,327.52,159.57,114.00,33.62,2.50,146.00,2.92,125.00,4.76,0.81,9.40,19.94,83.88,11.17,6.35,32.34,51.74,29.79
"6442","光聖",41.19,332.07,248.50,169.72,-6.93,3.76,97.07,3.12,116.98,3.81,0.82,-1.13,-2.08,-6.59,-1.58,-0.57,-8.91,93.78,-5.34
"6443","元晶",49.27,147.68,163.82,118.27,-2.67,10.77,33.89,6.42,56.85,0.84,0.54,-2.48,-7.11,-7.30,-6.16,-0.74,-6.81,11.11,-1.46
"6446","藥華藥",29.13,1087.75,381.65,337.11,-234.98,1.71,213.45,0.94,388.29,1.38,0.13,-45.73,-63.10,-73.96,-349.59,-8.04,-133.92,-578.59,-30.73
"6449","鈺邦",46.01,179.95,134.94,104.51,22.15,2.44,149.59,3.63,100.55,1.96,0.62,7.12,12.62,40.86,10.96,3.10,19.08,59.99,8.17
"6451","訊芯-KY",57.51,365.06,167.43,167.22,16.28,4.41,82.76,9.91,36.83,2.21,0.37,5.91,12.08,93.82,14.83,6.88,27.20,105.29,14.90
"6456","GIS-KY",68.68,167.90,119.69,101.11,2196.17,3.80,96.05,10.23,35.67,6.69,1.51,4.65,13.66,115.13,2.94,11.04,17.76,99.89,17.71
"6464","台數科",64.89,934.18,105.35,101.01,7.09,14.32,25.48,35.37,10.31,2.17,0.22,6.22,15.64,105.82,24.66,8.54,80.67,138.98,22.24
"6472","保瑞",64.81,112.76,114.89,63.42,28.10,4.10,89.02,1.60,228.12,0.58,0.35,11.48,28.09,110.02,33.03,10.76,7.78,17.20,1.25
"6477","安集",54.88,712.15,154.03,114.95,7.25,6.93,52.66,3.83,95.30,4.84,0.43,6.19,12.31,28.47,12.63,2.65,34.92,23.24,5.59
"6491","晶碩",28.37,152.05,168.37,142.54,364.53,9.60,38.02,4.20,86.90,1.30,0.68,12.23,16.54,120.69,17.98,10.22,69.55,80.70,14.75
"6504","南六",60.77,145.06,126.73,86.33,5615.00,6.51,56.06,6.01,60.73,2.51,0.92,14.50,39.43,274.46,15.51,20.02,41.37,75.63,12.49
"6505","台塑化",17.93,354.41,745.34,542.23,21.75,9.30,39.24,7.49,48.73,4.12,1.07,1.98,2.28,9.10,1.78,0.78,123.01,125.94,1.14
"6515","穎崴",26.37,366.81,335.80,249.39,558.79,4.22,86.49,4.60,79.34,5.67,1.23,22.53,31.81,216.58,18.25,17.42,146.30,101.65,15.17
"6525","捷敏-KY",25.27,249.85,239.18,224.39,550.47,5.29,68.99,18.41,19.82,2.59,0.76,13.91,18.35,66.64,18.26,5.31,77.16,108.17,7.56
"6531","愛普*",22.10,39059.72,387.09,313.06,33648.16,5.97,61.13,2.36,154.66,310.50,0.99,22.99,31.18,126.68,23.13,11.00,0.00,41.18,0.00
"6533","晶心科",14.79,5422.54,848.30,827.04,19.95,4.13,88.37,0.53,688.67,24.02,0.42,2.64,2.97,9.07,6.05,0.82,95.66,25.39,10.59
"6534","正瀚-創",48.60,115.50,98.32,86.16,660.29,20.64,17.68,2.59,140.92,0.33,0.25,4.17,6.77,15.09,14.26,1.19,51.81,56.93,6.01
"6541","泰福-KY",40.07,723.36,641.04,586.39,"NA","NA","NA","NA","NA","NA","NA",-52.97,-74.47,-67.53,"NA",-7.84,"NA","NA","NA"
"6550","北極星藥業-KY",14.30,233.27,675.83,669.62,-12707.45,4.06,89.90,"NA","NA",0.01,0.00,-17.54,-20.34,-10.11,-7016.20,-1.01,-210.72,-766.41,-19.57
"6552","易華電",46.75,136.86,173.13,146.46,12.49,6.92,52.74,8.79,41.52,1.23,0.65,4.00,6.55,22.79,5.60,1.57,68.67,72.43,6.36
"6558","興能高",45.65,234.60,251.68,202.64,9.88,3.42,106.72,4.81,75.88,2.38,0.71,2.76,4.47,8.99,3.48,0.72,1.75,55.07,0.00
"6573","虹揚-KY",54.96,148.31,108.54,78.26,-4.59,2.37,154.00,4.08,89.46,1.39,0.52,-6.58,-17.34,-25.89,-14.70,-2.54,-0.10,40.21,-0.05
"6579","研揚",12.58,1503.62,440.32,358.26,171.46,7.95,45.91,3.92,93.11,10.17,0.61,4.85,5.56,40.59,7.87,3.58,65.77,128.98,2.75
"6581","鋼聯",29.46,136.73,286.36,266.71,6320.83,11.57,31.54,8.70,41.95,0.52,0.34,8.65,11.65,47.06,25.12,3.66,117.16,76.86,5.48
"6582","申豐",18.79,276.41,329.38,295.31,3628.60,19.07,19.14,7.68,47.52,2.97,1.04,35.27,42.34,207.83,33.75,16.85,232.53,150.41,35.07
"6585","鼎基",49.26,146.83,252.06,192.83,561.41,6.77,53.91,2.62,139.31,0.89,0.46,1.76,2.78,12.37,3.14,1.02,91.08,110.75,7.79
"6591","動力-KY",42.36,244.54,268.06,214.07,30.16,2.81,129.89,4.48,81.47,3.04,0.76,8.27,13.68,81.69,10.38,5.66,3.16,30.19,-1.18
"6592","和潤企業",85.12,520.02,111.18,106.49,3.59,"NA","NA","NA","NA",3.31,0.10,2.65,12.13,70.57,19.04,5.01,-12.88,0.00,-72.94
"6598","ABC-KY",11.43,989.09,1312.40,1176.61,-23.00,8.13,44.89,1.12,325.89,3.57,0.31,-10.29,-12.80,-12.67,-34.61,-1.33,-188.61,-595.00,-12.83
"6605","帝寶",54.83,140.56,98.61,50.61,3.57,4.85,75.25,1.92,190.10,0.96,0.45,2.52,4.07,46.67,3.87,3.56,39.62,229.29,13.31
"6625","必應",41.34,295.57,187.14,180.47,-42.70,3.16,115.50,"NA","NA",3.28,0.71,-11.55,-21.15,-28.80,-16.58,-3.30,19.78,139.07,9.25
"6641","基士德-KY",35.97,794.13,252.55,229.39,312.84,4.29,85.08,8.20,44.51,11.10,0.95,11.14,17.02,85.57,11.67,6.52,69.58,224.25,19.36
"6645","金萬林-創",24.16,290.85,296.59,194.94,-12.17,3.24,112.65,2.73,133.69,1.78,0.55,-4.43,-8.01,-11.03,-8.69,-0.69,-25.20,-42.55,-4.65
"6655","科定",56.90,153.69,341.32,123.37,884.44,15.01,24.31,0.83,439.75,0.64,0.37,5.94,12.27,45.18,14.12,4.08,141.75,31.79,14.27
"6657","華安",4.61,1053.24,2433.12,2394.02,"NA",7.52,48.53,2.75,132.72,0.11,0.01,-17.00,-17.74,-21.81,-1828.54,-2.19,"NA","NA","NA"
"6666","羅麗芬-KY",20.97,440.49,423.15,382.28,78.52,67.73,5.38,3.47,105.18,2.65,0.40,4.92,5.95,23.69,12.30,2.20,5.13,82.78,-17.15
"6668","中揚光",43.87,189.88,274.90,211.01,11.50,2.26,161.50,2.51,145.41,1.10,0.47,3.83,6.38,26.66,7.28,1.85,38.41,29.70,5.59
"6669","緯穎",55.20,3144.05,212.77,132.39,36.78,16.81,21.71,9.21,39.63,223.87,3.63,17.21,38.49,622.70,4.61,49.25,56.82,40.50,33.52
"6670","復盛應用",51.70,197.39,128.16,84.20,65.17,4.14,88.16,4.24,86.08,4.42,1.08,9.36,17.79,112.54,8.52,8.62,6.09,88.03,-6.71
"6671","三能-KY",26.14,192.51,279.97,211.32,80.99,7.70,47.40,3.60,101.38,2.01,0.85,9.95,13.33,46.82,11.51,3.66,64.67,99.16,4.55
"6672","騰輝電子-KY",44.99,277.46,182.16,127.59,51.77,3.04,120.06,4.15,87.95,4.88,1.11,8.77,15.52,65.91,7.73,5.28,53.87,114.15,12.71
"6674","鋐寶科技",39.58,2181.06,236.92,203.27,151.57,5.43,67.21,4.50,81.11,34.26,1.01,1.75,2.78,6.72,1.73,0.70,59.84,35.60,28.01
"6689","伊雲谷",53.11,14068.90,189.40,155.33,64.44,5.95,61.34,7.50,48.66,602.54,2.08,4.58,9.67,36.40,2.17,3.09,0.00,57.21,0.00
"6691","洋基工程",57.48,643.91,167.73,95.05,270.15,6.28,58.12,0.34,1073.52,14.56,1.09,9.54,22.23,147.41,8.72,11.37,32.39,126.19,19.67
"6695","芯鼎",25.36,2442.21,399.02,272.60,0.00,6.12,59.64,2.75,132.72,53.21,1.11,-11.18,-14.80,-11.41,-10.09,-1.07,0.00,0.00,0.00
"6698","旭暉應材",26.00,204.84,356.46,290.62,10.72,2.94,124.14,4.00,91.25,0.80,0.30,1.58,1.75,8.72,4.44,0.07,28.42,"NA",-1.35
"6706","惠特",50.72,240.33,200.90,125.81,40.73,4.62,79.00,1.91,191.09,3.76,0.70,7.79,14.41,60.11,10.85,5.12,17.18,48.38,0.84
"6715","嘉基",36.51,449.64,240.76,190.83,47.70,2.61,139.84,3.26,111.96,8.81,0.97,11.49,17.04,62.76,11.63,4.77,49.14,56.08,16.87
"6719","力智",45.39,441.72,223.95,138.72,108.16,6.98,52.29,2.91,125.42,8.64,1.50,15.76,28.40,72.64,10.42,6.27,37.75,66.28,18.82
"6743","安普新",54.45,173.47,126.36,83.66,23.68,5.32,68.60,4.36,83.71,2.83,0.96,9.87,20.52,49.56,9.90,4.40,0.00,39.06,-1.44
"6753","龍德造船",62.07,152.21,120.21,93.11,6.37,10.27,35.54,9.98,36.57,1.42,0.57,4.51,10.90,22.06,7.41,2.01,-13.22,20.17,-11.15
"6754","匯僑設計",49.43,244.26,181.79,174.61,80.03,4.65,78.49,53.12,6.87,3.25,0.79,5.52,12.08,57.24,6.84,3.43,18.08,72.46,4.24
"6756","威鋒電子",13.94,4602.24,664.38,598.92,2104.86,8.64,42.24,3.29,110.94,41.80,0.92,14.84,18.28,52.99,16.17,5.29,75.62,118.57,4.44
"6757","台灣虎航",74.03,812.96,142.28,138.67,-696.66,23.36,15.62,0.66,553.03,1.56,0.15,-9.55,-46.96,-62.56,-72.90,-6.45,-134.47,118.11,-88.02
"6768","志強-KY",33.83,339.56,279.01,234.52,6.05,5.28,69.12,5.67,64.37,3.46,0.79,2.94,3.73,33.38,3.03,2.35,33.39,"NA",5.29
"6770","力積電",57.91,129.77,123.19,76.71,7.65,7.86,46.43,4.34,84.10,0.97,0.59,5.71,12.07,15.45,8.33,1.23,54.64,75.83,3.27
"6771","平和環保-創",49.74,117.93,149.91,137.40,1991.11,5.88,62.07,70.79,5.15,0.57,0.38,8.90,17.21,45.15,22.06,3.85,69.45,81.42,1.88
"6776","展碁國際",68.11,16522.55,133.69,74.76,2350.95,7.90,46.20,9.50,38.42,1834.05,3.63,4.27,13.13,32.08,1.12,2.63,13.02,1.27,17.68
"6781","AES-KY",45.72,556.63,198.71,124.02,1011.32,5.12,71.28,2.36,154.66,11.25,1.10,15.85,28.53,188.43,14.38,14.17,18.42,"NA",9.77
"6782","視陽",62.43,175.87,123.53,85.91,958.39,7.17,50.90,3.70,98.64,2.12,0.76,6.87,15.20,21.15,8.39,2.35,36.10,0.58,0.07
"6789","采鈺",38.13,125.33,169.28,163.27,490.44,8.76,41.66,53.81,6.78,1.46,0.77,23.15,33.53,87.77,30.10,7.18,151.47,70.93,18.17
"6790","永豐實",45.88,160.75,169.10,116.73,5731.89,8.30,43.97,6.60,55.30,2.77,1.31,19.62,42.60,71.50,14.79,6.12,94.13,"NA",20.52
"6792","詠業",31.77,224.46,208.02,163.82,20333.99,4.21,86.69,4.42,82.57,2.64,0.87,11.76,17.20,46.78,13.43,4.01,44.03,108.26,7.30
"6794","向榮生技-創",12.22,370.47,1082.52,1003.10,"*****",4.94,73.88,0.40,912.50,0.05,0.01,-29.22,-34.24,-29.07,-2742.53,-3.07,"*****","*****","*****"
"6796","晉弘",36.88,343.24,309.53,231.55,47.98,3.94,92.63,1.63,223.92,3.05,0.72,9.84,14.86,26.76,13.45,2.41,39.45,51.52,10.27
"6799","來頡",22.00,2205.40,433.65,361.55,188.20,5.83,62.60,4.90,74.48,33.14,1.41,30.60,38.72,39.76,21.55,3.73,110.21,105.11,25.27
"6805","富世達",68.67,395.15,132.68,45.18,66.62,5.92,61.65,1.91,191.09,10.55,1.13,10.75,30.27,76.53,9.46,6.25,-13.68,-3.35,-21.67
"6806","森崴能源",82.18,239.98,115.76,112.77,8.00,2.00,182.50,"NA","NA",0.53,0.11,5.75,24.37,26.40,46.27,2.86,4.82,20.63,14.17
"6807","峰源-KY",43.72,283.91,180.27,148.78,165.83,6.26,58.30,10.23,35.67,5.48,1.22,7.96,19.53,57.84,6.48,4.26,-16.07,"NA",-12.48
"6834","天二科技",18.17,205.08,282.25,180.30,69.71,3.71,98.38,3.65,100.00,1.56,0.62,2.87,3.34,6.01,4.60,0.51,5.14,25.02,0.77
"6854","錼創科技-KY創",11.54,278.81,741.97,705.51,-82992.88,3.48,104.88,3.73,97.85,0.18,0.06,-77.50,-1708.30,-121662.05,-1220.47,-21.57,"NA","NA","NA"
"6885","全福生技",16.85,144817.93,346.81,334.68,-1346.31,"NA","NA","NA","NA",307.16,0.24,-27.81,-30.61,-16.47,-116.95,-1.49,"NA","NA","NA"
"8011","台通",45.15,308.36,174.13,84.53,-0.02,7.03,51.92,1.55,235.48,0.74,0.21,-0.42,-1.85,-3.39,-4.64,-0.19,21.48,-33.05,2.95
"8016","矽創",32.83,940.85,275.16,234.20,356.74,9.94,36.72,5.22,69.92,14.71,1.12,17.65,27.24,210.06,15.67,11.53,72.49,159.58,21.66
"8021","尖點",24.77,351.07,455.53,406.95,49.22,2.65,137.73,4.37,83.52,1.86,0.47,5.06,6.54,32.81,10.23,1.98,87.55,197.57,6.59
"8028","昇陽半導體",54.64,119.76,108.85,93.87,3.86,6.83,53.44,5.46,66.84,0.94,0.46,3.45,4.82,7.11,4.73,1.02,31.85,68.26,5.08
"8033","雷虎",44.98,417.74,189.67,97.49,4.59,6.32,57.75,1.50,243.33,5.37,0.74,2.75,3.47,-0.25,2.69,0.03,7.63,"NA",4.21
"8039","台虹",34.28,274.66,270.15,221.70,4751.52,2.33,156.65,6.02,60.63,2.84,0.76,6.99,10.50,46.18,8.94,3.70,40.37,89.88,5.46
"8045","達運光電",49.48,369.55,291.01,179.05,3.92,1.44,253.47,1.87,195.18,2.42,0.48,1.16,1.54,3.87,1.59,0.21,80.60,239.29,18.87
"8046","南電",27.37,166.57,281.79,220.30,70.00,4.64,78.66,7.08,51.55,2.22,0.93,8.93,11.90,61.95,9.52,5.67,79.81,48.92,8.30
"8070","長華*",61.76,677.86,176.97,124.42,20.45,4.57,79.86,7.93,46.02,6.50,0.79,6.91,16.06,252.56,8.29,1.56,23.43,115.58,3.45
"8072","陞泰",10.19,313.31,712.27,624.29,"NA",5.06,72.13,6.59,55.38,1.68,0.49,-0.14,-0.15,-0.10,-0.28,-0.15,-14.31,-12.49,-3.21
"8081","致新",33.29,442.68,240.98,195.71,202.00,4.74,77.00,4.67,78.15,6.15,0.99,14.77,25.08,152.46,14.81,12.24,47.14,111.30,9.48
"8101","華冠",84.00,160.00,80.00,56.00,-52.63,3.72,98.11,6.98,52.29,5.55,1.06,-22.02,-87.81,-30.92,-21.05,-3.06,-24.77,-76.31,-18.94
"8103","瀚荃",42.00,276.37,229.48,174.92,20.53,2.95,123.72,3.45,105.79,2.82,0.70,5.16,8.32,43.60,6.83,2.70,23.49,83.71,5.93
"8104","錸寶",45.27,148.82,162.21,151.30,1404.07,5.96,61.24,17.15,21.28,0.99,0.45,6.24,10.84,38.71,12.68,3.06,41.09,110.84,4.12
"8105","凌巨",39.47,128.98,143.99,108.90,-70.46,5.00,73.00,5.73,63.69,1.13,0.60,-9.09,-14.48,-22.39,-15.22,-2.47,3.82,62.88,0.55
"8110","華東",33.88,169.73,143.29,123.04,5.02,4.79,76.20,14.26,25.59,0.71,0.33,1.72,2.16,4.48,4.27,0.51,33.97,109.99,2.39
"8112","至上",78.41,6014.20,158.06,90.83,6.27,9.02,40.46,11.88,30.72,543.07,3.97,6.31,20.22,61.59,1.33,4.22,"NA","NA","NA"
"8114","振樺電",80.98,281.56,147.90,94.33,1.86,5.67,64.37,2.69,135.68,2.25,0.58,0.76,3.76,28.33,1.31,1.65,12.42,64.07,1.40
"8131","福懋科",13.18,277.07,631.25,574.86,32448.25,5.54,65.88,13.99,26.09,1.99,0.72,10.47,12.07,38.51,14.45,3.17,250.21,96.34,6.00
"8150","南茂",40.62,163.72,219.86,181.11,19.31,4.69,77.82,8.96,40.73,1.28,0.66,7.20,11.70,40.89,10.29,3.26,105.70,87.01,5.48
"8163","達方",56.41,201.44,128.36,89.08,19.33,3.50,104.28,5.02,72.70,3.78,0.92,4.45,9.37,43.74,4.27,3.23,9.42,97.65,2.61
"8201","無敵",38.22,239.09,224.64,190.36,-89.50,6.97,52.36,9.42,38.74,3.99,1.17,-4.94,-7.85,-7.63,-4.47,-0.76,52.69,109.58,18.20
"8210","勤誠",50.85,134.43,115.68,78.28,12078.82,4.45,82.02,4.67,78.15,3.27,1.04,13.64,26.23,99.49,12.95,8.16,8.46,103.63,6.17
"8213","志超",58.57,243.28,175.03,156.15,17.56,2.51,145.41,8.28,44.08,2.91,0.76,6.66,15.44,104.19,8.37,7.28,15.75,107.70,4.98
"8215","明基材",60.91,139.99,111.69,57.34,9.30,7.20,50.69,5.85,62.39,3.46,1.36,4.16,9.37,15.90,2.63,1.23,22.20,93.72,15.49
"8222","寶一",40.53,226.18,430.44,211.21,-8.03,5.36,68.09,0.88,414.77,0.71,0.27,2.41,-4.45,-6.34,-9.94,-0.58,11.19,87.14,-0.45
"8249","菱光",36.23,1150.18,171.17,150.06,60.92,6.33,57.66,8.33,43.81,10.22,0.71,4.03,5.73,20.71,5.60,1.50,18.28,133.24,3.94
"8261","富鼎",41.66,470.46,195.15,124.59,77.68,4.48,81.47,3.38,107.98,10.49,1.25,7.96,13.02,27.49,6.28,2.44,39.19,18.74,19.02
"8271","宇瞻",30.64,327.99,248.43,180.22,12439.18,8.25,44.24,6.95,52.51,8.18,1.71,7.03,10.34,36.73,4.06,2.88,28.31,94.42,2.59
"8341","日友",63.85,118.82,95.31,85.02,4139.65,8.97,40.69,37.62,9.70,0.72,0.39,13.76,31.63,113.73,34.19,8.91,61.06,88.37,7.73
"8367","建新國際",64.75,274.72,104.16,103.02,5.22,6.03,60.53,"NA","NA",0.90,0.26,4.46,10.67,39.30,13.86,2.73,47.01,108.95,16.40
"8374","羅昇",28.61,496.81,316.41,251.71,13.04,3.21,113.70,4.38,83.33,6.61,0.96,3.28,4.48,9.72,3.17,0.78,15.05,92.94,3.43
"8404","百和興業-KY",67.86,186.88,152.51,95.68,813.25,5.50,66.36,1.07,341.12,1.10,0.35,4.04,10.35,31.24,8.90,1.63,42.89,43.99,23.14
"8411","福貞-KY",47.47,164.60,191.19,146.49,0.36,3.66,99.72,4.83,75.56,1.28,0.57,1.02,1.27,8.05,1.16,0.38,8.39,92.72,1.76
"8422","可寧衛",19.40,194.79,308.45,305.65,240.26,5.17,70.59,425.94,0.85,0.79,0.38,16.56,20.55,136.63,43.79,10.81,274.82,98.98,8.68
"8429","金麗-KY",9.78,18573.77,4206.04,4187.16,-1829.68,1.46,250.00,11.21,32.56,10.98,0.05,-6.75,-7.59,-29.86,-132.16,-2.70,-145.12,429.81,-3.49
"8438","昶昕",50.55,159.82,119.26,99.85,9.35,7.40,49.32,11.06,33.00,3.34,1.18,3.35,5.95,17.91,2.44,1.12,29.14,137.69,12.59
"8442","威宏-KY",53.89,230.83,138.04,94.97,-4.18,3.87,94.31,4.14,88.16,4.39,0.92,-3.15,-8.68,-25.90,-4.10,-2.56,23.99,85.73,14.16
"8443","阿瘦",44.96,246.26,160.83,33.30,-15.82,21.95,16.62,0.89,410.11,2.61,0.58,-7.37,-13.51,-32.74,-13.73,-2.81,31.95,101.02,9.75
"8454","富邦媒",60.97,167.39,102.91,67.02,246.11,65.07,5.60,19.35,18.86,14.55,4.15,12.01,29.54,170.70,2.89,13.87,38.60,88.13,61.38
"8462","柏文",70.52,96.69,64.35,63.05,8.89,391.26,0.93,0.29,1258.62,1.34,0.51,6.44,19.44,68.97,11.11,5.67,91.08,104.64,22.74
"8463","潤泰材",56.09,118.92,122.50,61.83,9.67,5.84,62.50,2.04,178.92,1.01,0.62,2.74,5.52,10.56,3.96,0.87,6.93,48.85,0.39
"8464","億豐",43.87,222.90,175.69,137.31,222.04,9.35,39.03,3.04,120.06,3.69,0.98,19.98,33.61,224.10,20.38,16.36,58.61,102.84,14.64
"8466","美吉吉-KY",41.07,212.39,381.86,295.49,39.77,2.85,128.07,4.92,74.18,1.58,0.65,6.41,10.51,54.77,9.63,4.22,44.46,60.64,0.32
"8467","波力-KY",43.46,207.30,193.16,145.04,2.02,6.74,54.15,2.47,147.77,1.22,0.44,1.55,1.73,3.74,2.29,0.48,34.72,82.38,4.77
"8473","山林水",54.78,1555.44,102.31,101.33,4.11,4.26,85.68,35405.62,0.01,7.42,0.30,2.43,3.69,29.89,5.90,1.15,10.87,40.25,2.33
"8476","台境*",65.86,161.05,103.10,53.69,-2.95,4.84,75.41,"NA","NA",1.16,0.40,-3.78,-12.72,-9.61,-11.66,-1.06,-7.07,"NA",-6.24
"8478","東哥遊艇",63.41,295.28,171.61,60.50,281.58,5.44,67.09,1.07,341.12,3.27,0.65,2.25,3.71,13.12,2.24,1.04,-8.46,-0.36,-7.92
"8481","政伸",24.23,349.53,315.99,291.26,5711.62,3.71,98.38,6.68,54.64,2.61,0.66,39.97,52.52,156.91,60.53,12.51,32.91,78.42,-0.14
"8482","商億-KY",27.56,333.87,258.34,184.17,127.97,7.97,45.79,3.93,92.87,4.54,0.91,15.56,21.17,61.85,16.94,6.05,61.38,95.37,0.55
"8487","愛爾達-創",68.59,5261.78,143.10,74.47,-4.35,5.41,67.46,"NA","NA",71.81,0.66,-0.76,-2.96,-5.92,-1.53,-0.37,24.77,54.56,33.99
"8488","吉源-KY",52.86,114.42,94.68,78.18,4.27,2.12,172.16,7.74,47.15,1.09,0.52,1.53,2.01,20.55,1.80,0.75,0.92,129.43,-0.25
"8499","鼎炫-KY",29.02,588.21,528.14,476.99,81.80,3.61,101.10,3.88,94.07,3.96,0.63,17.07,24.88,154.85,26.89,12.27,77.10,84.55,6.78
"8926","台汽電",46.95,643.74,128.66,44.57,2400.00,19.84,18.39,39.79,9.17,4.30,0.43,5.11,8.81,19.03,11.49,1.81,50.88,88.68,6.63
"8940","新天地",56.14,148.61,98.46,84.53,-15.38,23.85,15.30,8.54,42.74,1.04,0.51,-2.37,-6.75,-25.70,-5.42,-0.86,45.41,94.58,7.53
"8996","高力",44.70,152.13,163.88,101.30,18.77,6.12,59.64,2.47,147.77,1.49,0.66,3.82,6.01,17.30,5.42,1.26,5.86,74.35,-4.28
"910322","康師傅-DR",59.79,148.37,106.02,88.55,19.74,40.94,8.91,13.45,27.13,3.03,1.14,8.13,19.29,2774.56,6.76,3.16,31.60,184.34,8.41
"9105","泰金寶-DR",74.92,130.79,105.64,70.05,195.07,5.17,70.59,6.52,55.98,6.90,1.66,0.33,1.22,10.95,0.20,0.04,1.33,85.75,1.58
"910861","神州-DR",53.15,1546.37,140.09,107.57,802.39,4.41,82.76,6.39,57.12,19.62,0.79,3.98,7.54,623.47,4.47,1.19,10.52,54.09,7.35
"9110","越南控-DR",46.38,1893.26,202.60,150.45,-658.16,3.22,113.35,3.03,120.46,26.22,0.75,-5.67,-11.59,-629.68,-8.66,-0.23,-4.93,-112.90,-1.40
"911608","明輝-DR",41.93,973.77,240.18,100.59,7.66,3.11,117.36,0.87,419.54,7.83,0.62,6.51,10.48,10.30,9.12,0.23,54.40,160.11,23.62
"911622","泰聚亨-DR",37.17,130.07,125.39,26.99,-488.81,11.77,31.01,2.91,125.42,1.85,0.91,-4.20,-7.46,-5.21,-5.29,-0.52,24.60,90.81,6.27
"911868","同方友友-DR",26.32,4037.22,594.44,534.11,0.06,7.47,48.86,3.78,96.56,18.22,0.39,1.09,0.33,-13.13,0.59,0.01,39.59,-159.02,4.60
"912000","晨訊科-DR",23.34,1003.84,357.71,306.57,-8.55,4.55,80.21,3.25,112.30,3.64,0.32,-1.52,-2.16,-21.38,-5.03,-0.06,41.34,-2234.22,8.61
"9136","巨騰-DR","NA","NA",113.55,79.33,"NA",2.82,129.43,4.35,83.90,"NA","NA","NA",2.00,"NA","NA",0.55,"NA","NA","NA"
"9802","鈺齊-KY",40.66,163.81,151.51,90.04,4303.68,4.92,74.18,3.55,102.81,1.95,0.83,6.70,10.67,56.34,7.89,5.06,29.78,66.36,3.42
"9902","台火",9.36,1161.46,555.45,322.18,67.59,7.40,49.32,1.88,194.14,3.93,0.31,2.39,2.62,3.52,7.51,0.33,-4.80,-38.94,-3.44
"9904","寶成",45.44,405.10,182.06,118.78,3.47,7.49,48.73,3.55,102.81,3.38,0.68,1.59,2.00,20.22,1.56,1.64,23.83,60.14,4.64
"9905","大華",26.18,295.09,328.07,249.87,1018.14,5.40,67.59,3.65,100.00,2.47,0.73,5.60,7.57,23.71,7.71,1.83,16.39,125.42,0.40
"9906","欣巴巴",92.39,175551.80,140.80,11.78,-41.07,106.56,3.42,0.02,18250.00,94.05,0.02,-0.75,-11.77,-10.68,-53.03,-1.07,-27.28,-80.58,-66.63
"9907","統一實",41.76,138.71,189.29,116.11,6.67,8.58,42.54,7.38,49.45,1.38,0.86,3.03,4.56,7.61,2.97,0.58,92.86,263.59,6.40
"9908","大台北",28.52,331.84,310.77,299.67,114668.26,9.13,39.97,14.81,24.64,0.76,0.20,5.01,7.03,19.50,24.48,1.64,53.94,111.84,2.33
"9910","豐泰",55.80,155.37,134.48,80.26,6155.24,9.82,37.16,6.93,52.66,3.89,1.62,13.37,29.36,86.72,8.11,5.53,53.11,97.14,18.87
"9911","櫻花",32.84,331.58,171.90,141.31,773.40,5.79,63.03,6.95,52.51,4.21,0.92,12.45,18.35,50.85,13.46,4.08,56.87,137.57,14.33
"9912","偉聯",39.31,363.39,138.20,65.80,-10.23,9.23,39.54,1.53,238.56,4.51,0.74,-4.85,-8.83,-7.08,-7.09,-0.77,30.42,119.05,16.44
"9914","美利達",43.47,661.86,152.54,90.60,101.77,12.26,29.77,4.78,76.35,10.08,0.91,15.01,26.37,175.29,15.19,13.36,25.60,70.78,3.72
"9917","中保科",49.51,232.79,132.39,115.62,75.02,11.62,31.41,5.08,71.85,1.98,0.60,10.81,21.30,234.04,17.78,5.42,51.89,104.71,7.16
"9918","欣天然",40.90,190.20,255.21,249.64,3739.67,9.08,40.19,30.89,11.81,0.92,0.38,6.38,10.78,21.74,16.44,1.84,70.25,103.02,5.32
"9919","康那香",55.15,180.15,189.62,133.19,26.48,4.19,87.11,3.44,106.10,2.07,0.80,14.43,32.46,54.23,17.30,4.50,47.51,145.73,10.23
"9921","巨大",56.86,273.10,161.92,93.96,29.63,5.12,71.28,2.98,122.48,6.21,1.15,8.44,21.05,182.18,7.07,13.19,40.65,88.38,21.98
"9924","福興",33.88,240.51,249.72,191.59,154.24,5.41,67.46,5.88,62.07,3.22,1.04,9.55,14.24,58.64,9.12,4.37,10.14,97.17,-3.29
"9925","新保",34.52,316.00,174.05,160.75,58.75,11.96,30.51,"NA","NA",1.86,0.43,5.84,8.74,29.10,13.22,2.31,27.68,84.31,3.78
"9926","新海",52.19,162.34,169.07,158.21,3134.12,8.00,45.62,"NA","NA",0.68,0.33,6.39,13.19,28.45,19.10,2.34,73.11,111.98,11.43
"9927","泰銘",17.95,1066.36,580.99,319.56,4024.00,6.98,52.29,3.28,111.28,16.13,1.32,5.63,6.73,21.50,4.15,1.68,50.57,75.58,0.57
"9928","中視",88.19,37.48,13.25,9.62,0.02,7.02,51.99,"NA","NA",0.29,0.21,-0.14,-6.21,-1.80,-3.54,-0.18,1.48,0.00,1.24
"9929","秋雨",47.23,580.14,100.51,87.00,34.07,1.91,191.09,11.64,31.35,2.51,0.25,29.41,83.11,96.29,116.04,6.94,35.10,522.92,16.48
"9930","中聯資源",57.79,134.99,99.53,75.36,18.23,9.69,37.66,14.51,25.15,1.42,0.80,6.51,14.16,38.10,7.75,3.07,51.73,103.47,6.32
"9931","欣高",53.53,123.99,88.61,63.47,186.96,7.29,50.06,3.05,119.67,0.49,0.27,4.19,9.00,21.77,15.68,1.73,29.01,112.90,7.63
"9933","中鼎",73.11,254.46,136.35,128.55,7.20,10.04,36.35,"NA","NA",4.29,0.79,1.42,4.79,23.11,1.38,1.01,25.52,103.91,19.42
"9934","成霖",67.22,391.02,168.10,113.04,3.54,6.34,57.57,3.76,97.07,6.54,1.03,2.66,5.18,12.97,1.71,0.81,11.74,95.92,5.92
"9935","慶豐富",65.51,222.76,208.27,141.59,9.66,4.48,81.47,5.91,61.75,2.89,0.97,6.87,17.68,28.28,6.04,2.15,8.54,45.09,0.68
"9937","全國",57.29,138.04,30.80,24.17,20.94,193.97,1.88,57.06,6.39,3.32,1.44,6.38,15.19,31.35,4.22,2.57,23.10,107.98,4.73
"9938","百和",60.77,158.60,140.77,94.07,14.93,5.38,67.84,1.61,226.70,1.15,0.46,6.58,14.93,90.06,12.29,5.21,44.75,63.76,16.76
"9939","宏全",56.19,144.51,151.94,103.20,1385.00,5.98,61.03,6.37,57.29,1.16,0.61,6.01,12.54,74.89,8.95,5.72,60.48,104.04,7.27
"9940","信義",63.42,571.36,261.74,111.59,14.11,9.77,37.35,0.06,6083.33,1.60,0.41,5.36,13.86,29.67,12.01,2.11,45.79,98.66,10.41
"9941","裕融",89.10,136.01,101.51,98.47,2.23,"NA","NA","NA","NA",1.53,0.15,2.63,13.55,85.74,9.78,8.85,"NA",10.33,"NA"
"9942","茂順",30.76,243.66,338.97,221.18,97.12,2.95,123.72,2.36,154.66,1.87,0.67,9.13,12.89,64.78,13.53,4.64,67.86,108.17,1.84
"9943","好樂迪",32.81,661.82,194.02,188.10,56.27,127.51,2.86,57.91,6.30,3.48,0.45,10.87,15.81,51.60,23.70,4.41,110.73,95.24,6.50
"9944","新麗",42.01,180.11,197.66,139.29,7.93,5.13,71.15,3.16,115.50,1.07,0.47,2.12,3.12,14.06,3.85,0.69,34.04,97.87,6.04
"9945","潤泰新",36.17,3343.24,157.77,39.51,1444.88,14.83,24.61,0.53,688.67,4.12,0.11,5.84,8.38,71.62,48.60,5.88,7.08,52.80,0.47
"9946","三發地產",39.88,11142.59,482.07,132.96,220.26,14.99,24.34,0.14,2607.14,18.92,0.13,2.36,2.76,6.67,12.27,0.57,7.49,171.13,-0.24
"9955","佳龍",44.85,103.34,102.59,25.85,-7.51,121.82,2.99,4.71,77.49,1.50,1.03,-3.84,-7.47,-11.98,-4.10,-1.19,-14.37,36.97,-293.67
"9958","世紀鋼",45.74,214.66,181.81,100.33,17.29,5.96,61.24,1.74,209.77,1.26,0.45,8.76,15.68,67.68,18.30,4.38,34.65,23.54,9.12