"公司代號","公司簡稱","財務結構-負債佔資產比率(%)","財務結構-長期資金佔不動產、廠房及設備比率(%)","償債能力-流動比率(%)","償債能力-速動比率(%)","償債能力-利息保障倍數(%)","經營能力-應收款項週轉率(次)","經營能力-平均收現日數","經營能力-存貨週轉率(次)","經營能力-平均售貨日數","經營能力-不動產、廠房及設備週轉率(次)","經營能力-總資產週轉率(次)","獲利能力-資產報酬率(%)","獲利能力-權益報酬率(%)","獲利能力-稅前純益佔實收資本比率(%)","獲利能力-純益率(%)","獲利能力-每股盈餘(元)","現金流量-現金流量比率(%)","現金流量-現金流量允當比率(%)","現金流量-現金再投<br>資比率(%)"
"1240","茂生農經",40.49,318.58,154.07,107.53,0.19,6.35,57.48,10.34,35.29,7.82,1.55,-0.59,-1.41,-1.59,-0.56,0.14,-10.75,31.21,-11.33
"1259","安心",62.33,376.78,115.08,109.59,6.67,47.06,7.75,59.08,6.17,11.69,1.07,2.59,5.75,43.27,2.06,4.02,59.98,230.37,0.23
"1264","德麥",22.64,246.13,296.76,213.36,24323.92,4.95,73.73,5.41,67.46,4.36,1.19,16.37,20.85,255.48,13.69,17.09,61.83,102.14,4.28
"1268","漢來美食",70.54,175.10,137.80,111.69,6.67,20.01,18.24,13.88,26.29,3.81,0.69,2.74,6.76,33.05,3.46,3.08,38.48,109.63,8.25
"1294","漢田生技",43.29,145.89,164.02,129.33,40.27,8.00,45.62,7.33,49.79,1.31,0.71,11.08,20.54,34.70,15.16,3.06,65.31,73.14,14.84
"1336","台翰",37.85,229.66,226.47,186.76,19.66,5.59,65.29,11.40,32.01,2.89,1.05,7.05,9.64,33.53,5.91,2.05,43.16,121.83,9.01
"1565","精華",24.50,184.10,277.56,187.64,131.85,6.26,58.30,2.77,131.76,1.36,0.60,12.15,16.65,254.10,20.36,20.21,82.29,95.60,5.44
"1569","濱川",49.05,153.58,137.01,95.18,11.54,2.99,122.07,3.13,116.61,1.84,0.69,5.90,11.51,40.70,7.82,3.23,38.15,83.54,13.02
"1570","力肯",12.97,503.57,693.33,455.42,620.65,4.69,77.82,1.78,205.05,3.44,0.60,10.26,12.15,26.95,16.86,2.10,146.13,87.20,9.53
"1580","新麥",27.23,238.80,249.00,154.78,10611.48,7.80,46.79,2.96,123.31,3.56,1.05,9.66,13.82,124.76,9.01,6.70,65.88,109.85,6.98
"1584","精剛",49.18,384.32,310.51,80.32,6.64,5.27,69.25,1.04,350.96,2.12,0.51,4.86,8.50,9.73,8.27,1.12,80.40,72.30,21.88
"1586","和勤",63.91,120.34,110.64,60.25,161.13,3.50,104.28,3.14,116.24,1.29,0.58,1.71,2.73,2.78,1.70,0.53,1.11,57.48,-0.85
"1591","駿吉-KY",19.86,188.88,324.19,205.06,19.89,18.70,19.51,3.26,111.96,2.41,1.08,14.37,18.80,33.09,12.60,2.51,243.70,155.41,22.59
"1593","祺驊",34.45,191.32,201.12,152.55,43.51,3.86,94.55,3.00,121.66,1.11,0.47,10.81,15.84,59.12,22.75,5.24,31.70,43.84,0.14
"1595","川寶",47.75,369.77,178.90,93.12,3909.03,2.49,146.58,0.86,424.41,2.46,0.37,4.81,8.67,67.49,12.51,4.85,20.25,49.65,10.83
"1599","宏佳騰",35.05,214.42,222.58,146.12,0.00,18.48,19.75,5.43,67.21,2.78,1.09,8.90,13.83,36.76,8.13,3.76,27.35,105.07,3.34
"1742","台蠟",51.83,252.78,155.54,150.70,-7.92,7.56,48.28,4.19,87.11,0.88,0.19,-4.48,-9.33,-12.97,-25.64,-1.34,-57.66,-312.16,-31.90
"1777","生泰",20.87,225.87,316.54,244.18,61.49,9.29,39.28,1.73,210.98,1.21,0.35,10.57,14.12,79.66,29.94,6.62,87.11,152.93,13.63
"1781","合世",53.41,354.07,153.07,80.26,-392.99,6.49,56.24,2.59,140.92,6.69,1.01,-1.91,-4.67,-3.26,-2.20,-0.37,0.00,3.69,0.00
"1784","訊聯",27.95,314.00,272.99,248.51,154.83,4.60,79.34,4.17,87.52,1.96,0.54,2.98,4.06,14.20,5.47,0.80,34.55,73.73,4.54
"1785","光洋科",50.36,261.96,316.58,98.81,7.02,13.36,27.32,2.09,174.64,3.38,0.99,6.29,11.15,27.97,5.54,2.35,18.69,29.66,0.43
"1788","杏昌",45.89,280.05,157.99,106.54,36.41,3.59,101.67,4.99,73.14,4.60,1.05,8.42,15.45,111.58,7.81,9.06,25.74,72.11,3.69
"1796","金穎生技",30.17,150.05,156.15,92.86,29.84,5.52,66.12,3.02,120.86,1.21,0.51,7.70,11.84,26.58,14.74,2.26,51.18,96.62,5.42
"1799","易威",34.31,420.23,643.31,567.02,-8.75,7.69,47.46,3.14,116.24,0.68,0.14,-12.40,-20.01,-14.71,-94.12,-1.41,-83.45,-307.84,-5.25
"1813","寶利徠",27.76,256.55,168.86,111.42,-237.64,3.35,108.95,1.70,214.70,1.05,0.30,-0.47,-1.18,-3.74,-2.70,0.14,10.99,59.73,1.75
"1815","富喬",47.40,144.08,208.84,143.24,1.39,3.33,109.60,3.69,98.91,0.49,0.32,1.00,0.42,1.25,0.67,0.07,82.45,79.28,6.30
"2035","唐榮公司",67.12,446.02,134.81,31.88,-1.26,248.19,1.47,4.44,82.20,4.13,0.74,-0.77,-3.89,-6.42,-1.60,-0.64,62.10,81.71,5.36
"2061","風青",56.79,374.61,174.91,124.27,-375.82,2.38,153.36,4.56,80.04,6.29,0.80,-5.33,-13.45,-13.96,-7.87,-1.57,-14.53,-21.97,-17.85
"2063","世鎧",48.08,244.32,188.23,92.13,25.22,4.63,78.83,1.64,222.56,2.89,0.75,12.63,26.81,57.30,16.09,4.91,46.03,74.49,11.69
"2064","晉椿",56.22,125.70,90.44,44.60,4.87,4.28,85.28,2.99,122.07,2.11,0.71,3.30,6.64,15.21,3.66,1.14,30.77,49.38,15.64
"2065","世豐",47.86,343.61,292.77,176.63,45.46,5.63,64.83,2.68,136.19,3.97,0.87,12.74,22.59,76.81,14.29,6.95,78.31,63.76,9.10
"2066","世德",44.23,603.23,255.76,127.92,16.82,7.40,49.32,1.56,233.97,7.48,0.92,10.18,18.96,91.95,10.39,8.05,40.72,69.16,16.32
"2067","嘉鋼",76.39,100.67,80.52,49.17,-1.65,4.35,83.90,5.07,71.99,1.25,0.65,-1.44,-9.34,-13.24,-3.68,-0.62,0.81,25.36,0.40
"2070","精湛",29.29,293.26,269.59,175.41,31.56,5.08,71.85,0.97,376.28,1.71,0.45,6.33,9.59,30.45,13.75,2.32,102.08,239.21,19.96
"2073","雄順",47.59,129.36,119.48,113.97,15.65,4.51,80.93,75.97,4.80,1.19,0.72,6.25,11.60,24.50,8.14,1.96,96.56,133.40,8.76
"2221","大甲",36.08,268.76,311.51,181.83,77.13,4.51,80.93,2.37,154.00,3.59,0.98,16.39,27.16,84.43,16.41,6.76,45.61,115.72,2.88
"2230","泰茂",41.16,382.00,193.68,136.52,22.19,3.20,114.06,1.92,190.10,3.09,0.50,11.06,20.31,30.22,21.41,3.17,16.56,162.01,6.70
"2235","謚源",36.73,232.40,156.29,131.64,32.84,3.12,116.98,3.17,115.14,1.13,0.34,7.94,12.67,57.81,22.78,4.59,42.53,136.86,10.74
"2596","綠意",34.14,5190.43,282.10,75.26,1150.61,11.53,31.65,0.12,3041.66,8.63,0.11,1.58,2.21,8.03,13.33,0.58,"NA",17.94,"NA"
"2640","大車隊",40.96,201.05,160.22,147.49,282.56,9.39,38.87,7.61,47.96,2.13,0.81,10.67,18.16,74.87,13.06,6.00,77.97,136.85,21.44
"2641","正德",33.39,278.71,266.00,201.74,21.82,908.61,0.40,2.25,162.22,0.59,0.18,23.42,31.16,53.88,87.25,6.23,34.82,58.00,-0.01
"2643","捷迅",38.66,1461.25,280.23,251.37,159.10,5.68,64.26,"*****","*****",50.70,2.61,23.04,37.80,215.70,8.77,16.68,93.13,296.28,35.71
"2718","全心投控",63.37,479.04,144.78,41.75,-1.36,12.95,28.18,0.04,9125.00,0.25,0.03,-1.34,-3.41,-5.61,-51.76,-0.57,-21.78,-86.21,-30.07
"2719","燦星旅",22.46,491.82,730.03,702.24,-1496.48,14.15,25.79,457.24,0.79,0.67,0.18,-9.57,-15.98,-6.47,-54.50,-1.16,-49.71,-342.04,-5.69
"2724","藝舍-KY",67.75,3865.74,197.99,195.77,-159.16,4.22,86.49,4931.20,0.07,2.14,0.06,-3.12,-13.95,-5.84,-85.30,-0.60,49.74,1725.57,17.57
"2726","雅茗-KY",67.45,302.96,160.07,125.38,-21.64,28.13,12.97,5.76,63.36,6.50,0.74,-25.45,-72.92,-62.96,-35.51,-7.92,-21.64,189.31,-13.90
"2729","瓦城",50.00,162.53,89.76,70.40,6.72,13.01,28.05,14.27,25.57,2.47,0.93,2.71,5.31,47.86,2.43,3.62,45.97,134.85,13.15
"2732","六角",50.23,623.19,134.34,108.79,22.46,9.78,37.32,7.81,46.73,8.90,0.99,7.30,13.95,83.27,7.03,6.56,38.20,109.70,17.91
"2734","易飛網",56.84,337.91,239.54,181.93,-10.86,19.27,18.94,7.86,46.43,2.74,0.66,-7.04,-17.03,-11.83,-11.47,-1.26,6.13,-295.40,2.59
"2736","富野",46.09,143.57,103.83,99.86,1.98,45.98,7.93,64.23,5.68,0.49,0.26,1.15,1.00,3.51,1.99,0.24,24.55,152.52,6.15
"2740","天蔥",20.75,763.38,487.77,478.15,-71.02,13.63,26.77,16.03,22.76,2.86,0.51,-34.84,-55.75,-26.31,-69.26,-3.34,-45.59,0.00,-6.96
"2743","山富",57.55,847.73,145.95,123.01,-22.28,16.22,22.50,"NA","NA",8.90,0.55,-6.14,-12.74,-16.71,-11.52,-1.99,-5.04,134.72,-5.45
"2745","五福",65.78,323.10,122.98,89.84,-302.74,3.67,99.45,"NA","NA",3.13,0.50,-12.89,-25.69,-32.96,-26.13,-2.59,10.71,338.01,20.24
"2751","王座",63.22,412.85,105.86,87.17,7.50,11.38,32.07,15.52,23.51,16.54,2.33,4.29,10.61,8.76,1.65,0.89,51.39,170.79,24.20
"2752","豆府",43.64,337.79,226.07,216.10,55.67,11.16,32.70,29.98,12.17,6.07,1.37,15.40,27.22,126.37,11.02,10.36,84.07,133.88,10.17
"2754","亞洲藏壽司",65.50,226.14,66.77,60.80,9.36,38.07,9.58,105.68,3.45,2.71,0.92,6.46,17.41,64.86,6.26,5.21,102.62,116.39,17.33
"2755","揚秦",53.94,173.70,146.62,133.25,40.71,38.82,9.40,25.62,14.24,3.41,1.43,8.97,18.72,65.52,6.13,5.25,50.20,181.79,18.20
"2756","聯發國際",44.60,198.42,206.83,189.85,93.02,22.05,16.55,8.26,44.18,2.31,0.91,16.99,35.86,101.18,18.45,7.12,50.52,111.62,10.25
"2916","滿心",24.56,584.76,331.65,142.42,209.52,4.81,75.88,1.29,282.94,8.71,1.17,13.38,17.56,41.15,11.41,3.29,72.82,94.35,8.65
"2924","宏太-KY",23.67,196.12,248.70,237.04,1599.85,4.37,83.52,2.62,139.31,1.19,0.30,3.05,4.11,3.02,9.46,0.23,-62.49,-115.58,-18.10
"2926","誠品生活",94.89,107.21,85.78,57.67,"NA",7.04,51.84,3.34,109.28,0.64,0.41,-0.38,-25.08,-51.95,-3.43,-3.97,26.59,212.63,5.09
"2937","集雅社",71.29,242.80,113.78,63.76,28.32,5.42,67.34,3.17,115.14,13.60,1.40,5.37,17.88,47.17,3.69,3.80,1.15,12.96,-6.40
"2941","米斯特",38.58,787.54,230.43,150.32,139.36,6.89,52.97,2.37,154.00,19.67,1.49,12.79,20.45,37.09,8.53,3.09,44.85,"NA",38.02
"2947","振宇五金",72.98,403.61,101.32,30.76,4.89,294.97,1.23,2.50,146.00,4.03,0.73,3.32,9.11,42.82,3.63,3.47,26.74,73.43,11.54
"2948","寶陞",55.37,3142.17,176.20,48.15,12.56,15.37,23.74,1.85,197.29,83.79,1.60,11.28,23.39,78.06,6.46,6.23,3.21,7.77,-6.03
"2949","欣新網",57.84,16315.80,154.13,114.65,17.21,10.33,35.33,6.40,57.03,1029.72,2.95,10.57,26.95,83.47,3.37,6.37,-1.10,12.26,-8.35
"3064","泰偉",68.26,168.61,333.18,292.19,-10.15,2.26,161.50,0.17,2147.05,0.37,0.18,-25.56,-116.77,-29.74,-152.61,-3.47,-147.98,-439.64,-13.52
"3066","李洲",32.02,552.33,163.10,139.14,24.14,4.18,87.32,2.08,175.48,1.21,0.17,13.06,21.80,27.92,73.32,2.77,-23.21,326.13,-5.53
"3067","全域",26.92,627.55,475.91,436.97,-6.00,17.02,21.44,5.31,68.73,2.22,0.30,-1.99,-2.79,-2.09,-7.11,-0.35,35.56,-32.80,6.83
"3071","協禧",49.58,338.43,148.88,115.98,32.88,3.71,98.38,5.09,71.70,4.88,0.79,7.63,15.07,28.67,9.38,2.08,26.54,90.15,11.22
"3073","天方能源",64.53,286.72,125.66,125.05,3.45,4.51,80.93,39.74,9.18,0.35,0.07,2.36,5.19,6.91,26.77,0.91,-6.45,-7.66,-4.79
"3078","僑威",40.87,339.05,213.26,179.38,58.20,2.77,131.76,3.54,103.10,4.09,0.68,7.56,12.71,41.21,10.96,3.13,44.98,80.87,11.66
"3081","聯亞",14.87,215.75,558.64,471.11,80.01,6.28,58.12,4.87,74.94,1.11,0.47,6.60,7.64,41.19,13.84,3.61,142.22,91.45,4.32
"3083","網龍",10.81,41876.66,736.05,721.34,"NA","NA","NA","NA","NA",103.99,0.28,-1.76,-1.96,-2.10,-6.19,-0.26,-14.51,50.50,-1.58
"3085","新零售",33.98,176.64,162.86,144.88,-1376.65,9.08,40.19,24.28,15.03,1.74,79.30,-9.11,-16.42,-7.46,-12.26,-0.38,-56.62,-541.85,-30.35
"3086","華義",10.18,527.44,772.41,736.18,384.55,4.91,74.33,46.50,7.84,2.47,0.40,9.95,11.64,16.53,24.88,1.65,124.77,176.89,5.93
"3088","艾訊",40.88,221.74,182.47,88.03,7699.52,8.66,42.14,2.55,143.13,3.84,1.17,10.77,18.17,85.86,9.10,6.66,11.60,51.86,-0.78
"3093","港建*",37.91,481.74,228.24,199.57,1975.16,7.83,46.61,11.72,31.14,9.44,1.33,24.79,40.86,164.24,18.65,3.30,69.07,185.99,18.98
"3095","及成",95.46,144.84,157.43,123.55,-106.20,4.52,80.75,5.24,69.65,0.88,0.51,-2.20,-69.41,-34.44,-7.43,-3.20,-23.83,66.24,-4.45
"3105","穩懋",49.10,199.33,275.54,183.67,4.19,10.09,36.17,2.25,162.22,0.62,0.25,2.34,5.28,43.07,7.71,4.25,95.54,79.55,3.31
"3114","好德",49.89,1314.35,172.35,138.26,1884.25,2.89,126.29,6.44,56.67,28.96,1.11,7.52,15.63,41.31,6.44,3.33,39.37,48.98,34.98
"3115","富榮綱",7.58,7161.50,1319.59,1316.58,-151.13,2.45,148.97,14.88,24.52,11.91,0.21,-5.49,-6.12,-3.37,-25.69,-0.34,75.25,2087.16,2.74
"3118","進階",33.25,563.65,261.52,230.33,210.95,5.53,66.00,6.01,60.73,6.16,0.73,7.35,10.76,22.54,9.86,1.80,25.56,161.03,0.44
"3122","笙泉",34.88,446.45,840.27,582.22,9.39,7.08,51.55,2.56,142.57,3.28,0.60,2.30,3.29,5.71,3.41,0.45,-126.15,69.28,0.00
"3128","昇銳",49.51,156.35,109.18,50.20,23.95,5.21,70.05,2.66,137.21,2.66,0.91,6.90,12.72,24.59,7.24,1.80,24.28,65.54,14.96
"3131","弘塑",50.75,311.60,165.73,95.25,110.00,7.00,52.14,1.21,301.65,3.02,0.54,11.16,22.23,319.76,19.39,25.32,28.24,79.48,7.68
"3141","晶宏",40.22,540.48,185.12,93.51,43.00,7.56,48.28,1.34,272.38,5.58,0.60,14.05,24.72,76.82,22.95,7.01,0.00,53.00,0.00
"3147","大綜",51.55,335.07,152.73,131.21,4313.00,4.37,83.52,11.77,31.01,10.18,1.53,12.14,24.25,86.58,7.74,6.88,3.28,89.04,-11.37
"3152","璟德",14.30,134.95,284.55,243.78,"NA",3.49,104.58,3.70,98.64,0.52,0.34,6.35,7.46,50.54,18.79,3.99,205.52,74.88,7.37
"3162","精確",57.98,179.77,123.33,98.92,-3.14,2.63,138.78,5.38,67.84,2.17,0.53,-3.71,-9.78,-16.34,-8.68,-1.86,-27.98,-23.96,-20.91
"3163","波若威",34.38,649.28,261.11,232.65,81.79,4.77,76.51,6.50,56.15,7.76,1.03,14.64,22.44,77.92,14.07,6.00,56.16,197.72,17.33
"3169","亞信",14.01,3427.75,690.54,611.86,901.01,11.78,30.98,3.04,120.06,25.06,0.63,20.21,23.98,80.74,31.13,6.66,148.61,155.04,5.66
"3171","炎洲流通",47.47,133.72,121.21,114.23,25.98,3.51,103.98,19.90,18.34,2.39,0.92,6.49,12.42,20.57,6.77,1.83,16.94,168.19,4.52
"3176","基亞",35.17,465.47,639.81,537.65,-46.46,2.51,145.41,0.64,570.31,0.54,0.12,-20.90,-29.95,-134.29,-182.92,-4.86,-108.16,-229.21,-12.43
"3178","公準",56.76,140.39,135.56,88.65,20.71,4.69,77.82,3.55,102.81,1.11,0.58,9.21,20.46,60.24,15.09,5.01,41.75,88.91,10.06
"3188","鑫龍騰",65.37,158911.44,183.22,17.12,26.85,254.57,1.43,0.17,2147.05,544.68,0.16,1.54,4.30,6.07,8.23,0.61,-46.37,-74.56,-56.94
"3191","雲嘉南",31.09,807.97,328.94,289.78,-7.77,3.77,96.81,4.78,76.35,5.50,0.63,-4.06,-7.79,-2.05,-7.22,-0.19,16.96,-241.25,5.41
"3202","樺晟",54.79,418.64,164.78,112.32,5.11,2.44,149.59,3.74,97.59,7.20,0.90,1.38,2.26,7.50,1.12,-0.52,-3.35,-22.08,-2.75
"3205","佰研",21.36,431.70,321.82,294.30,-325.92,10.59,34.46,13.42,27.19,4.80,0.84,-12.16,-15.50,-23.51,-14.46,-2.28,-45.44,-298.17,-11.99
"3206","志豐",54.01,420.68,172.16,147.01,38.57,3.35,108.95,8.74,41.76,11.87,1.47,7.71,17.21,55.10,5.11,3.60,42.44,143.42,28.93
"3207","耀勝",41.23,394.66,190.84,159.36,50.61,4.57,79.86,6.19,58.96,5.47,0.89,15.63,28.42,44.44,17.27,4.32,56.54,38.10,21.50
"3211","順達",50.65,798.54,217.42,172.16,3606.62,3.75,97.33,6.48,56.32,13.36,0.98,4.27,8.73,75.95,4.18,5.33,17.48,41.65,0.00
"3213","茂訊",26.74,1001.68,303.82,135.57,369.94,30.16,12.10,2.21,165.15,11.17,0.82,7.52,10.30,52.05,8.69,3.89,18.14,63.58,-6.21
"3217","優群",19.77,465.34,306.77,254.23,2486.73,2.71,134.68,3.37,108.30,3.14,0.54,12.54,15.72,84.42,23.41,6.80,101.02,103.38,7.45
"3218","大學光",37.02,244.42,237.15,205.28,81.52,6.20,58.87,7.85,46.49,2.84,0.85,21.33,33.66,136.63,24.84,10.64,139.30,144.80,18.45
"3219","倚強科",25.09,753.97,308.07,252.88,20400.65,3.38,107.98,2.07,176.32,8.07,0.68,7.04,10.09,31.16,13.27,2.17,28.46,59.29,9.40
"3221","台嘉碩",33.39,321.79,237.78,178.04,59.24,5.48,66.60,2.71,134.68,3.87,0.92,9.36,14.01,44.16,10.05,3.18,68.07,108.47,9.83
"3224","三顧",15.83,1486.31,638.76,579.48,-9.93,4.34,84.10,8.02,45.51,9.09,0.53,-1.52,-1.94,-7.38,-3.09,-0.17,0.38,-47.20,0.05
"3226","龍鋒",34.07,281.23,179.83,152.62,22469.40,3.95,92.40,8.38,43.55,4.93,1.02,14.51,22.93,61.73,14.21,4.95,39.92,94.93,7.37
"3227","原相",19.06,1193.39,375.56,312.82,229.07,6.44,56.67,2.07,176.32,6.91,0.42,8.40,10.74,74.89,19.86,7.41,17.78,113.78,-10.36
"3228","金麗科",13.81,371.49,377.00,203.88,85.14,8.07,45.22,0.68,536.76,2.04,0.51,4.44,5.10,7.46,8.62,0.53,105.13,221.25,18.48
"3230","錦明",54.01,146.44,135.60,110.17,-4.18,2.36,154.66,7.64,47.77,1.24,0.57,-6.10,-15.62,-17.60,-13.53,-1.85,16.75,1.83,3.86
"3232","昱捷",50.96,345.59,197.05,111.79,2.45,3.90,93.58,2.91,125.42,5.78,1.12,1.98,2.50,3.98,1.05,0.39,0.00,35.09,0.00
"3234","光環",52.92,178.09,131.59,63.19,-244.96,5.88,62.07,1.39,262.58,1.51,0.58,-1.91,-5.89,-6.05,-4.66,-0.34,25.81,209.06,3.95
"3236","千如",53.25,149.03,156.00,113.76,2887.84,7.31,49.93,5.79,63.03,2.22,0.98,7.06,14.75,31.63,6.85,2.24,41.14,67.47,11.37
"3252","海灣",49.50,109.13,183.84,52.66,1.12,15.78,23.13,1.04,350.96,0.19,0.15,0.91,0.18,1.02,0.62,0.09,43.13,263.90,3.19
"3259","鑫創",20.98,880.40,428.63,104.45,-188.95,5.98,61.03,0.79,462.02,5.66,0.58,-22.38,-27.26,-16.96,-38.89,-2.10,-121.56,-68.98,-24.95
"3260","威剛",64.85,249.51,175.93,108.44,4.22,7.29,50.06,3.77,96.81,4.70,1.02,3.36,7.49,40.57,2.54,3.19,48.23,49.98,13.22
"3264","欣銓",46.72,132.80,184.67,176.46,33.77,5.30,68.86,"NA","NA",0.79,0.51,12.74,23.22,89.10,24.45,7.48,149.53,87.02,10.29
"3265","台星科",21.46,212.27,531.46,515.04,98.71,4.69,77.82,24.39,14.96,1.35,0.57,13.44,17.10,81.60,23.24,6.73,210.32,120.22,6.67
"3268","海德威",44.62,2664.24,372.43,250.86,9.71,2.66,137.21,20.72,17.61,43.84,1.42,6.46,10.72,14.85,4.17,1.53,"NA","NA","NA"
"3272","東碩",68.52,176.32,127.10,78.86,813.14,3.51,103.98,3.48,104.88,4.56,1.15,4.34,11.62,52.55,3.31,4.18,0.00,10.63,0.00
"3276","宇環",42.84,206.45,85.51,67.05,30.98,4.22,86.49,8.30,43.97,2.43,0.75,4.13,7.78,12.37,5.36,0.87,18.35,-12.03,3.99
"3284","太普高",39.11,865.08,510.22,359.06,5.26,3.61,101.10,3.31,110.27,4.71,0.54,3.04,4.07,5.25,4.45,0.46,-80.80,-32.08,-9.93
"3285","微端",36.30,508.17,257.40,216.05,-279.41,4.50,81.11,3.85,94.80,7.84,0.96,-0.73,-1.55,-2.27,-1.02,-0.46,25.32,128.67,10.57
"3287","廣寰科",20.32,526.12,467.91,357.16,17.78,2.56,142.57,1.58,231.01,4.08,0.60,1.24,1.53,2.78,1.94,0.02,119.70,51.00,24.88
"3288","點晶",55.36,8589.18,212.98,58.64,205.23,10.72,34.04,0.41,890.24,68.68,0.51,2.42,3.02,1.88,2.43,0.19,-1.90,-56.67,-1.48
"3289","宜特",54.17,137.95,116.52,109.15,11.11,2.89,126.29,0.00,"*****",0.98,0.51,5.78,11.49,62.60,10.33,5.33,56.62,101.71,13.47
"3290","東浦",49.74,244.20,208.98,182.54,9.16,2.01,181.59,5.96,61.24,1.94,0.58,4.26,7.78,15.65,6.49,1.17,34.51,132.42,0.02
"3293","鈊象",24.80,994.53,365.45,359.49,0.00,7.12,51.26,3.81,95.80,11.05,0.84,41.50,55.83,462.71,45.88,38.88,170.85,182.49,20.55
"3294","英濟",56.37,284.18,160.36,136.07,0.47,3.19,114.42,7.52,48.53,4.64,0.88,-2.45,-6.74,-1.12,-3.35,-1.20,14.02,84.07,5.76
"3297","杭特",27.86,175.17,152.34,124.64,4.22,6.14,59.44,1.39,262.58,0.65,0.27,0.76,0.70,2.32,1.87,0.11,9.40,-35.64,3.42
"3303","岱稜",37.51,184.71,232.85,140.40,31.91,5.28,69.12,3.41,107.03,2.08,0.85,8.56,14.70,37.49,9.77,2.91,56.47,80.47,7.40
"3306","鼎天",17.13,10456.76,284.57,219.79,136.64,11.61,31.43,4.33,84.29,74.98,0.62,0.66,0.81,3.70,1.05,0.25,8.87,37.76,-0.94
"3310","佳穎",76.47,596.28,130.81,32.09,6.89,3.30,110.60,0.35,1042.85,3.95,0.25,2.70,9.95,19.16,8.64,2.52,0.18,13.72,-3.73
"3313","斐成",44.00,1225.75,201.52,121.21,-31.04,3.71,98.38,0.02,18250.00,0.11,0.01,-11.29,-15.86,-14.60,-1943.47,-1.46,-62.79,-107.16,-48.28
"3317","尼克森",22.01,879.86,375.85,266.90,2405.75,3.03,120.46,2.99,122.07,8.78,0.80,13.21,17.38,91.08,16.59,7.08,22.84,156.96,3.64
"3322","建舜電",45.42,222.20,218.34,145.27,20.25,3.57,102.24,4.80,76.04,3.54,1.07,6.33,11.78,3.53,5.62,1.45,49.64,63.62,14.84
"3323","加百裕",60.56,524.92,196.59,136.82,8.49,3.00,121.66,5.80,62.93,17.34,1.55,3.52,8.66,23.30,1.98,2.75,36.74,17.32,20.58
"3324","雙鴻",50.53,225.49,149.82,108.41,64.51,3.00,121.66,5.10,71.56,5.37,1.17,11.15,24.01,184.18,9.29,14.68,22.08,82.82,9.28
"3325","旭品",46.65,273.56,195.01,150.90,-1027.60,2.03,179.80,3.45,105.79,2.83,0.58,-4.58,-9.28,-12.87,-8.61,-0.90,23.77,59.20,6.32
"3332","幸康",29.03,400.93,309.52,218.04,36028.40,7.29,50.06,2.03,179.80,5.02,0.80,10.33,14.46,56.54,12.81,4.56,30.53,85.21,6.61
"3339","泰谷",41.02,349.27,514.05,444.33,-5.45,2.18,167.43,2.72,134.19,2.36,0.54,-1.90,-3.92,-4.72,-4.02,-0.48,43.44,161.24,7.20
"3349","寶德",44.40,2793.15,264.29,189.87,"NA",3.68,99.18,3.72,98.11,16.03,0.69,-6.32,-11.81,-11.42,-9.20,-1.30,0.69,27.23,-7.34
"3354","律勝",24.50,254.78,280.68,184.62,-3.06,3.18,114.77,3.64,100.27,0.36,0.11,-1.27,-2.09,-2.67,-13.64,-0.30,29.37,170.18,4.36
"3357","臺慶科",29.47,179.03,314.80,243.57,103.98,2.48,147.17,3.92,93.11,1.19,0.56,11.12,16.29,121.23,19.63,10.11,122.11,78.50,8.74
"3360","尚立",79.12,511.02,123.41,98.08,1.58,5.15,70.87,11.47,31.82,59.49,2.18,1.55,2.30,4.43,0.24,0.32,-11.55,73.50,-36.93
"3362","先進光",57.54,174.12,126.66,82.56,11.52,2.71,134.68,2.40,152.08,1.61,0.54,6.71,16.19,35.37,11.29,3.05,26.63,9.83,10.21
"3363","上詮",23.76,463.67,329.20,247.92,19.11,4.03,90.57,3.25,112.30,3.92,0.72,2.23,2.76,8.23,2.90,0.53,50.22,89.95,4.13
"3372","典範",10.26,217.12,726.08,483.59,94.89,3.57,102.24,3.74,97.59,1.16,0.49,3.40,3.92,4.79,6.88,0.49,216.88,88.42,2.43
"3373","熱映",9.00,808.00,990.00,301.00,0.00,8.78,41.57,0.76,480.26,4.27,0.48,2.40,2.70,7.80,5.10,0.66,0.00,81.00,0.00
"3374","精材",21.98,205.97,345.27,313.44,566.96,6.63,55.05,17.72,20.59,2.00,0.88,22.53,29.16,92.16,25.66,7.31,195.86,208.05,10.79
"3379","彬台",50.71,267.58,110.48,45.05,-25.71,11.62,31.41,3.27,111.62,3.26,0.62,-2.14,-4.47,-5.58,-3.59,-0.55,-13.53,-5.48,-13.94
"3388","崇越電",30.00,1147.00,467.00,371.00,48.00,4.15,87.95,7.46,48.92,18.16,1.34,7.46,10.41,82.76,5.45,6.30,34.69,100.86,1.76
"3390","旭軟",41.04,589.27,210.89,193.30,13.14,2.49,146.58,3.91,93.35,5.05,0.51,4.29,6.95,13.95,7.73,1.13,16.13,69.02,5.88
"3402","漢科",71.10,304.03,129.00,73.62,243.40,7.17,50.90,2.02,180.69,7.50,0.77,7.73,22.74,72.01,8.07,5.20,40.85,177.39,65.94
"3426","台興",31.57,1119.11,425.37,386.65,96.94,3.56,102.52,7.58,48.15,10.41,0.70,7.34,10.99,39.36,10.40,2.83,45.84,115.72,3.45
"3430","奇鈦科",31.24,322.59,339.57,205.66,89.93,8.26,44.18,3.04,120.06,4.26,1.20,14.86,23.49,74.04,12.28,6.33,87.27,235.85,12.27
"3434","哲固",46.09,457.25,193.92,98.96,21.64,5.68,64.26,3.04,120.06,11.79,1.39,7.79,14.51,21.73,5.27,1.68,32.45,-498.93,21.19
"3438","類比科",9.31,261.30,615.93,364.92,52531.95,3.92,93.11,1.91,191.09,1.87,0.57,6.05,7.23,26.79,10.43,2.29,43.80,105.80,-6.13
"3441","聯一光電",25.73,1777.33,399.67,267.47,29.89,4.14,88.16,0.88,414.77,9.70,0.41,10.10,14.01,29.10,23.75,2.52,39.36,61.38,7.47
"3444","利機",35.63,419.99,193.18,179.43,115.54,2.03,179.80,11.13,32.79,4.66,0.77,14.40,22.69,59.86,18.48,5.01,23.54,122.61,2.27
"3455","由田",43.48,293.85,221.27,155.58,120.48,1.91,191.09,1.52,240.13,3.67,0.69,16.60,28.52,152.62,23.84,12.55,46.46,62.90,10.32
"3465","進泰電子",54.41,174.40,113.43,69.12,20.76,3.22,113.35,3.06,119.28,3.18,0.68,6.09,14.77,50.39,8.40,3.43,40.82,8.14,16.65
"3466","德晉",43.28,313.55,188.91,150.07,4.93,3.08,118.50,3.42,106.72,3.24,0.70,0.34,0.41,1.22,0.36,0.07,0.00,200.41,0.00
"3479","安勤",41.83,413.42,196.14,108.24,60.80,6.87,53.12,3.63,100.55,9.92,1.57,12.78,21.75,117.81,7.97,7.90,16.22,57.10,3.67
"3483","力致",51.91,248.88,156.79,122.31,1706.75,2.45,148.97,5.19,70.32,4.79,0.98,6.94,14.84,71.55,6.72,6.40,37.75,76.04,21.45
"3484","崧騰",49.23,260.98,194.30,130.50,16.25,6.46,56.50,2.86,127.62,5.64,1.11,6.84,14.13,58.29,5.79,5.07,41.93,98.02,12.46
"3489","森寶",67.01,419189.39,158.69,29.37,0.92,7.26,50.27,0.31,1177.41,2465.52,0.25,0.68,1.86,4.10,2.63,0.29,-9.14,-26.12,-18.57
"3490","單井",20.66,178.26,309.92,245.56,4845.81,3.67,99.45,2.44,149.59,0.63,0.32,7.22,9.23,25.03,22.44,2.11,112.96,188.16,6.76
"3491","昇達科",30.84,271.90,222.54,196.59,8985.27,3.12,116.98,3.52,103.69,2.04,0.53,9.41,13.62,66.94,17.66,4.36,42.15,76.14,4.45
"3492","長盛",35.88,538.56,223.88,170.69,67.16,4.04,90.34,4.31,84.68,6.93,0.85,5.86,9.13,13.74,6.85,1.45,21.50,154.76,6.50
"3498","陽程",37.66,416.13,235.05,164.00,30.62,5.42,67.34,1.44,253.47,2.71,0.45,2.69,4.35,16.74,5.85,1.68,8.98,47.88,4.15
"3499","環天科",47.81,248.31,149.73,114.79,0.13,8.14,44.84,1.49,244.96,1.40,0.30,0.03,-0.71,-0.87,-1.25,-0.07,-8.28,74.44,-5.12
"3508","位速",57.74,555.17,46.77,25.25,-23409.00,1.94,188.14,7.16,50.97,0.54,0.04,-9.17,-20.46,-19.86,-232.71,-2.04,-9.11,-131.67,-8.48
"3511","矽瑪",29.76,352.19,264.49,197.29,82.44,5.03,72.56,4.91,74.33,5.29,1.19,10.27,15.30,58.26,8.54,3.12,64.94,162.12,13.53
"3512","皇龍",70.68,1334.79,158.78,29.65,14.92,14.33,25.47,0.39,935.89,12.05,0.40,6.18,18.70,47.21,14.55,3.88,-10.50,-43.91,-23.89
"3516","亞帝歐",40.45,164.14,203.59,166.65,15.61,2.45,148.97,2.61,139.84,1.10,0.44,2.99,4.40,16.28,6.24,1.10,24.39,147.19,5.70
"3520","華盈",43.77,231.65,241.36,197.54,13.91,2.37,154.00,5.24,69.65,2.59,0.68,7.75,13.43,14.90,10.69,1.49,50.53,42.81,13.84
"3521","鴻翊",58.66,602.59,222.02,34.60,-521.91,12.71,28.71,0.34,1073.52,1.86,0.22,-5.94,-18.86,-13.25,-31.82,-1.70,0.00,94.92,0.00
"3522","御嵿",84.33,461.30,24.36,19.03,-3.16,61.36,5.94,17.00,21.47,2.46,0.34,-4.50,-33.00,-24.35,-15.99,-2.46,-2.28,144.82,-0.76
"3523","迎輝",76.81,119.32,97.51,67.49,-5.39,3.18,114.77,3.14,116.24,0.17,0.12,-8.33,-34.02,-20.31,-82.82,-2.01,-34.70,0.00,-2.51
"3526","凡甲",38.57,385.04,264.21,242.26,60.57,2.43,150.20,6.51,56.06,2.68,0.56,13.77,22.10,113.58,23.99,9.41,108.77,96.39,6.07
"3527","聚積",16.38,794.21,521.98,313.65,199.01,3.64,100.27,1.64,222.56,7.37,0.74,8.43,10.53,72.22,11.30,6.44,30.10,96.37,5.31
"3529","力旺",20.65,675.20,423.72,420.51,13257.42,18.56,19.66,"NA","NA",6.98,0.91,45.28,58.24,250.57,49.87,21.61,213.76,142.40,19.45
"3531","先益",31.71,646.17,286.64,225.45,3526.00,3.42,106.72,4.78,76.35,6.88,0.80,6.81,10.08,39.47,8.22,3.02,34.17,72.52,5.37
"3537","堡達",43.96,529.55,206.39,150.73,47.18,2.71,134.68,5.49,66.48,13.04,1.38,11.81,21.38,55.16,8.41,4.42,25.47,64.67,2.54
"3540","曜越",59.73,2042.64,156.55,98.92,3.05,2.98,122.48,1.51,241.72,33.77,0.75,0.72,0.83,5.68,0.44,0.43,4.90,21.82,0.21
"3541","西柏",39.47,331.22,201.64,137.52,127.34,8.19,44.56,2.35,155.31,4.85,0.96,14.76,23.15,65.03,15.17,5.32,56.92,110.44,17.90
"3546","宇峻",21.09,1512.42,448.76,436.44,1362.69,8.14,44.84,"*****","*****",16.31,0.87,17.89,23.00,82.25,20.44,6.72,99.70,148.02,11.55
"3548","兆利",49.42,224.62,171.68,150.28,36.36,2.51,145.41,7.57,48.21,2.88,0.77,5.41,10.88,120.50,6.75,7.88,32.45,100.17,15.71
"3551","世禾",28.93,157.96,218.98,199.57,61.70,5.13,71.15,12.99,28.09,1.00,0.52,8.01,10.93,83.69,15.18,6.40,88.74,117.75,10.54
"3552","同致",57.79,400.24,168.67,129.82,13.07,2.07,176.32,2.70,135.18,6.72,0.93,6.50,15.19,75.08,6.50,7.22,13.11,74.73,5.75
"3555","博士旺",26.11,16846.85,380.23,368.62,-7590.01,5.20,70.19,2.36,154.66,32.18,0.07,-30.81,-45.99,-42.42,-473.86,-4.27,69.22,63.55,21.51
"3556","禾瑞亞",20.81,47020.72,448.96,241.73,2481.50,7.21,50.62,1.04,350.96,366.19,0.79,18.22,23.67,59.96,23.01,5.12,40.76,75.98,-12.24
"3558","神準",67.90,160.24,117.73,83.46,240.52,7.46,48.92,4.80,76.04,7.20,1.51,9.91,29.10,300.30,6.52,21.70,27.02,83.59,41.61
"3564","其陽",56.78,186.56,152.73,80.42,11.91,3.94,92.63,2.09,174.64,2.73,0.89,6.06,12.60,32.12,6.24,2.60,24.74,1.35,14.87
"3567","逸昌",14.43,128.53,296.77,296.77,93.14,4.18,87.32,"NA","NA",0.70,49.46,8.01,13.50,29.08,21.75,2.36,308.96,104.77,4.57
"3570","大塚",25.07,3048.58,387.66,324.97,523.89,5.07,71.99,8.11,45.00,56.47,1.46,17.05,22.71,128.14,11.68,10.65,73.94,153.80,10.62
"3577","泓格",24.46,180.25,230.15,50.41,143.02,12.26,29.77,0.77,474.02,1.78,0.77,14.68,19.36,49.77,18.91,3.98,35.68,43.34,3.27
"3580","友威科",57.72,1421.07,161.03,136.30,45.10,4.04,90.34,2.46,148.37,15.04,0.55,13.57,28.41,83.19,23.81,6.37,44.69,170.29,37.90
"3581","博磊",52.84,727.95,164.04,0.98,17.09,4.26,85.68,1.66,219.87,10.34,0.76,4.90,9.43,27.22,5.98,1.26,13.64,27.28,8.49
"3587","閎康",48.46,168.20,179.06,160.77,28.89,3.70,98.64,"NA","NA",1.56,0.65,10.64,18.44,125.98,15.79,10.12,71.27,87.90,10.07
"3594","磐儀",43.20,458.06,222.84,148.41,1088.63,2.92,125.00,1.74,209.77,3.21,0.52,4.16,7.06,18.58,7.14,1.51,21.67,24.85,8.56
"3597","映興",46.02,366.76,259.30,212.14,20.40,3.45,105.79,5.05,72.27,4.78,0.94,7.63,13.22,29.33,7.68,2.06,24.28,73.36,0.93
"3609","三一東林",54.87,250.04,133.99,61.33,-9.24,10.48,34.82,3.18,114.77,3.52,0.74,-7.66,-18.01,-13.24,-11.22,-2.76,-38.23,-76.23,-30.98
"3611","鼎翰",42.73,557.49,175.37,105.44,48.25,5.99,60.93,3.69,98.91,7.70,1.00,12.37,21.83,295.86,12.11,22.71,26.93,134.42,3.89
"3615","安可",27.78,286.66,437.49,388.07,549.00,2.97,122.89,4.62,79.00,1.16,0.30,1.89,2.12,4.24,4.52,0.09,52.65,101.08,3.43
"3623","富晶通",28.23,1858.21,339.45,276.15,-12.15,5.02,72.70,4.91,74.33,15.35,0.67,-4.43,-6.91,-9.51,-7.72,-0.94,-21.26,52.05,-2.34
"3624","光頡",18.18,267.96,411.49,276.87,342.76,4.88,74.79,2.11,172.98,2.62,0.78,14.62,18.54,62.97,18.60,4.99,92.27,86.97,7.84
"3625","西勝",74.37,113.66,103.53,93.61,-22.36,6.42,56.85,1.70,214.70,1.16,0.40,-12.92,-48.27,-43.84,-33.58,-4.68,-7.57,-5.50,-8.04
"3628","盈正",52.93,258.16,138.21,54.80,12.62,3.81,95.80,1.56,233.97,4.13,0.86,3.49,7.00,31.41,3.72,2.55,10.61,26.37,6.74
"3629","地心引力",25.53,1902.13,370.18,350.49,-302.51,5.33,68.48,"NA","NA",7.33,0.27,-45.64,-62.59,-45.49,-169.54,-4.63,-139.43,72.18,-42.47
"3630","新鉅科",51.78,134.96,188.08,148.97,-7.46,3.11,117.36,5.31,68.73,0.40,0.22,-5.80,-12.88,-24.78,-28.58,-2.48,8.14,15.85,0.97
"3631","晟楠",42.23,264.14,673.17,524.01,-1.42,4.98,73.29,0.47,776.59,0.18,0.04,-1.15,-3.50,-6.39,-38.32,-0.58,-44.22,-5.96,-3.04
"3632","研勤",56.41,372.10,154.30,114.23,-1.67,9.49,38.46,6.13,59.54,4.77,0.94,-1.73,-5.59,-2.11,-2.52,0.07,0.00,90.17,0.00
"3646","艾恩特",42.35,418.51,200.76,125.51,25.63,4.50,81.11,3.10,117.74,5.88,0.91,10.25,16.78,27.16,10.81,2.28,40.18,68.05,11.30
"3663","鑫科",34.81,543.40,256.93,85.22,11.83,8.48,43.04,3.20,114.06,10.72,1.43,5.10,6.93,14.08,3.24,1.12,20.67,75.41,2.05
"3664","安瑞-KY",67.72,3398.02,183.89,158.56,-71.23,1.55,235.48,3.44,106.10,33.75,0.62,-23.51,-55.46,-35.69,-38.61,-3.65,0.00,31.18,0.00
"3666","光耀",16.15,209.05,327.43,237.95,-71.29,2.36,154.66,5.54,65.88,2.83,0.61,-19.21,-26.22,-51.73,-31.97,-5.61,89.39,69.71,9.47
"3672","康聯訊",51.44,404.75,164.26,92.50,-0.48,8.95,40.78,1.80,202.77,6.42,0.86,-1.05,-3.15,-2.15,-1.75,-0.35,21.50,-14.50,13.80
"3675","德微",53.49,147.60,137.97,103.45,27.91,4.60,79.34,3.98,91.70,1.49,0.70,15.01,33.38,99.85,20.93,10.26,66.94,81.68,13.13
"3680","家登",56.23,197.75,210.52,142.94,23.28,5.27,69.25,1.74,209.77,0.99,0.41,9.86,20.80,145.57,22.86,11.12,31.79,32.36,6.68
"3684","榮昌",45.09,181.89,189.03,148.84,42.06,4.69,77.82,7.79,46.85,2.59,1.00,11.20,20.52,64.48,10.88,5.00,63.12,61.65,15.39
"3685","元創精密",44.88,108.74,132.73,94.77,-212.03,3.04,120.06,4.26,85.68,1.66,0.62,-1.56,-6.49,-8.27,-3.61,-0.75,5.86,33.57,2.48
"3687","歐買尬",55.96,20748.92,193.50,193.31,43.22,123.60,2.95,62640.67,0.00,83.70,0.24,4.77,12.57,137.89,19.55,2.71,-4.31,583.11,-4.73
"3689","湧德",39.28,276.82,193.86,117.74,23.83,3.66,99.72,3.64,100.27,4.64,1.15,5.92,10.26,51.26,4.92,4.25,44.44,120.31,18.66
"3691","碩禾",30.13,229.77,257.21,190.33,-6.35,4.14,88.16,4.43,82.39,1.39,0.45,-4.19,-7.36,-56.23,-10.11,-6.14,25.74,125.86,4.74
"3693","營邦",58.45,347.20,149.37,63.29,50.26,5.95,61.34,2.09,174.64,8.20,1.33,11.26,23.85,161.60,8.27,11.83,0.00,5.15,0.00
"3707","漢磊",37.82,300.63,326.90,247.10,49.36,5.92,61.65,4.03,90.57,2.90,0.78,9.93,15.41,38.61,12.46,2.47,68.74,70.26,7.11
"3709","鑫聯大投控",73.87,3806.48,132.33,70.57,5.45,11.39,32.04,6.41,56.94,351.85,2.81,3.04,8.64,24.29,0.87,1.85,-36.07,-57.81,-113.27
"3710","連展投控",70.88,131.85,97.22,71.17,-0.29,3.20,114.06,4.58,79.69,2.22,0.77,-2.14,-14.98,-7.54,-4.88,-1.39,1.46,43.74,0.83
"3713","新晶投控",71.74,360.69,141.87,64.20,7.77,12.54,29.10,2.00,182.50,3.88,0.64,3.93,10.60,9.22,5.45,0.88,-44.41,3.42,-29.67
"4102","永日",33.66,221.85,292.94,192.53,24.71,6.11,59.73,3.24,112.65,1.88,0.77,8.01,12.06,17.83,13.38,1.65,60.88,123.48,5.01
"4105","東洋",35.07,275.43,172.60,135.27,61.82,4.28,85.28,2.05,178.04,2.06,0.54,11.87,18.38,56.64,21.79,4.40,42.36,88.21,6.72
"4107","邦特",32.33,198.03,334.26,273.81,116.35,6.95,52.51,3.61,101.10,1.16,0.48,11.92,16.92,89.93,24.55,7.12,112.35,85.76,7.08
"4109","加捷生醫",7.97,206.42,431.49,371.81,-3185.01,6.31,57.84,3.72,98.11,0.72,0.31,-0.53,-0.59,-0.42,-1.72,-0.06,-15.47,7.39,-1.64
"4111","濟生",32.12,169.70,177.97,153.47,90.84,4.05,90.12,7.61,47.96,1.40,0.66,8.97,13.26,28.48,13.48,2.70,44.59,98.25,7.29
"4113","聯上",76.79,8019.90,143.14,15.17,-0.95,459.06,0.79,0.01,36500.00,1.37,0.01,-0.63,-4.27,-6.82,-166.64,-0.68,0.00,17.91,-1.75
"4114","健喬",40.65,157.36,172.57,110.49,1316.87,4.54,80.39,2.01,181.59,0.78,0.41,6.19,9.71,21.09,14.11,2.46,27.13,85.31,5.18
"4116","明基醫",48.90,260.65,172.27,139.58,21.35,7.90,46.20,8.74,41.76,3.96,1.10,9.24,16.68,61.68,8.02,4.04,37.90,176.62,12.26
"4120","友華",66.98,184.12,110.33,72.58,-371.93,7.19,50.76,2.19,166.66,1.26,0.48,-2.42,-8.57,-37.83,-6.24,-3.58,-5.77,19.51,-4.01
"4121","優盛",51.32,320.57,186.68,105.82,1289.24,17.22,21.19,3.28,111.28,5.04,1.12,6.07,11.65,32.18,4.99,2.01,37.89,130.59,15.47
"4123","晟德",23.56,3857.90,72.67,70.14,-6.12,5.72,63.81,3.80,96.05,1.20,0.02,-1.83,-2.85,-9.90,-74.97,0.17,-6.34,-5.48,-8.98
"4126","太醫",25.48,155.23,263.51,185.25,59.81,10.58,34.49,4.31,84.68,1.21,0.59,9.06,12.22,56.95,15.17,4.56,85.84,105.55,2.85
"4127","天良",29.76,140.62,175.88,112.57,3448.14,5.42,67.34,2.46,148.37,1.54,0.79,9.15,13.38,12.97,11.25,1.30,11.79,-20.47,3.13
"4128","中天",7.17,1204.22,1003.93,951.50,25.90,25.42,14.35,4.70,77.65,1.39,0.11,1.04,1.09,2.97,8.85,0.41,31.89,39.94,0.79
"4129","聯合",44.97,266.70,152.13,75.19,13.57,4.39,83.14,0.67,544.77,2.24,0.58,4.47,7.56,10.11,7.05,2.83,20.55,86.80,8.54
"4130","健亞",9.81,356.77,593.04,461.90,-31.03,4.60,79.34,1.81,201.65,1.08,0.28,-0.77,-0.88,-0.82,-2.80,-0.11,1.14,44.69,-2.18
"4131","浩泰",69.00,174.00,99.00,57.00,-1798.00,2.25,162.22,0.86,424.41,1.33,0.32,-13.00,-38.00,-20.00,-43.00,-1.49,-1.00,-134.00,-2.00
"4138","曜亞",42.04,846.98,198.19,165.51,135.00,7.08,51.55,2.82,129.43,6.06,0.48,5.66,9.24,59.39,10.83,4.57,31.62,160.79,10.03
"4139","馬光-KY",68.52,199.01,80.18,55.81,-1.12,9.13,39.97,9.40,38.82,2.94,0.68,-1.64,-6.90,-7.09,-2.92,-0.73,33.45,234.19,27.60
"4147","中裕",33.80,406.31,656.33,236.05,"*****",4.39,83.14,0.27,1351.85,0.59,0.12,-5.95,-9.52,-10.66,-47.83,-1.07,-183.47,"NA","NA"
"4153","鈺緯",18.82,451.51,416.21,276.51,337.53,3.98,91.70,1.78,205.05,4.21,0.76,4.09,4.96,10.95,5.23,0.85,31.20,46.32,4.70
"4154","樂威科-KY",56.43,107.00,100.97,69.59,-817.30,5.76,63.36,3.81,95.80,1.42,0.58,-4.90,-10.71,-11.95,-9.33,-0.98,0.00,8.66,0.00
"4157","太景*-KY",7.35,4630.67,1849.62,1808.21,0.00,0.24,1520.83,0.22,1659.09,1.49,0.03,-19.37,-21.33,-60.49,-654.61,-0.33,0.00,0.00,0.00
"4160","訊聯基因",23.75,1639.45,375.98,340.16,314.15,6.20,58.87,7.06,51.69,26.22,1.24,5.91,7.79,13.69,4.74,1.06,48.78,69.29,12.20
"4161","聿新科",52.63,172.21,140.87,90.53,7.84,2.97,122.89,2.27,160.79,1.46,0.51,3.58,6.66,12.14,6.13,1.00,8.91,29.24,4.57
"4162","智擎",2.38,108416.20,4986.32,4934.32,5097.94,4.07,89.68,2.46,148.37,327.51,0.16,7.97,8.16,26.93,48.71,2.22,256.56,1.49,-4.80
"4163","鐿鈦",50.48,189.82,181.19,108.52,34.31,9.58,38.10,1.60,228.12,1.61,0.58,10.31,19.93,108.16,17.31,8.75,31.36,65.45,7.99
"4167","松瑞藥",23.63,359.88,398.08,250.63,331.85,3.23,113.00,0.88,414.77,1.16,0.28,1.09,1.09,1.15,2.87,0.11,74.73,33.04,12.17
"4168","醣聯",15.80,168.95,1603.11,1536.15,-4944.10,151.94,2.40,"NA","NA",0.03,0.02,-14.13,-15.68,-20.53,-730.67,-2.21,-376.65,"NA",-8.50
"4171","瑞基",32.01,386.70,277.88,214.80,42.19,5.62,64.94,0.72,506.94,2.40,0.45,13.48,19.86,59.25,29.00,4.82,92.87,103.10,11.85
"4173","久裕",61.93,4421.40,145.81,141.22,2449.93,3.63,100.55,8.21,44.45,34.54,0.22,1.39,3.38,10.66,6.15,0.84,4.60,565.14,5.18
"4174","浩鼎",7.50,627.82,2276.44,2170.97,-479.47,1.71,213.45,2.84,128.52,0.01,0.00,-34.10,-37.96,-83.56,-40316.79,-7.27,-732.44,-785.25,-22.61
"4175","杏一",81.86,215.11,81.94,41.82,5.74,39.97,9.13,4.61,79.17,3.51,1.01,2.97,13.79,61.11,2.43,4.83,34.52,"NA",40.28
"4183","福永生技",41.57,450.00,336.59,251.43,13.87,5.15,70.87,4.23,86.28,6.52,0.84,4.90,8.35,11.54,5.47,1.07,4.84,71.13,-3.17
"4188","安克",6.15,756.62,1315.35,1226.35,-463.47,11.98,30.46,1.06,344.33,0.86,0.11,-9.28,-9.89,-10.21,-88.18,-1.01,-124.97,-308.10,-6.03
"4192","杏國",42.97,6834.45,186.58,149.09,-82.08,8.52,42.84,0.39,935.89,3.28,0.03,-29.63,-54.53,-16.39,-1189.80,-1.64,-112.31,-1062.56,-69.06
"4198","欣大健康",59.43,306.95,223.23,123.38,-28.70,4.89,74.64,1.05,347.61,2.82,0.61,-17.22,-44.67,-31.83,-27.18,-3.77,-51.45,-431.16,-14.29
"4205","中華食",17.00,283.00,478.00,454.00,211.00,9.74,37.47,21.09,17.30,2.95,0.83,15.92,19.11,50.38,19.15,3.97,112.84,104.12,3.90
"4207","環泰",44.00,183.03,220.33,146.67,10.15,4.67,78.15,6.96,52.44,2.07,0.89,4.00,6.29,17.53,3.79,0.79,0.53,123.57,-1.47
"4303","信立",42.49,181.91,134.87,116.93,-5.61,6.41,56.94,5.46,66.84,0.55,0.24,-2.71,-4.64,-5.62,-12.66,-0.61,24.05,-4.69,-0.97
"4304","勝昱",61.56,152.10,112.40,73.86,-14.29,4.54,80.39,8.28,44.08,3.50,0.98,-10.18,-23.67,-15.30,-10.98,-1.56,0.00,0.00,-44.70
"4305","世坤",11.28,398.87,742.57,687.55,3116.15,4.26,85.68,9.84,37.09,3.29,0.75,12.06,13.86,33.41,16.14,2.67,202.83,126.44,9.17
"4401","東隆興",53.35,132.37,127.06,48.88,7.53,9.53,38.30,2.54,143.70,1.36,0.69,3.29,6.22,16.77,4.20,1.37,27.04,74.43,4.99
"4402","郡都開發",49.30,169.91,133.81,118.69,0.87,4.52,80.75,4.53,80.57,0.92,0.30,-0.78,-2.86,-0.12,-4.64,-0.17,11.03,-61.66,7.57
"4406","新昕纖",22.34,316.76,281.71,185.94,16.00,8.89,41.05,3.79,96.30,2.49,0.67,2.56,3.22,4.71,3.61,0.40,-1.66,105.25,-0.96
"4413","飛寶企業",27.38,368.78,726.35,544.28,3893.68,6.95,52.51,6.37,57.29,6.03,1.55,12.32,16.81,17.24,7.79,1.72,370.64,-207.02,40.59
"4416","三圓",88.15,150946.70,108.91,29.60,-2.21,28.65,12.73,0.01,36500.00,34.27,0.01,-0.71,-13.50,-46.61,-283.24,-4.71,-15.21,-111.21,-49.70
"4417","金洲",34.55,244.13,235.49,138.09,34.78,4.41,82.76,2.10,173.80,2.30,0.71,9.06,13.32,67.56,12.29,4.80,25.73,83.95,3.25
"4419","皇家美食",78.10,350.06,61.74,54.09,-1.45,54.19,6.73,18.88,19.33,2.62,0.53,-3.52,-23.83,-7.07,-10.16,-0.63,21.69,162.86,5.11
"4420","光明",56.84,127.37,105.02,71.99,0.52,8.69,42.00,7.51,48.60,0.50,0.34,0.51,-0.36,-2.66,-0.46,-0.11,16.44,16.77,-0.95
"4430","耀億",47.28,135.61,126.64,74.43,1.07,6.77,53.91,2.20,165.90,1.10,0.52,0.74,0.47,0.31,0.46,0.17,26.93,30.58,8.83
"4432","銘旺實",17.82,484.41,476.00,344.64,679.43,6.63,55.05,3.54,103.10,6.14,1.06,11.90,14.76,39.42,11.18,3.41,124.93,162.90,20.04
"4433","興采",57.51,117.20,89.32,51.85,9.59,11.37,32.10,3.02,120.86,1.23,0.64,2.68,4.94,29.88,3.63,2.51,19.30,50.16,8.39
"4442","竣邦-KY",44.98,346.16,179.86,135.71,25.36,4.90,74.48,7.86,46.43,8.71,1.52,7.67,13.05,30.50,4.83,2.31,19.13,106.23,9.60
"4502","健信",74.25,135.86,115.40,65.47,64.34,4.98,73.29,2.40,152.08,1.29,0.59,1.11,-3.63,-4.18,-1.64,-0.39,-3.46,36.85,-1.05
"4503","金雨",22.05,165.83,266.29,176.93,-20.39,3.73,97.85,2.01,181.59,0.48,0.24,-4.88,-7.21,-9.88,-21.33,-0.84,-18.00,-37.29,-2.64
"4506","崇友",45.21,444.85,159.54,99.69,2301.69,4.57,79.86,1.54,237.01,4.17,0.54,9.73,17.52,58.36,17.89,4.79,20.89,121.97,5.55
"4510","高鋒",60.84,205.47,160.72,101.38,2.57,4.39,83.14,1.81,201.65,1.26,0.42,1.74,2.62,6.57,2.27,0.46,12.35,64.22,4.73
"4513","福裕",66.81,452.75,156.54,68.03,1.43,5.13,71.15,1.21,301.65,4.59,0.64,-1.86,-2.82,1.65,-1.43,-0.30,-7.77,0.78,-0.07
"4523","永彰",36.44,466.60,155.75,73.89,-36.17,3.77,96.81,1.50,243.33,2.61,0.40,-6.60,-10.02,-13.69,-16.99,-1.44,-18.80,12.52,0.00
"4527","方方土霖",49.00,299.00,177.00,123.00,31.00,2.70,135.18,3.50,104.28,5.20,1.00,7.00,14.00,33.00,7.00,2.68,6.00,78.00,-2.00
"4528","江興鍛",47.42,153.85,160.22,125.73,9.75,4.68,77.99,4.26,85.68,1.21,0.54,4.46,8.08,27.07,7.41,2.14,18.63,80.82,3.83
"4529","淳紳",4.85,342.87,1273.47,1234.50,15.10,48.82,7.47,5.83,62.60,0.02,0.01,2.42,2.88,2.89,842.75,0.33,-144.02,0.00,-4.79
"4530","宏易",26.58,319.22,365.83,337.17,3.13,13.77,26.50,18.03,20.24,3.33,0.56,2.08,3.48,1.26,4.46,-0.27,60.12,58.37,6.42
"4533","協易機",60.99,409.70,196.98,148.46,3.90,5.58,65.41,2.53,144.26,3.79,0.57,0.83,1.19,5.23,0.81,0.18,-2.28,127.48,-2.41
"4534","慶騰",46.54,158.35,148.19,96.14,-15.36,2.57,142.02,1.84,198.36,1.54,0.54,-8.73,-17.01,-15.14,-16.99,-1.71,24.58,120.10,7.15
"4535","至興",16.46,270.69,418.23,321.67,737.49,6.04,60.43,5.43,67.21,3.15,0.98,9.56,11.44,55.27,9.76,2.82,81.21,138.19,4.67
"4538","大詠城",25.03,179.56,454.61,383.69,111.83,3.82,95.54,5.60,65.17,1.24,0.68,9.03,11.11,19.77,13.19,1.59,113.08,101.38,9.23
"4541","晟田",58.60,174.92,182.02,141.36,693.29,4.97,73.44,2.27,160.79,0.75,0.34,3.53,7.38,22.31,8.91,1.80,39.34,83.06,5.80
"4542","科嶠",54.72,237.31,161.75,101.68,-0.42,2.97,122.89,1.19,306.72,2.81,0.55,0.25,0.00,-1.63,0.00,0.04,-3.33,6.11,-4.65
"4543","萬在",32.74,170.46,199.28,153.35,26.66,4.79,76.20,2.50,146.00,0.87,0.41,6.18,8.89,33.54,14.49,2.49,54.36,94.17,10.54
"4549","桓達",24.74,263.98,437.12,349.53,111.68,5.76,63.36,2.32,157.32,1.92,0.66,15.04,20.10,81.55,22.64,6.59,94.42,100.81,5.18
"4550","長佳",48.99,252.43,150.10,106.32,121.20,2.95,123.72,0.37,986.48,3.46,0.75,5.97,12.53,32.42,7.89,2.83,27.30,102.36,19.74
"4554","橙的",28.21,1874.64,294.90,191.88,20.43,4.12,88.59,1.14,320.17,14.40,0.53,4.16,6.16,13.03,7.49,1.14,1.97,135.64,-3.56
"4556","旭然",54.55,132.44,114.91,73.92,348.67,4.75,76.84,1.21,301.65,0.83,0.38,2.67,4.04,11.89,4.68,0.78,12.14,24.71,4.90
"4558","寶緯",56.24,204.23,196.37,71.16,529.72,4.08,89.46,2.25,162.22,3.06,0.91,3.49,7.21,15.28,3.10,1.25,15.78,5.55,-2.39
"4561","健椿",52.34,135.21,173.60,123.48,15.36,6.64,54.96,2.00,182.50,0.84,0.46,4.96,10.14,24.16,10.14,1.93,33.82,66.90,6.36
"4563","百德",67.18,363.85,123.25,66.00,526.42,5.17,70.59,1.63,223.92,5.02,0.67,3.54,9.14,25.96,4.21,1.98,8.03,33.70,8.05
"4568","科際精密",31.41,282.50,314.45,268.62,249.05,4.40,82.95,5.06,72.13,2.74,0.74,8.40,13.08,59.59,11.47,4.76,78.86,96.99,9.12
"4577","達航科技",41.52,145.22,123.24,51.39,13.54,7.80,46.79,1.98,184.34,1.49,0.68,6.11,10.61,34.80,8.27,2.79,52.15,63.66,12.63
"4580","捷流閥業",38.53,280.75,286.66,151.66,42.65,5.21,70.05,4.79,76.20,2.95,0.82,10.97,17.82,103.66,13.01,7.91,23.40,43.42,1.39
"4584","君帆",51.19,180.49,182.27,143.25,14.29,2.30,158.69,2.61,139.84,1.75,0.58,5.52,11.39,45.54,8.81,3.61,32.91,157.08,7.91
"4609","唐鋒",72.36,468.27,174.81,160.64,1.53,1.14,320.17,1.76,207.38,1.55,0.22,1.26,1.98,0.80,2.20,0.08,57.44,49.99,19.96
"4702","中美實",20.49,1504.35,195.96,192.37,5047.95,13.87,26.31,55.52,6.57,13.14,0.71,8.40,10.74,16.92,11.49,1.64,81.43,2177.36,19.30
"4706","大恭",9.52,884.73,1037.35,561.47,3910.69,4.05,90.12,1.56,233.97,6.74,0.72,3.02,3.41,7.92,4.17,0.64,83.63,95.85,1.46
"4707","磐亞",33.01,694.35,40.95,30.77,13.17,10.51,34.72,6.94,52.59,2.03,0.22,4.99,6.99,12.21,21.99,1.14,16.74,443.24,5.90
"4711","永純",16.27,330.51,698.81,464.84,-2092.96,5.51,66.24,3.62,100.82,3.26,0.89,-1.37,-1.74,-3.83,-1.69,-0.31,96.90,98.15,3.07
"4714","永捷",43.53,257.66,184.41,79.74,-651.43,4.84,75.41,0.52,701.92,0.56,0.15,-2.53,-4.36,-11.50,-17.76,-0.38,-43.26,-59.81,-20.35
"4716","大立",37.09,240.41,196.78,175.19,-0.19,3.53,103.39,4.54,80.39,1.38,0.39,-0.48,-1.24,-0.91,-2.03,-0.17,-32.99,-15.89,-18.00
"4721","美琪瑪",40.03,415.91,197.25,127.81,36.92,6.85,53.28,8.19,44.56,14.60,2.11,15.86,26.46,64.18,7.23,5.09,35.66,81.45,4.71
"4726","永昕",30.26,202.35,303.09,247.95,-1941.78,7.34,49.72,4.03,90.57,0.48,0.19,-11.63,-18.10,-22.54,-61.95,-2.74,-23.66,-15.51,-3.33
"4728","雙美",26.10,239.34,277.78,252.13,578.83,495.34,0.73,3.23,113.00,2.59,0.85,32.64,45.45,142.70,38.13,9.80,197.72,146.26,29.53
"4729","熒茂",59.73,317.20,128.43,107.33,4.55,6.26,58.30,4.34,84.10,2.09,0.41,2.63,5.38,12.68,4.78,0.70,21.15,67.61,11.61
"4735","豪展",31.89,233.16,200.61,139.96,87.96,10.18,35.85,3.03,120.46,3.12,0.79,6.75,10.86,37.13,8.42,2.75,115.80,83.74,48.45
"4741","泓瀚",20.12,157.86,258.42,197.69,46.11,5.06,72.13,4.54,80.39,1.16,0.62,3.88,4.81,17.23,6.12,1.68,48.20,91.46,5.32
"4743","合一",4.49,2107.23,3946.84,3883.98,9928.70,78.47,4.65,2.29,159.38,1.44,0.06,2.27,2.42,11.55,33.02,0.93,0.00,30.46,0.00
"4744","皇將",49.93,372.06,255.27,203.88,7.89,6.44,56.67,1.08,337.96,2.26,0.43,3.13,5.75,15.55,6.23,1.24,23.74,108.47,6.43
"4745","合富-KY",27.82,2501.88,333.76,263.22,1655.55,1.88,194.14,5.42,67.34,25.87,0.89,3.97,5.39,50.14,4.18,1.22,-13.91,-0.83,-7.09
"4747","強生製藥",16.12,147.20,247.38,170.28,78.14,4.62,79.00,2.06,177.18,1.01,0.48,6.36,7.54,27.16,13.11,2.16,53.52,61.12,4.38
"4749","新應材",41.36,196.33,170.22,106.44,64.24,5.01,72.85,3.71,98.38,1.52,0.59,10.63,18.36,57.30,17.74,5.01,39.13,61.02,10.36
"4754","國碳科",41.02,176.66,294.34,185.20,28.77,8.00,45.62,3.13,116.61,1.38,0.65,8.15,13.69,26.43,12.00,2.08,31.63,41.98,2.28
"4760","勤凱科技",25.67,348.71,276.02,182.58,21.77,2.32,157.32,2.89,126.29,4.33,0.77,8.05,11.81,36.61,10.00,3.08,172.69,99.96,34.05
"4767","誠泰科技",37.91,642.44,411.31,276.84,22.62,3.84,95.05,3.93,92.87,7.67,1.02,5.07,7.89,25.71,4.77,2.15,1.75,54.13,-3.31
"4768","晶呈科技",26.32,195.61,332.17,205.41,5690.52,8.46,43.14,2.33,156.65,1.61,0.69,16.49,25.12,89.97,23.58,6.00,120.98,46.00,16.75
"4772","台特化",5.88,119.43,336.56,177.14,1443.08,7.45,48.99,1.79,203.91,0.37,0.30,11.90,12.71,13.56,39.07,1.50,285.26,50.64,7.97
"4804","大略-KY",74.08,102.00,80.02,71.93,-846.71,1.47,248.29,"NA","NA",0.87,0.23,-17.23,-59.36,-54.17,-83.50,-5.03,36.58,83.84,15.73
"4806","桂田文創",94.41,72.53,40.07,4.32,-46.53,7.45,48.99,22.22,16.42,0.00,0.00,-49.73,-209.68,-29.44,-24347.20,-3.92,-133.15,66.00,-14.89
"4903","聯光通",44.26,814.03,203.99,186.63,-17.35,14.32,25.48,8.72,41.85,9.37,0.69,-7.55,-14.74,-13.38,-11.47,-0.80,5.15,-170.95,2.85
"4905","台聯電",1.32,3292.58,5798.01,5624.28,-1094.65,13.32,27.40,0.79,462.02,0.96,0.02,-1.63,-1.66,-15.35,-55.34,-1.49,0.00,5.30,0.00
"4907","富宇",81.52,1556988.05,181.36,13.55,3.78,5.19,70.32,0.03,12166.66,1460.32,0.04,0.17,0.59,1.22,3.44,0.10,-39.45,-62.00,-51.58
"4908","前鼎",9.83,556.39,840.56,708.41,11068.93,6.57,55.55,1.47,248.29,2.82,0.47,14.25,15.92,39.62,29.49,3.34,157.96,161.18,6.37
"4909","新復興",7.83,781.42,1233.67,1179.55,-207.75,2.90,125.86,5.96,61.24,1.61,0.19,-2.09,-2.32,-17.34,-11.07,-0.59,-27.56,61.48,-1.73
"4911","德英",11.75,184.15,253.65,223.95,"NA",22.12,16.50,1.09,334.86,0.17,0.09,1.00,1.07,1.30,11.42,0.13,108.97,531.58,13.92
"4923","力士",17.77,3392.40,524.28,327.12,353.27,4.89,74.64,3.40,107.35,78.95,1.24,19.95,25.78,77.83,16.04,6.47,61.66,68.97,-3.56
"4924","欣厚-KY",49.33,128.56,86.73,62.19,6.46,5.93,61.55,6.13,59.54,2.55,1.03,5.58,8.81,9.00,4.77,0.88,23.94,83.93,10.20
"4931","新盛力",42.01,2018.49,227.36,155.27,91.13,5.37,67.97,4.13,88.37,51.93,1.68,11.75,19.17,36.94,6.90,2.96,47.16,43.32,26.29
"4933","友輝",21.28,913.39,590.20,522.72,9174.63,5.13,71.15,3.13,116.61,5.17,0.54,6.84,8.76,41.80,12.54,3.59,75.83,176.07,2.70
"4939","亞電",46.30,220.98,165.07,139.75,3.92,1.99,183.41,5.33,68.48,2.08,0.56,1.65,2.18,5.34,2.08,0.35,26.97,72.20,6.29
"4945","陞達科技",11.87,8834.01,854.68,634.73,543.71,5.81,62.82,2.33,156.65,60.64,0.65,11.33,13.19,24.49,17.29,3.00,54.09,83.41,-7.40
"4946","辣椒",72.68,1599.31,108.06,103.31,-72.86,7.76,47.03,"*****","*****",29.70,0.55,-56.51,-141.54,-61.10,-102.82,-8.10,-51.48,-64.77,-41.97
"4950","金耘國際",14.69,672.12,927.17,629.63,-43.92,0.93,392.47,1.90,192.10,3.11,0.27,-15.90,-20.13,-13.78,-60.04,-1.38,392.00,-1182.72,33.22
"4951","精拓科",12.25,746.79,666.75,587.29,1022.17,7.54,48.40,1.49,244.96,4.42,0.60,16.33,19.27,51.73,27.02,4.77,161.51,122.09,6.97
"4953","緯軟",38.66,377.40,227.10,225.86,9425.87,3.45,105.79,"NA","NA",9.96,1.85,13.05,21.09,94.28,6.97,8.33,35.14,82.35,8.26
"4966","譜瑞-KY",19.66,3594.65,308.28,203.38,0.00,16.30,22.39,2.91,125.42,40.78,0.97,23.77,30.43,661.99,24.42,61.35,59.70,159.20,-0.43
"4971","IET-KY",6.83,143.11,544.77,350.16,1099.05,6.17,59.15,1.90,192.10,0.74,0.48,9.24,9.92,51.98,17.67,4.34,213.20,98.83,7.32
"4972","湯石照明",13.97,508.41,579.78,473.55,359.28,7.15,51.04,2.68,136.19,3.82,0.67,3.83,4.58,18.63,5.73,1.35,112.40,117.47,6.41
"4973","廣穎電通",30.56,870.56,224.87,115.27,33.93,8.73,41.80,3.83,95.30,19.12,1.44,6.24,8.74,32.04,4.22,2.89,39.62,182.08,20.13
"4974","亞泰",26.09,1021.43,392.15,340.47,294897.23,6.49,56.24,5.91,61.75,13.00,1.08,14.60,20.24,102.87,13.48,7.98,63.78,132.68,7.25
"4979","華星光",31.63,231.85,284.03,174.49,39.00,6.83,53.44,2.43,150.20,1.72,0.66,13.75,19.67,20.46,20.54,2.05,58.79,53.38,8.83
"4987","科誠",24.85,277.55,339.12,156.50,772.60,6.93,52.66,1.70,214.70,3.03,0.92,13.61,18.42,80.12,14.73,5.95,44.79,82.58,3.10
"4991","環宇-KY",18.07,590.99,269.74,178.09,-77.72,6.81,53.59,2.54,143.70,2.09,0.28,-19.70,-22.92,-85.87,-70.45,-8.53,-16.57,136.26,-1.22
"4995","晶達",44.76,197.77,210.69,162.68,31.84,5.06,72.13,2.98,122.48,1.95,0.76,12.08,23.24,60.53,15.37,5.02,77.75,66.01,15.87
"5009","榮剛",55.93,245.10,244.58,112.59,16.15,5.36,68.09,1.43,255.24,1.47,0.52,9.43,20.33,56.71,16.97,4.52,34.66,47.94,3.39
"5011","久陽",37.28,259.89,255.47,199.82,20.62,9.27,39.37,10.53,34.66,4.79,1.23,6.95,11.14,29.93,5.38,3.02,22.47,27.47,3.60
"5013","強新",43.91,205.96,268.15,150.38,16.40,4.98,73.29,3.67,99.45,2.84,1.06,8.73,15.56,68.51,7.72,4.05,82.44,91.48,13.68
"5014","建錩",63.29,273.58,118.56,64.65,4.84,13.77,26.50,6.82,53.51,13.65,2.36,6.19,13.40,29.13,2.03,2.04,35.97,-79.69,34.96
"5016","松和",47.52,246.46,296.68,140.43,9.48,4.94,73.88,2.60,140.38,2.81,0.89,3.93,6.68,25.34,3.97,2.02,26.26,60.86,-0.17
"5201","凱衛",20.54,6044.22,484.36,479.42,65.14,14.00,26.07,42.01,8.68,30.09,0.46,3.54,4.56,6.67,7.58,0.56,30.05,118.02,-5.18
"5202","力新",7.16,1619.40,1377.80,1333.57,-18120.51,4.80,76.04,3.46,105.49,2.75,0.17,-7.91,-8.95,-8.67,-46.39,-0.97,0.00,0.00,0.00
"5205","中茂",27.67,2110.13,158.98,149.60,168.77,1.00,365.00,8.53,42.79,6.66,0.19,15.27,26.26,9.98,78.36,1.02,"NA","NA","NA"
"5206","坤悅",76.30,511961.24,144.58,24.15,-0.77,77.42,4.71,0.03,12166.66,346.68,0.04,-0.94,-3.64,-6.89,-26.28,-0.67,0.00,0.00,0.00
"5209","新鼎",80.02,1058.59,123.06,114.98,11875.92,6.92,52.74,52.17,6.99,39.90,1.16,7.18,34.89,112.06,6.20,8.78,0.00,188.67,0.00
"5210","寶碩",41.39,240.44,167.27,163.78,-2.07,5.04,72.42,2.53,144.26,1.45,0.37,-1.14,-2.36,-1.69,-3.97,-0.20,36.65,667.77,24.34
"5211","蒙恬",12.18,652.69,983.83,914.74,1987.13,8.32,43.87,1.47,248.29,1.29,0.22,3.90,4.44,9.92,17.38,0.94,-21.90,-108.39,-5.53
"5212","凌網",41.07,738.31,219.63,199.71,91.53,6.04,60.43,15.49,23.56,12.62,1.16,11.92,19.69,33.72,10.17,2.80,27.69,134.31,-0.31
"5213","亞昕",80.43,528.31,144.19,21.33,2.16,33.23,10.98,0.06,6083.33,0.79,0.06,0.90,2.39,5.95,7.65,0.67,-15.58,-37.67,-22.86
"5220","萬達光電",41.39,161.38,227.75,188.54,19.45,8.49,42.99,4.86,75.10,1.41,0.67,8.07,13.84,22.97,11.73,2.88,60.14,85.93,7.56
"5223","安力-KY",42.58,207.97,173.93,158.00,25.32,2.22,164.41,8.70,41.95,2.05,0.56,5.74,9.78,54.28,9.51,4.40,37.40,106.10,11.51
"5227","立凱-KY",45.08,165.97,144.66,81.28,-34.04,4.28,85.28,1.52,240.13,0.72,0.30,-16.15,-32.88,-56.87,-56.27,-6.00,0.00,0.00,0.00
"5228","鈺鎧",49.50,128.00,155.98,85.61,8.69,5.50,66.36,2.82,129.43,0.79,0.51,4.19,8.15,16.34,7.27,1.38,27.73,100.36,3.86
"5230","雷笛克光學",48.04,159.82,156.59,87.13,-0.28,3.19,114.42,1.82,200.54,1.34,0.55,-0.29,-1.29,-3.00,-1.25,-0.32,27.58,84.13,4.81
"5236","凌陽創新",15.15,39078.13,672.73,598.19,254596.17,5.15,70.87,1.91,191.09,243.23,0.50,12.03,14.76,79.61,24.21,6.52,48.64,116.41,-15.19
"5245","智晶",37.00,177.71,257.41,166.45,5222.17,10.03,36.39,3.75,97.33,1.53,0.78,9.89,14.74,49.15,12.43,4.09,66.00,110.10,0.83
"5251","天鉞電",19.12,1020.38,488.02,420.38,-18.59,5.24,69.65,3.30,110.60,6.72,0.55,-3.29,-4.19,-5.13,-6.23,-0.57,-33.45,2458.39,-5.80
"5263","智崴",35.48,528.55,328.54,287.79,-253.99,3.30,110.60,"NA","NA",0.92,0.16,-0.89,-1.95,-13.43,-7.76,-0.99,-0.84,24.65,-0.23
"5272","笙科",14.83,270.23,597.93,325.92,25.30,8.66,42.14,1.10,331.81,1.14,0.39,3.85,4.43,8.60,9.47,0.88,-34.71,54.77,-5.92
"5274","信驊",24.28,2087.76,345.12,314.72,681.79,5.76,63.36,6.52,55.98,25.65,0.99,43.75,52.41,691.39,40.41,55.72,166.78,138.64,29.04
"5278","尚凡*",60.37,20993.69,185.41,141.15,93.37,14.00,26.07,3.77,96.81,823.38,1.80,24.47,55.73,137.50,13.42,11.09,32.83,136.99,7.06
"5287","數字",42.12,232.12,136.28,135.38,444.50,13.19,27.67,"*****","*****",2.19,0.60,20.00,33.71,161.35,33.25,13.12,63.11,102.81,-3.82
"5289","宜鼎",23.45,355.83,393.12,321.00,303.82,6.86,53.20,4.11,88.80,5.49,1.18,21.53,28.61,261.84,18.26,21.46,148.70,129.55,20.16
"5291","邑昇",30.81,268.30,221.50,154.86,174.98,3.73,97.85,4.46,81.83,3.60,0.98,11.24,17.55,54.84,11.46,4.42,51.94,90.83,9.00
"5299","杰力",34.05,1050.61,245.42,148.43,4092.92,6.64,54.96,2.06,177.18,13.53,0.85,21.56,32.99,200.12,24.40,15.89,46.34,98.47,0.84
"5301","寶得利",20.98,12262.03,837.45,124.78,-14.42,44.47,8.20,0.08,4562.50,3.38,0.07,-8.27,-11.26,-5.06,-130.74,-0.66,-97.78,-209.08,-10.30
"5302","太欣",23.21,1312.04,76.51,69.47,-8.00,18.09,20.17,1.08,337.96,0.08,0.00,-2.62,-3.82,-3.32,-473.15,-0.32,-31.12,-49739.35,-1.68
"5309","系統電",45.57,479.04,198.79,163.15,4095.50,4.41,82.76,5.09,71.70,7.82,1.05,10.55,21.50,20.15,9.94,2.14,12.60,4.80,6.65
"5310","天剛",28.31,25652.15,379.69,360.21,-22.57,1.76,207.38,"*****","*****",14.85,0.05,-12.58,-16.70,-10.71,-260.92,-1.07,-13.48,-1145.12,-3.80
"5312","寶島科",59.06,353.56,156.62,130.27,8.10,136.92,2.66,2.13,171.36,2.90,0.55,3.20,6.49,34.27,5.16,2.83,30.15,156.64,8.34
"5314","世紀",33.53,457.29,467.10,452.26,-3.00,2.76,132.24,0.11,3318.18,0.47,0.10,-1.08,-1.86,-1.82,-14.49,-0.18,-107.12,-2430.67,-5.27
"5315","光聯",21.60,1332.95,448.58,348.63,83696.84,5.25,69.52,3.87,94.31,94.43,0.94,12.26,15.94,29.87,12.99,2.38,77.53,85.06,4.75
"5321","美而快",73.18,120.41,87.63,59.34,815.87,9.78,37.32,4.11,88.80,2.85,0.95,8.29,41.94,74.43,8.02,4.60,15.30,74.41,12.78
"5324","士開",81.93,1341.01,207.45,41.39,-1.71,26.23,13.91,0.08,4562.50,1.05,0.05,-1.97,-13.74,-9.95,-50.46,-0.92,0.00,8.68,0.00
"5328","華容",29.08,1106.02,261.98,240.17,24.62,2.43,150.20,5.22,69.92,6.30,0.45,3.27,4.23,5.45,6.96,0.43,-53.86,-153.96,-17.81
"5340","建榮",12.06,157.93,369.82,209.35,652.93,3.51,103.98,3.06,119.28,1.09,0.62,3.90,4.49,5.39,6.31,0.43,70.47,107.10,4.23
"5344","立衛",18.66,215.27,404.11,395.22,"NA",2.88,126.73,1.80,202.77,0.99,0.42,-2.58,-3.41,-2.28,-6.78,-0.23,140.57,220.40,7.11
"5345","天揚",37.10,857.45,239.87,72.93,-289.96,18.96,19.25,0.45,811.11,1.05,0.07,-54.99,-82.89,-0.11,-898.03,-1.22,-133.36,-844.87,-46.39
"5347","世界",55.07,207.37,219.28,190.64,105.67,7.17,50.90,5.60,65.17,1.66,0.62,18.52,37.95,115.01,29.55,9.07,160.83,105.05,16.14
"5348","正能量智能",17.48,4970.85,554.80,378.48,0.00,7.78,46.91,1.68,217.26,42.77,0.74,2.75,3.36,1.60,3.66,0.16,-9.02,-229.73,-1.60
"5351","鈺創",47.93,885.10,243.48,82.26,411.84,3.67,99.45,1.08,337.96,7.25,0.61,1.32,1.74,3.78,1.58,0.50,0.00,46.46,0.00
"5353","台林",39.19,273.70,194.11,107.88,546.30,6.44,56.67,2.42,150.82,4.35,0.99,7.04,11.50,23.27,7.11,1.81,10.36,43.59,0.23
"5355","佳總",15.62,337.04,608.72,556.74,-46.20,3.57,102.24,5.27,69.25,1.29,0.28,-3.77,-6.10,-3.86,-13.92,-0.46,-3.39,-7.62,-0.28
"5356","協益",26.96,521.92,296.40,226.79,-263.01,4.41,82.76,4.80,76.04,4.36,0.63,-0.96,-1.48,-3.46,-1.74,-0.60,14.37,86.13,0.18
"5364","力麗店",65.96,112.34,41.81,41.06,2.27,45.14,8.08,"NA","NA",0.61,0.37,-2.87,-11.60,-14.09,-10.27,-1.17,26.81,171.27,10.30
"5371","中光電",55.10,340.92,155.63,112.27,10.30,3.40,107.35,3.85,94.80,6.38,0.85,4.49,10.51,81.15,4.85,6.03,18.93,85.30,10.30
"5381","合正",8.37,24120.90,1207.81,1027.67,13.68,3.08,118.50,3.30,110.60,78.75,0.38,2.17,2.26,0.96,5.36,0.10,199.64,29.07,7.62
"5386","青雲",43.61,31157.30,224.90,170.28,1028.56,7.16,50.97,6.97,52.36,1887.52,2.75,5.11,11.66,24.60,1.63,1.90,226.30,234.88,172.33
"5392","能率",51.47,346.20,174.49,141.36,3.14,4.62,79.00,5.11,71.42,3.53,0.68,0.58,0.35,10.38,0.25,-0.58,23.97,123.89,7.38
"5398","慕康生醫",13.37,3192.63,434.70,270.44,-1236.36,3.66,99.72,1.69,215.97,26.60,0.40,-1.03,-1.23,-0.97,-2.64,-0.14,-32.94,45.24,-5.19
"5403","中菲",54.86,310.69,138.35,103.55,2378.98,9.15,39.89,1.47,248.29,2.46,0.50,10.73,23.96,78.06,21.37,6.86,23.94,129.33,12.15
"5410","國眾",69.75,1892.95,118.37,103.91,108.80,3.43,106.41,19.28,18.93,55.02,1.82,7.90,20.77,39.77,4.29,3.24,0.00,58.72,0.00
"5425","台半",41.12,286.97,206.86,136.76,79.63,5.26,69.39,3.48,104.88,3.49,0.92,12.89,21.82,114.39,13.88,6.28,41.05,102.76,9.80
"5426","振發",30.99,172.24,227.71,184.09,69.58,3.60,101.38,4.98,73.29,1.70,0.68,5.41,8.24,16.97,7.97,1.13,28.98,58.86,7.18
"5432","新門",11.03,629446.67,652.35,463.52,3635.45,7.24,50.41,2.46,148.37,206.14,0.52,9.95,11.10,19.32,19.04,1.92,39.18,-8.60,5.80
"5438","東友",31.19,6513.85,125.60,85.33,14.13,4.84,75.41,4.94,73.88,51.30,0.56,2.26,2.99,8.06,3.74,0.81,0.00,43.34,-2.11
"5439","高技",38.19,193.35,191.09,124.71,88.36,2.87,127.17,3.01,121.26,2.57,0.85,9.89,15.77,48.77,11.48,3.98,52.49,64.98,8.53
"5443","均豪",58.94,492.54,144.31,111.58,25.54,1.95,187.17,2.70,135.18,6.42,0.64,6.98,16.00,38.39,10.39,2.41,2.71,98.80,0.00
"5450","南良",51.83,213.16,158.21,111.70,7.47,5.68,64.26,4.40,82.95,2.90,0.90,5.88,11.50,15.64,5.76,1.45,36.82,86.46,10.46
"5452","佶優",43.24,732.18,238.03,168.54,5.84,3.32,109.93,6.08,60.03,18.40,1.55,3.29,4.71,12.16,1.66,0.63,38.92,112.06,14.38
"5455","昇益",82.61,751996.20,119.05,13.51,16.35,279.76,1.30,0.20,1825.00,6661.28,0.21,2.22,10.51,9.12,9.96,0.91,-39.74,-48.15,-204.31
"5457","宣德",57.61,236.46,133.72,110.98,26.30,2.38,153.36,6.35,57.48,4.02,0.93,7.89,17.96,117.95,8.18,4.60,-10.51,35.61,-12.48
"5460","同協",13.99,253.16,616.97,568.73,179.15,3.54,103.10,6.34,57.57,1.34,0.46,-2.28,-2.71,-3.43,-5.16,-0.34,115.25,290.42,7.99
"5464","霖宏",74.18,225.19,108.93,101.93,938.36,3.52,103.69,7.42,49.19,1.37,0.24,6.08,21.19,51.93,20.84,4.05,2.70,-49.25,-2.03
"5465","富驊",33.87,367.63,226.98,159.10,215.27,3.24,112.65,4.15,87.95,5.23,1.01,8.17,13.11,28.30,8.00,2.02,0.00,83.69,6.16
"5468","凱鈺",38.94,308.95,227.78,77.91,0.00,16.24,22.47,0.70,521.42,1.32,0.39,-0.31,-1.21,0.00,0.00,-0.11,-110.71,-67.75,-79.65
"5474","聰泰",16.77,15641.53,309.50,188.05,1027.15,56.80,6.42,1.76,207.38,2.49,0.66,15.13,18.48,94.84,22.90,7.91,130.85,86.44,28.03
"5475","德宏",49.01,263.51,110.49,88.07,-16.48,0.91,401.09,3.02,120.86,1.75,0.29,-15.13,-33.87,-27.84,-54.10,-2.71,10.70,118.28,0.20
"5478","智冠",52.44,2247.51,177.39,174.56,1086.99,15.82,23.07,11.03,33.09,16.26,0.38,5.48,11.25,86.90,14.46,6.90,19.10,244.52,13.68
"5481","新華",23.12,1092.92,2386.57,2284.86,-0.80,14.57,25.05,3.25,112.30,1.02,0.05,-0.33,-0.75,-1.31,-10.87,-0.14,-22.29,-3.88,-5.95
"5483","中美晶",65.35,295.00,266.16,239.32,115.69,7.71,47.34,5.14,71.01,1.77,0.45,9.12,26.87,355.30,19.74,14.87,88.99,137.77,15.64
"5487","通泰",10.68,537.60,1675.73,1439.15,123.20,4.69,77.82,2.24,162.94,2.17,0.35,-0.27,-0.32,1.21,-0.77,-0.08,-59.80,66.87,-7.80
"5488","松普",43.02,593.89,310.63,262.31,3.91,3.22,113.35,3.38,107.98,6.41,0.82,1.64,2.07,2.43,1.50,0.20,-8.53,76.35,-1.91
"5489","彩富",26.34,383.39,301.86,202.88,5838.53,3.59,101.67,1.59,229.55,2.72,0.54,9.17,12.97,32.52,16.54,2.89,-3.68,47.56,-5.04
"5490","同亨",33.79,2589.16,739.80,512.72,-17519.11,3.48,104.88,1.42,257.04,20.30,0.69,-7.66,-11.17,-21.42,-11.78,-1.79,124.57,62.49,9.97
"5493","三聯",50.12,267.11,138.26,81.43,4549.55,4.14,88.16,3.25,112.30,3.92,0.84,8.38,15.39,110.61,9.73,4.22,12.94,61.43,0.64
"5498","凱崴",48.09,178.58,178.66,135.57,161.86,1.78,205.05,2.93,124.57,0.91,0.35,0.69,0.15,1.04,0.22,0.01,4.29,67.56,1.14
"6101","寬魚國際",7.92,606.94,718.64,609.94,-39281.00,70.51,5.17,"*****","*****",0.32,0.05,-3.46,-3.71,-3.37,-70.94,-0.35,-55.27,-6.89,-6.30
"6103","合邦",35.18,824.19,263.02,222.00,0.00,3.62,100.82,5.93,61.55,4.91,0.37,-4.60,-8.19,-7.97,-13.92,-0.79,114.21,2448.39,34.74
"6104","創惟",43.33,258.24,233.05,90.53,48.79,11.58,31.51,1.30,280.76,3.42,0.92,11.86,21.67,53.65,12.78,4.60,-9.00,42.37,-15.86
"6109","亞元",42.01,877.60,204.70,150.17,18.70,3.45,105.79,3.18,114.77,16.16,1.05,5.61,10.17,12.91,5.05,1.17,25.11,18.76,13.63
"6111","大宇資",39.33,1666.38,207.17,160.32,41.58,4.29,85.08,4.21,86.69,24.68,0.56,14.26,31.00,73.19,25.12,7.48,-65.12,-74.37,-43.49
"6113","亞矽",47.21,7148.88,181.71,108.86,9.81,5.38,67.84,7.05,51.77,449.89,1.88,7.05,14.16,15.47,3.44,1.53,50.92,-47.00,41.30
"6114","久威",38.54,351.63,230.89,214.37,22.30,3.57,102.24,13.41,27.21,3.90,0.75,5.66,9.15,40.76,7.17,2.64,43.99,234.25,18.78
"6118","建達",68.63,693.59,137.45,86.28,7.85,7.09,51.48,9.87,36.98,64.30,3.22,1.27,3.20,4.58,0.34,0.37,0.00,75.40,0.00
"6121","新普",48.07,496.80,187.99,131.10,193.41,6.33,57.66,4.42,82.57,11.28,1.28,11.66,22.67,652.72,9.09,39.12,37.99,97.98,16.29
"6122","擎邦",65.76,885.37,141.66,87.85,12.47,10.50,34.76,0.42,869.04,16.77,0.66,4.28,10.57,22.01,5.25,1.79,-24.27,11.18,-46.10
"6123","上奇",44.68,1198.14,181.20,163.27,25.17,8.27,44.13,17.96,20.32,35.57,1.77,13.64,25.39,75.83,7.42,5.49,15.81,167.01,3.28
"6124","業強",30.23,181.60,177.26,142.03,5.00,3.15,115.87,4.42,82.57,0.99,0.40,2.05,2.43,5.38,4.05,0.46,41.67,74.05,12.27
"6125","廣運",50.29,290.94,140.27,100.35,12.06,10.35,35.26,2.97,122.89,2.17,0.50,4.42,8.66,18.33,8.28,1.91,29.39,122.03,8.91
"6126","信音",51.82,260.36,183.22,156.74,45.20,2.90,125.86,4.93,74.03,3.83,0.94,5.51,14.50,34.27,5.72,1.85,46.56,137.35,13.80
"6127","九豪",66.97,168.22,112.24,82.53,0.51,2.30,158.69,1.94,188.14,0.55,0.24,0.19,-2.93,-2.26,-4.27,-0.31,0.00,51.22,0.00
"6129","普誠",18.78,569.47,575.16,328.04,5939.36,5.21,70.05,2.41,151.45,4.59,0.75,6.55,7.98,9.20,8.63,0.93,0.00,48.04,0.00
"6130","上亞科技",17.91,432.61,659.77,629.84,3.53,5.96,61.24,13.70,26.64,0.62,0.11,0.40,0.21,1.23,1.50,0.03,-26.46,-70.38,-2.13
"6134","萬旭",49.98,422.36,177.83,135.84,-5.94,2.92,125.00,3.67,99.45,5.27,0.83,-3.66,-7.75,-10.36,-4.98,-0.91,0.00,42.78,-0.70
"6138","茂達",32.21,675.00,320.13,202.58,569.68,5.96,61.24,2.85,128.07,10.13,1.08,20.75,31.56,205.76,19.07,13.30,46.52,89.23,-3.01
"6140","訊達電腦",69.67,19513.94,126.28,108.16,1047.19,2.94,124.14,11.56,31.57,902.99,1.45,3.42,9.55,14.68,2.13,1.17,13.15,154.82,41.73
"6143","振曜",53.07,842.14,169.46,130.79,55.10,3.39,107.66,4.03,90.57,13.57,0.95,7.25,15.48,69.42,7.44,4.20,15.07,122.89,10.08
"6144","得利影",14.44,828.97,666.13,570.44,-30.27,8.26,44.18,2.99,122.07,5.01,0.53,-1.70,-2.07,-1.92,-3.26,-0.19,39.61,119.15,4.89
"6146","耕興",25.68,216.73,295.98,285.47,488.76,4.57,79.86,4.69,77.82,2.04,0.75,24.12,32.20,211.16,31.92,15.85,147.18,122.44,17.12
"6147","頎邦",19.76,251.53,199.37,170.09,139.39,4.43,82.39,9.72,37.55,1.36,0.46,11.93,15.03,103.68,25.85,8.41,169.49,102.00,9.14
"6148","驊宏資",45.09,13090.44,202.10,163.62,34.29,2.64,138.25,2.48,147.17,143.63,0.47,3.67,7.00,10.33,7.51,0.83,29.03,52.08,10.63
"6150","撼訊",51.61,217.63,158.17,87.11,-5.42,4.40,82.95,3.80,96.05,5.87,1.07,-1.72,-4.22,-16.33,-1.81,-1.78,-35.53,25.37,-51.62
"6151","晉倫",37.06,163.83,172.38,119.70,38.51,2.90,125.86,4.61,79.17,2.72,0.97,6.05,9.72,24.45,6.07,1.87,47.01,89.44,4.57
"6154","順發",35.81,436.21,240.90,119.66,37.81,77.72,4.69,4.93,74.03,13.84,2.10,4.40,6.87,14.02,2.04,1.11,47.16,120.75,13.41
"6156","松上",56.04,288.41,187.81,167.07,18.34,2.42,150.82,7.94,45.96,5.54,0.98,5.69,12.63,38.41,5.45,2.52,22.89,204.84,11.45
"6158","禾昌",48.38,158.62,129.04,99.77,10.62,3.03,120.46,4.91,74.33,2.61,0.88,3.12,6.12,12.92,3.26,1.20,46.40,50.19,10.82
"6160","欣技",41.33,817.71,235.25,107.56,856.03,5.22,69.92,1.39,262.58,10.85,0.94,2.69,4.05,5.40,2.56,0.47,24.80,84.88,8.42
"6161","捷波",19.28,371.62,435.74,300.63,737.31,15.73,23.20,2.07,176.32,4.22,0.94,13.90,18.40,44.29,14.74,3.50,137.10,91.98,10.98
"6163","華電網",57.49,1112.69,163.43,111.99,1263.40,3.54,103.10,3.07,118.89,25.99,1.12,2.75,6.24,12.23,2.27,1.06,0.11,37.75,-1.39
"6167","久正",23.72,334.02,316.92,231.49,8431.99,6.71,54.39,3.98,91.70,3.77,0.92,11.24,14.89,17.94,11.56,1.54,79.93,516.75,7.98
"6169","昱泉",24.68,52081.77,359.37,347.14,4.32,10.96,33.30,"NA","NA",5.73,0.01,1.59,1.71,1.89,137.20,0.24,-139.12,298.60,-4.20
"6170","統振",55.52,350.57,134.10,109.87,16.23,8.89,41.05,3.80,96.05,5.53,0.78,8.28,16.91,29.20,10.12,2.73,11.17,53.85,3.30
"6171","大城地產",43.28,1035821.46,230.26,39.07,24.27,8915.16,0.04,0.50,730.00,10980.24,0.60,10.42,20.05,42.91,17.80,3.46,30.96,-6.41,16.54
"6173","信昌電",26.97,333.67,236.95,191.86,46.91,4.23,86.28,4.26,85.68,1.89,0.46,5.52,7.94,37.58,11.82,2.96,84.10,103.32,9.62
"6174","安碁",19.00,354.39,420.39,233.52,305.05,4.46,81.83,1.48,246.62,3.77,0.82,17.47,21.75,36.18,21.27,3.06,115.60,76.40,5.04
"6175","立敦",37.98,153.12,167.75,100.46,1794.06,3.92,93.11,3.25,112.30,1.42,0.66,10.41,15.97,48.92,14.90,3.52,56.09,85.93,13.61
"6179","亞通",67.65,1516.49,150.42,69.01,-1.20,2.10,173.80,"NA","NA",30.91,0.60,-1.37,-4.76,-10.88,-3.63,-0.90,0.00,0.00,0.00
"6180","橘子",39.45,229.29,149.21,137.77,31202.28,12.84,28.42,46.71,7.81,4.06,1.15,12.92,21.05,97.35,11.22,7.29,62.74,137.06,26.24
"6182","合晶",34.94,155.81,237.30,167.54,15.20,4.88,74.79,2.48,147.17,0.88,0.45,11.45,16.97,68.52,23.69,4.00,107.46,69.98,12.46
"6185","幃翔",15.92,304.28,1359.72,1252.13,4409.91,3.04,120.06,3.18,114.77,0.68,0.23,1.71,2.06,3.23,7.44,0.29,61.50,35.98,1.58
"6186","新潤",82.81,93939.07,129.89,14.92,863.36,19.97,18.27,0.12,3041.66,395.59,0.15,1.95,10.99,27.19,13.13,2.24,-3.75,-36.24,1.18
"6187","萬潤",41.61,293.20,368.39,274.01,57.05,2.65,137.73,1.45,251.72,3.32,0.58,13.11,21.08,74.73,22.19,6.15,79.21,75.15,6.57
"6188","廣明",33.73,468.64,277.94,244.27,337.65,4.31,84.68,6.10,59.83,6.53,0.85,7.91,12.40,50.59,9.24,3.91,18.59,68.32,-0.11
"6190","萬泰科",51.89,358.63,201.67,120.68,13.25,5.03,72.56,4.10,89.02,8.11,1.41,9.20,19.59,46.42,5.96,3.04,50.31,51.98,13.67
"6194","育富",16.69,708.53,552.12,509.94,40.28,2.63,138.78,5.73,63.69,4.35,0.58,0.33,0.40,1.09,0.56,0.12,123.26,105.57,11.17
"6195","詩肯",54.52,265.32,133.36,60.44,14.49,18.03,20.24,1.91,191.09,3.02,0.82,7.69,15.66,55.01,8.75,4.30,43.56,262.15,6.28
"6198","瑞築",11.51,5296.96,1026.14,267.15,-234.30,"*****","*****",0.00,"*****",0.82,0.01,-3.83,-4.10,-8.52,-522.90,-0.85,-610.97,-14011.03,-57.34
"6199","天品",16.57,2715.98,521.11,222.94,-938.79,21.96,16.62,0.60,608.33,29.02,0.58,-1.18,-1.42,-0.89,-8.48,-0.03,14.21,-8.73,2.96
"6203","海韻電",31.32,1569.02,601.45,404.00,62.87,3.90,93.58,1.64,222.56,12.08,0.63,11.24,17.23,75.11,17.62,5.63,115.81,88.56,6.97
"6204","艾華",26.89,271.40,298.83,244.27,109.27,6.52,55.98,5.03,72.56,2.91,0.70,3.83,5.41,12.47,5.40,0.92,20.41,31.63,-23.81
"6207","雷科",57.03,293.85,133.27,117.69,8.44,2.15,169.76,3.11,117.36,2.02,0.34,4.23,9.23,24.68,10.86,1.82,29.50,123.43,28.00
"6208","日揚",50.47,137.26,122.81,63.00,64.51,6.60,55.30,1.68,217.26,1.42,0.62,9.15,18.03,59.51,14.50,4.19,20.20,46.60,4.64
"6210","慶生",14.49,249.03,538.14,484.05,261.47,3.12,116.98,5.07,71.99,1.77,0.58,2.80,3.36,9.96,4.78,0.80,145.56,77.39,4.04
"6212","理銘",81.35,1757097.47,122.53,7.28,2.44,33.43,10.91,0.06,6083.33,7050.59,0.09,1.32,6.66,24.22,14.54,1.75,-12.46,-62.34,-54.83
"6217","中探針",38.17,276.57,247.79,199.95,11.75,3.27,111.62,3.61,101.10,2.53,0.74,3.98,6.67,19.77,4.94,2.06,46.61,0.44,10.28
"6218","豪勉",52.15,417.13,153.45,55.56,11.66,4.79,76.20,0.75,486.66,4.08,0.56,1.42,2.34,5.46,2.28,0.36,0.00,16.44,-6.66
"6219","富旺",91.09,2441.01,109.95,17.58,-7.99,1.30,280.76,0.07,5214.28,16.34,0.06,-9.32,-71.30,-63.08,-169.14,-6.35,-14.12,20.19,-127.34
"6220","岳豐",61.43,446.23,146.96,80.75,9.93,4.77,76.51,2.35,155.31,9.64,1.13,9.07,25.01,99.71,6.88,5.87,26.63,80.64,28.36
"6221","晉泰",62.54,641.09,158.82,83.90,3615.97,6.31,57.84,2.59,140.92,15.66,1.22,8.05,19.70,51.86,6.37,3.97,0.00,66.27,-3.23
"6222","立軒",2.64,439.80,2726.85,2593.76,0.00,1.95,187.17,1.01,361.38,0.10,0.03,4.82,4.98,6.28,160.26,0.37,-68.80,59.92,-1.70
"6223","旺矽",36.77,236.59,229.37,127.39,105.67,5.93,61.55,1.51,241.72,2.14,0.72,11.78,18.73,152.91,16.30,12.89,61.46,117.24,13.13
"6227","茂綸",74.57,14447.53,134.57,60.85,1212.09,3.98,91.70,3.81,95.80,940.59,1.90,7.99,26.09,96.17,3.86,7.60,-23.49,-39.16,-77.75
"6228","全譜",48.24,108.84,86.59,51.87,-7.69,7.73,47.21,0.57,640.35,0.19,0.11,-5.41,-11.83,-5.50,-55.66,-0.64,-27.65,7.63,-11.37
"6229","研通",49.89,975.35,142.79,110.29,18.27,4.53,80.57,7.32,49.86,21.20,1.13,5.87,11.65,27.25,4.93,2.22,0.92,26.37,-10.94
"6231","系微",29.37,2884.81,341.21,330.53,190.03,9.26,39.41,"*****","*****",38.83,1.06,21.46,31.26,96.55,20.17,7.46,92.11,12.59,13.24
"6233","旺玖",11.20,1123.87,770.96,644.01,6455.71,8.17,44.67,2.05,178.04,4.49,0.38,3.53,3.93,5.03,9.14,0.50,57.05,172.97,4.52
"6234","高僑",37.56,336.79,195.41,146.33,31.15,4.84,75.41,1.52,240.13,1.62,0.32,4.57,6.97,23.41,13.75,1.83,16.44,87.77,5.08
"6236","中湛",8.90,2179.24,1406.93,1302.29,-33423.94,14.29,25.54,1.77,206.21,3.00,0.21,-15.46,-16.91,-5.71,-73.89,-0.73,-187.33,-296.73,-14.04
"6237","驊訊",8.38,667.15,585.56,459.57,-1095.09,5.05,72.27,1.75,208.57,2.83,0.36,-6.35,-7.11,-13.38,-17.46,-1.63,19.75,53.30,-3.04
"6240","松崗",62.91,40193.30,64.67,64.65,5231.42,0.96,380.20,"NA","NA",27.62,0.02,4.79,13.26,23.85,310.49,2.14,-4.41,896.65,12.86
"6241","易通展",48.71,1140.82,193.63,109.51,-437.53,6.33,57.66,2.81,129.89,40.15,1.62,-6.62,-18.06,-12.06,-4.79,-1.43,0.00,8.58,0.00
"6242","立康",17.23,206.10,260.76,230.68,486.51,74.92,4.87,9.44,38.66,2.14,1.05,17.22,21.11,60.40,16.38,4.81,132.57,130.63,18.01
"6244","茂迪",54.73,197.30,153.73,129.49,5.46,8.35,43.71,5.43,67.21,2.02,0.59,3.52,7.15,7.13,5.08,0.73,11.54,77.20,3.78
"6245","立端",52.70,363.59,171.54,108.18,76.60,24.59,14.84,10.39,35.12,31.45,4.64,48.04,102.79,432.48,10.22,8.52,33.17,97.83,20.69
"6246","臺龍",68.19,450.80,134.81,102.86,2.78,3.25,112.30,6.01,60.73,19.82,1.45,2.61,5.04,7.99,1.11,0.58,12.91,108.36,14.37
"6248","沛波",47.71,384.55,274.13,238.73,1821.51,6.14,59.44,29.35,12.43,17.20,2.86,8.10,19.13,36.41,2.67,3.32,54.10,-5.12,18.15
"6259","百徽",31.27,5503.91,337.26,308.70,29.04,3.85,94.80,3.80,96.05,122.03,1.35,5.46,7.77,15.05,3.91,1.14,55.65,269.55,17.18
"6261","久元",18.93,294.46,347.10,273.60,102.52,4.19,87.11,3.16,115.50,1.84,0.52,10.23,12.79,89.28,19.35,6.65,85.72,107.44,4.76
"6263","普萊德",22.25,15188.18,447.27,388.12,1409.95,15.93,22.91,4.35,83.90,188.14,0.91,23.26,29.65,85.88,25.47,7.01,113.43,124.45,12.71
"6264","富裔",78.07,214.97,140.40,54.95,-5.07,61.67,5.91,1.03,354.36,79.38,24.00,-6.86,-31.60,-21.41,-33.40,-1.86,-14.33,-389.69,-11.36
"6265","方方土昶",11.67,1496.93,747.16,441.73,16.64,3.92,93.11,2.35,155.31,13.27,0.78,0.60,0.64,1.42,0.71,0.07,75.11,184.28,10.07
"6266","泰詠",32.37,404.50,246.32,125.56,7474.55,7.21,50.62,2.32,157.32,5.91,1.07,10.84,17.41,34.65,10.00,3.00,76.93,55.21,33.94
"6270","倍微",40.36,3017.07,205.07,131.40,49.86,5.86,62.28,6.50,56.15,86.15,1.75,6.83,11.01,27.98,3.62,2.31,-8.03,-4.46,-14.11
"6274","台燿",40.00,308.15,230.17,199.19,57.70,2.67,136.70,6.25,58.40,4.29,0.89,6.16,10.69,60.22,6.83,4.69,35.49,98.48,5.28
"6275","元山",57.12,270.69,187.60,103.54,1900.79,4.18,87.32,3.05,119.67,5.10,1.21,6.80,15.65,35.02,5.34,2.80,45.53,75.07,12.27
"6276","安鈦克",37.27,1579.61,254.98,218.11,16.12,5.73,63.69,8.40,43.45,62.18,1.96,4.04,6.40,6.97,1.97,0.75,58.41,59.11,21.20
"6279","胡連",49.19,136.74,129.30,88.54,33.46,2.54,143.70,2.56,142.57,1.73,0.68,10.78,18.95,126.22,15.36,10.03,16.20,58.76,3.75
"6284","佳邦",44.31,217.55,270.46,221.25,28.58,2.85,128.07,4.08,89.46,1.80,0.63,6.14,10.44,51.18,9.39,4.22,48.06,61.43,7.20
"6287","元隆",78.25,96.78,74.25,35.45,8.95,5.23,69.78,3.35,108.95,3.42,0.94,14.11,76.97,22.26,13.65,2.23,6.71,4.61,2.29
"6290","良維",38.06,859.99,292.60,188.52,38.71,3.59,101.67,2.73,133.69,10.66,0.93,10.19,17.24,69.77,10.67,5.50,52.89,94.95,11.38
"6291","沛亨",27.49,2276.70,305.95,238.84,6851.31,5.39,67.71,3.70,98.64,28.43,1.11,14.38,28.48,57.15,12.75,4.63,59.76,1016.08,23.37
"6292","迅德",49.40,819.48,191.62,167.05,46.74,5.47,66.72,5.15,70.87,11.77,0.73,9.00,16.69,61.12,11.40,3.94,41.15,98.87,18.16
"6294","智基",50.52,2997.86,153.89,148.16,8081.75,118.47,3.08,0.31,1177.41,38.16,0.66,16.68,33.92,124.24,24.85,9.97,47.36,137.60,10.08
"5508","永信建",66.65,53622.89,201.59,5.33,13.30,104.41,3.49,0.13,2807.69,251.47,0.26,9.88,26.01,86.79,37.08,7.05,-30.81,-29.04,-49.95
"5511","德昌",61.24,1732.91,185.20,164.71,52.12,17.11,21.33,0.51,715.68,23.63,0.67,4.38,11.41,64.81,6.39,4.78,8.88,45.30,4.16
"5512","力麒",57.95,429.14,150.47,50.00,0.64,4.77,76.51,0.37,986.48,1.13,0.16,0.00,-0.75,-0.77,-2.03,0.06,3.85,53.75,1.15
"5514","三豐",41.53,813.04,181.60,54.99,-2008.00,0.00,"*****",0.00,"*****",0.02,0.00,-0.29,-0.50,-0.81,-200.61,-0.07,-26.88,-18.96,-18.61
"5516","雙喜",73.49,261.86,124.89,75.09,523.92,5.69,64.14,0.36,1013.88,9.19,0.82,5.37,16.62,35.73,5.28,2.83,0.00,14.63,0.00
"5520","力泰",30.01,277.67,236.08,208.49,157292.99,3.27,111.62,11.80,30.93,3.88,1.07,12.39,17.43,82.15,11.51,5.95,46.09,118.56,6.60
"5523","豐謙",54.29,8782.26,253.62,24.88,27581.78,14.58,25.03,0.03,12166.66,5.47,0.04,8.00,17.26,32.03,215.98,3.03,-64.98,-28.41,-49.30
"5529","鉅陞",72.62,407.63,131.49,8.89,-1.39,69.61,5.24,0.07,5214.28,0.68,0.07,-2.53,-9.59,-7.08,-54.20,-1.28,-74.64,-38.49,-158.60
"5530","龍巖",67.79,298.22,90.18,18.89,238.56,0.42,869.04,0.08,4562.50,0.56,0.06,2.19,6.64,41.47,36.76,3.16,7.56,140.85,13.58
"5536","聖暉*",60.17,1828.03,173.38,115.81,10421.27,3.85,94.80,0.73,500.00,44.73,1.23,11.02,27.62,45.08,8.84,16.84,11.63,42.53,3.38
"5543","桓鼎-KY",67.27,283.59,118.58,76.45,239.15,4.70,77.65,3.78,96.56,1.24,1.24,1.83,2.92,16.24,0.58,-1.63,2.24,-4.12,-7.00
"5548","安倉",67.73,490.84,130.78,65.82,9.43,20.74,17.59,0.28,1303.57,13.72,1.22,5.70,14.57,24.65,4.18,2.00,-3.77,24.05,-13.84
"5601","台聯櫃",26.02,777.68,578.45,578.09,146.05,20.46,17.83,1.00,365.00,0.36,0.05,1.55,2.08,5.35,33.14,0.44,196.56,119.06,3.84
"5603","陸海",30.76,142.30,122.95,98.44,50.67,4.15,87.95,3.62,100.82,1.52,0.71,7.97,11.51,23.58,11.05,1.89,66.83,56.59,1.85
"5604","中連",18.47,114.18,2943.49,2941.44,227.00,292.11,1.24,"NA","NA",0.07,0.05,2.95,3.54,10.66,57.34,0.85,989.20,-7.79,-16.09
"5609","中菲行",41.80,1093.07,216.49,216.49,168.14,11.04,33.06,"NA","NA",74.54,4.06,25.20,48.08,208.42,6.17,18.71,90.59,365.74,42.29
"5701","劍湖山",81.56,63.20,10.17,8.72,-0.82,40.79,8.94,25.83,14.13,0.23,0.17,-1.78,-16.29,-2.92,-18.32,-0.29,1.69,20.14,0.41
"5703","亞都麗緻",53.35,87.58,55.60,45.03,-24.33,22.77,16.02,22.66,16.10,36.81,25.29,-8.55,-19.31,-0.01,-33.80,-1.22,-12.44,0.00,-3.61
"5704","老爺知",23.95,182.42,225.37,213.83,6584.22,41.97,8.69,80.93,4.51,1.59,0.66,13.70,17.94,30.49,19.82,2.44,86.15,209.48,5.73
"5864","致和證",22.43,"NA",322.84,322.67,"NA","NA","NA","NA","NA","NA","NA",-3.23,-4.98,-7.15,-543.40,-0.84,"NA","NA","NA"
"5878","台名",30.97,1376.32,244.93,243.32,"NA",8.12,44.95,"NA","NA",15.68,0.95,8.51,11.96,32.00,8.94,2.64,51.38,115.27,1.88
"5902","德記",26.50,20964.35,248.46,217.72,415.26,7.97,45.79,10.97,33.27,386.89,1.45,12.19,16.56,24.37,8.38,1.95,62.09,339.74,12.38
"5903","全家",89.30,182.21,50.06,30.40,8.56,"NA","NA",8.88,41.10,4.87,1.29,3.04,25.50,97.40,2.09,8.25,27.64,146.17,52.93
"5904","寶雅",75.11,209.12,121.16,52.47,17.10,"NA","NA",2.36,154.66,5.68,0.79,8.89,37.42,253.26,10.62,20.26,62.61,131.87,18.07
"5905","南仁湖",62.67,270.97,208.67,142.44,-367.65,31.87,11.45,0.54,675.92,0.47,0.12,-1.73,-5.84,-8.06,-17.84,-0.80,-16.96,19.08,-3.60
"6015","宏遠證",55.03,5885.09,174.97,174.61,"NA","NA","NA","NA","NA","NA","NA",-1.66,-4.46,-5.37,-32.57,-0.63,10.95,"NA","NA"
"6016","康和證",77.97,"NA",108.85,"NA","NA","NA","NA","NA","NA",1.97,0.05,-0.38,-1.71,0.62,-6.99,-0.25,"NA","NA","NA"
"6020","大展證",33.17,2032.37,254.80,254.69,"NA","NA","NA","NA","NA",-0.60,-0.02,-3.89,-6.00,-10.34,220.09,-1.07,"NA","NA","NA"
"6021","美好證",61.97,"NA",167.21,"NA","NA","NA","NA","NA","NA",1.55,0.06,0.37,1.03,1.08,6.04,0.17,"NA","NA","NA"
"6023","元大期貨",88.54,2230.19,111.03,111.01,"NA","NA","NA","NA","NA","NA","NA",1.09,9.08,49.05,28.64,3.95,1.24,134.06,3.72
"6026","福邦證",55.16,16447.64,170.24,170.20,"NA","NA","NA","NA","NA","NA","NA",-2.25,-5.33,-5.54,-118.93,-0.73,16.83,124.31,12.33
"6411","晶焱",26.37,269.29,198.61,164.99,110.22,4.13,88.37,3.51,103.98,1.75,0.47,7.24,10.23,56.17,15.36,4.97,16.07,104.93,-13.36
"6417","韋僑",38.76,171.94,235.76,138.10,8701.25,11.26,32.41,2.28,160.08,1.44,0.63,9.18,13.91,55.97,14.47,4.50,39.92,52.11,6.34
"6418","詠昇",51.09,119.55,233.48,188.56,300.00,3.93,92.87,3.89,93.83,2.04,0.80,3.75,5.62,8.87,3.20,0.76,28.77,40.25,6.27
"6419","京晨科",33.24,7349.46,376.94,352.35,57.54,9.67,37.74,7.51,48.60,33.47,0.36,15.24,24.49,56.67,40.07,5.45,-31.67,-4.04,-8.94
"6425","易發",60.85,173.07,133.18,103.26,3.34,2.61,139.84,3.45,105.79,1.83,0.60,2.58,5.20,12.20,3.10,1.12,6.93,29.98,2.64
"6432","今展科",35.67,532.76,239.74,204.56,16.53,2.97,122.89,4.60,79.34,7.38,0.86,3.77,5.79,17.20,4.12,1.50,71.75,145.53,24.84
"6435","大中",39.32,853.84,250.07,80.41,92359.06,7.04,51.84,2.56,142.57,13.78,1.21,18.39,30.81,170.54,15.18,13.64,-41.06,42.33,-27.00
"6441","廣錠",42.96,150.26,165.41,90.50,1.21,3.19,114.42,1.38,264.49,0.85,0.26,0.76,-0.09,1.10,-0.18,0.02,-20.22,-17.66,-7.85
"6461","益得",59.55,108.36,128.15,103.40,-15.23,2.75,132.72,0.18,2027.77,0.01,0.01,-13.44,-27.68,-28.03,-1386.55,-2.82,0.00,0.00,0.00
"6462","神盾",36.54,7050.24,200.23,138.83,-26.96,5.42,67.34,1.90,192.10,29.31,0.31,-7.90,-12.21,-134.41,-25.93,-12.31,-60.69,12.42,-25.86
"6465","威潤",54.40,203.22,275.49,113.96,-1829.10,11.01,33.15,1.07,341.12,0.89,0.32,-14.43,-30.85,-28.91,-47.63,-2.85,-132.88,-116.74,-34.45
"6469","大樹",74.06,168.73,175.20,92.57,19.24,32.27,11.31,4.69,77.82,3.85,1.66,8.42,30.61,98.19,4.81,7.85,37.41,89.56,12.61
"6470","宇智",45.33,2166.00,210.63,170.61,16432.76,5.80,62.93,7.94,45.96,56.51,1.68,13.17,25.36,78.98,7.81,6.16,20.50,124.25,5.58
"6482","弘煜科",28.32,521.77,351.08,349.58,274.98,4.48,81.47,"NA","NA",6.05,0.98,14.95,21.14,38.35,15.25,3.06,61.22,4582.49,18.48
"6485","點序",17.51,939.14,509.78,372.38,321.33,7.60,48.02,1.90,192.10,3.22,0.83,18.54,22.89,122.11,22.20,9.71,68.16,148.75,3.29
"6486","互動",50.01,181.94,139.26,81.09,37.67,3.18,114.77,1.80,202.77,3.27,0.74,8.02,16.71,67.65,10.50,5.43,14.51,44.80,-5.04
"6488","環球晶",67.95,338.60,306.19,279.01,42.73,7.28,50.13,4.78,76.35,1.91,0.44,9.83,30.75,461.98,21.86,35.31,104.95,170.82,19.11
"6492","生華科",2.47,10300.61,4969.40,4915.50,-639.18,10.58,34.49,"NA","NA",0.06,0.01,-18.79,-19.52,-38.81,-34963.20,-3.92,-1213.84,-123440.34,-24.10
"6494","九齊",25.30,1147.64,301.51,163.57,452.89,9.99,36.53,2.77,131.76,17.17,1.03,17.46,25.31,120.99,16.95,9.54,-4.85,88.15,-15.36
"6496","科懋",29.59,1112.47,314.65,271.78,-498.09,3.86,94.55,1.96,186.22,5.74,0.38,-1.90,-2.77,-5.47,-5.03,-0.74,1.20,93.00,0.41
"6499","益安",9.32,2550.58,824.99,809.13,"NA",14.05,25.97,22.17,16.46,1.98,0.07,-11.72,-12.66,-49.99,-166.57,-4.95,"NA",81.50,"NA"
"6506","雙邦",44.42,142.64,151.30,94.78,27.97,4.67,78.15,4.89,74.64,1.78,0.87,10.42,19.43,33.05,11.74,3.20,25.59,88.74,"*****"
"6508","惠光",21.81,384.21,378.30,222.70,136.76,3.34,109.28,1.98,184.34,3.58,0.77,9.84,12.58,46.08,12.62,3.66,21.60,88.87,-3.44
"6509","聚和",46.63,166.81,166.64,93.46,26.79,4.15,87.95,2.85,128.07,2.00,0.81,9.63,17.87,44.39,10.97,3.46,31.77,79.25,6.00
"6510","精測",11.92,178.00,419.00,373.67,56391.03,4.76,76.68,4.70,77.65,1.04,0.49,8.53,9.75,277.60,17.23,23.50,133.22,85.01,9.75
"6512","啟發電",10.58,481.99,758.37,557.46,539.93,6.77,53.91,2.03,179.80,3.82,71.50,4.82,5.53,9.49,6.74,0.90,18.63,24.44,1.37
"6516","勤崴國際",15.47,1661.84,768.40,754.27,17459.85,6.73,54.23,3844.46,0.09,8.83,0.41,6.78,7.80,21.15,16.41,1.71,90.66,209.73,7.80
"6517","保勝光學",23.20,1172.72,444.38,356.42,1167.54,5.71,63.92,3.39,107.66,12.32,0.99,19.23,25.88,43.11,19.36,3.80,119.59,534.95,16.87
"6523","達爾膚",14.25,25089.04,738.90,684.59,807.24,6.85,53.28,2.20,165.90,121.96,0.51,18.83,22.19,94.14,36.68,7.55,148.65,64.92,-2.42
"6527","明達醫",23.43,215.46,290.25,163.05,143.72,5.87,62.18,2.36,154.66,2.17,0.82,11.87,15.39,58.67,14.46,4.82,24.65,48.61,0.63
"6530","創威",13.62,2965.34,713.47,641.89,580.09,4.72,77.33,2.65,137.73,27.33,0.52,10.23,11.75,19.90,19.61,1.59,110.15,106.24,7.52
"6532","瑞耘",24.96,127.59,161.10,98.00,1985.33,6.34,57.57,2.01,181.59,1.06,0.57,15.70,20.39,61.64,27.26,5.00,54.04,55.18,9.24
"6535","順藥",11.44,54550.26,643.60,570.79,"NA",2.25,162.22,0.09,4055.55,11.32,0.01,-23.83,-26.39,-30.93,-1893.56,-3.05,-139.51,"NA","NA"
"6538","倉和",32.00,259.00,278.00,244.00,49.55,2.34,155.98,4.86,75.10,2.85,0.60,7.06,9.98,58.92,11.45,4.57,20.32,104.55,0.97
"6542","隆中",19.26,30860.94,475.27,469.29,40483.14,8.72,41.85,104.48,3.49,316.95,0.84,11.86,15.51,33.08,13.73,2.35,61.40,236.94,15.64
"6546","正基",39.80,413.46,245.27,121.59,179.87,6.76,53.99,2.88,126.73,9.35,1.11,15.74,28.43,91.04,14.16,7.77,0.07,67.01,-15.88
"6547","高端疫苗",31.56,582.48,1537.71,1247.85,-53.84,1.47,248.29,1.04,350.96,0.30,0.06,-22.98,-30.39,-44.98,-403.94,-4.56,"NA","NA","NA"
"6548","長科*",45.97,366.90,216.04,147.10,77.85,5.32,68.60,4.32,84.49,4.76,0.86,17.12,31.18,940.13,19.71,3.01,71.52,117.21,14.09
"6556","勝品",46.01,195.95,160.62,100.70,56.94,3.87,94.31,2.67,136.70,2.90,0.95,12.49,23.56,126.26,12.91,9.91,23.45,49.28,8.11
"6560","欣普羅",15.08,107985.50,618.78,496.17,547.18,2.98,122.48,1.90,192.10,300.74,0.53,4.85,6.29,16.68,9.14,1.29,150.60,86.13,0.49
"6561","是方",42.13,459.53,397.78,389.70,36.30,13.68,26.68,0.90,405.55,3.68,0.54,15.32,26.08,147.40,27.18,11.82,153.05,107.30,7.96
"6568","宏觀",20.61,674.87,404.69,278.88,690.38,11.67,31.27,2.01,181.59,5.82,0.72,6.73,8.16,41.21,9.33,4.05,57.36,82.19,4.63
"6569","醫揚",28.78,556.47,294.47,190.75,69.04,6.36,57.38,3.28,111.28,9.99,0.87,11.23,16.68,72.77,12.69,6.24,50.74,82.64,3.52
"6570","維田",36.52,202.85,316.46,200.43,43.01,9.19,39.71,2.58,141.47,2.07,0.91,14.09,24.04,57.13,15.10,5.35,88.91,61.16,10.57
"6574","霈方",27.27,1277.44,440.21,403.68,27.38,13.63,26.77,1.94,188.14,11.05,0.50,7.89,10.65,37.06,10.19,3.09,107.14,121.34,18.95
"6576","逸達",30.17,1161.43,708.42,549.23,"NA",37.06,9.84,0.28,1303.57,3.43,0.20,-32.07,-42.37,-37.08,-156.76,-4.00,-180.56,-376.37,-20.60
"6577","勁豐",36.58,2353.41,251.53,182.70,279.14,5.06,72.13,3.82,95.54,41.25,1.07,11.10,17.90,63.76,10.29,5.08,55.18,105.26,14.51
"6578","達邦蛋白",43.19,123.12,156.96,123.84,-6.46,9.32,39.16,9.00,40.55,0.51,0.33,-3.01,-6.37,-12.41,-10.30,-1.15,9.02,8.08,1.54
"6584","南俊國際",55.28,109.98,124.88,86.67,8.21,5.63,64.83,5.15,70.87,0.80,0.57,4.12,9.07,29.47,6.54,2.26,47.89,85.24,11.59
"6588","東典光電",20.05,142.16,446.78,330.95,-12.80,4.47,81.65,1.89,193.12,0.28,0.16,-1.62,-2.20,-8.46,-10.35,-0.66,110.42,48.30,3.96
"6589","台康生技",9.82,426.09,1133.94,1015.87,"NA",26.15,13.95,1.25,292.00,0.65,0.12,-0.92,-1.09,-3.75,-7.80,-0.38,"NA","NA","NA"
"6590","普鴻",32.59,289.89,316.38,294.08,51.96,2.68,136.19,0.16,2281.25,3.33,0.60,12.52,17.72,62.15,20.52,4.74,55.51,49.75,1.57
"6593","台灣銘板",43.75,168.18,468.22,293.82,1.82,9.63,37.90,2.93,124.57,1.05,0.57,0.60,0.50,1.53,0.47,0.12,39.28,61.22,1.39
"6596","寬宏藝術",34.17,185.10,152.88,122.55,3.43,39.33,9.28,2.47,147.77,4.27,1.46,0.25,0.29,0.59,0.12,0.05,-8.45,86.86,-2.96
"6597","立誠",44.51,189.96,151.16,109.07,9.66,3.13,116.61,3.53,103.39,2.00,0.61,4.14,7.36,14.01,6.36,1.14,23.61,89.05,6.98
"6609","瀧澤科",49.24,303.12,193.63,127.04,20.93,3.45,105.79,2.10,173.80,3.71,0.72,7.80,15.76,62.20,10.26,5.10,6.07,74.55,0.16
"6612","奈米醫材",10.12,988.90,710.66,613.67,249.45,4.70,77.65,1.33,274.43,5.45,0.51,11.03,12.55,41.88,21.56,3.81,138.61,93.04,11.94
"6613","朋億*",62.42,1276.43,184.80,115.59,24204.72,4.00,91.25,2.80,130.35,27.88,1.09,10.14,24.73,379.11,11.12,11.74,26.32,77.87,16.58
"6615","慧智",22.28,1202.89,279.22,218.67,32.79,7.61,47.96,6.53,55.89,9.73,0.60,5.44,6.89,22.16,8.70,2.00,14.77,60.93,-6.20
"6616","特昇-KY",45.37,225.95,178.14,91.35,5.31,15.30,23.85,3.01,121.26,5.44,1.39,4.00,6.80,16.85,2.34,1.09,33.14,44.40,13.39
"6617","共信-KY",15.33,601.44,699.10,698.42,-90.72,"*****","*****",0.73,"*****",0.01,"*****",-20.68,-24.75,-25.83,-25558.44,-2.29,-121.41,-368.23,-16.69
"6624","萬年清",62.52,197.94,168.30,162.91,7.50,4.96,73.58,0.47,776.59,1.69,0.53,3.28,7.69,17.44,5.33,1.36,31.97,22.21,21.12
"6629","泰金-KY",34.44,201.84,191.57,130.30,22.85,6.07,60.13,3.49,104.58,2.71,0.88,11.06,17.64,54.87,11.95,4.53,34.20,184.17,4.09
"6637","醫影",33.98,238.17,278.11,250.80,43.68,3.38,107.98,6.00,60.83,1.85,0.63,14.88,23.83,67.37,22.90,5.20,146.07,130.30,23.47
"6640","均華",54.09,410.52,171.00,117.02,31.16,1.95,187.17,1.62,225.30,468.33,0.58,9.34,20.81,105.65,15.49,8.33,0.00,43.35,0.00
"6642","富致",27.47,360.04,668.77,616.03,63.34,3.33,109.60,2.83,128.97,1.32,0.33,10.80,15.03,50.97,32.79,4.25,141.01,109.60,4.73
"6643","M31",21.54,326.14,328.50,317.23,1745.60,4.12,88.59,"NA","NA",2.18,0.63,17.63,22.04,139.80,27.88,12.16,128.99,106.45,19.77
"6649","台生材",12.09,245.99,1374.37,1280.62,35.69,16.73,21.81,2.66,137.21,0.44,0.20,5.36,6.31,8.04,26.51,0.83,107.56,-52.03,3.98
"6651","全宇昕",35.82,3916.49,252.02,151.20,117.95,3.10,117.74,2.07,176.32,55.58,0.94,18.85,28.78,115.42,18.01,8.91,13.60,52.80,-3.94
"6654","天正國際",56.85,373.43,239.95,178.93,6.75,0.76,480.26,1.43,255.24,1.86,0.24,1.47,2.62,11.46,5.12,0.86,15.43,26.06,3.76
"6661","威健生技",30.24,856.14,288.60,253.80,49.22,4.87,74.94,5.91,61.75,11.06,0.75,2.27,3.11,5.81,2.96,0.41,49.11,138.11,10.88
"6662","樂斯科",20.20,266.54,509.31,458.30,49.98,7.63,47.83,6.43,56.76,1.21,0.41,7.55,9.25,20.75,17.94,1.65,79.21,93.98,0.66
"6664","群翊",60.62,487.21,162.94,103.06,143.11,4.66,78.32,0.86,424.41,4.08,0.46,12.44,28.54,141.57,26.69,11.44,38.14,112.78,31.96
"6667","信紘科",56.18,271.90,187.33,92.00,24.56,8.17,44.67,0.75,486.66,3.52,0.89,7.91,17.41,60.88,8.54,5.11,8.05,11.96,-0.62
"6679","鈺太",5.04,11080.49,1749.01,1278.14,530.91,3.83,95.30,1.40,260.71,49.45,0.56,13.68,15.39,115.90,24.04,10.40,-12.79,45.49,-9.79
"6680","鑫創電子",36.42,508.37,268.92,178.59,5594.04,22.02,16.57,2.29,159.38,5.85,0.85,11.45,17.68,45.85,13.29,3.75,17.55,40.26,3.09
"6683","雍智科技",16.10,450.71,501.85,360.01,2631.55,7.59,48.08,1.22,299.18,3.32,0.64,17.15,20.73,188.40,26.57,15.01,105.84,102.50,8.95
"6684","安格",13.22,2114.62,774.69,651.76,97.48,18.91,19.30,2.02,180.69,11.89,0.42,3.69,4.36,15.08,8.76,1.40,-33.63,66.28,-17.56
"6690","安碁資訊",43.38,435.69,167.02,165.09,38.38,5.93,61.55,"NA","NA",4.48,0.76,7.52,16.77,84.29,9.69,7.92,134.56,147.97,42.39
"6692","進能服",61.13,2035.16,153.32,127.46,111.66,9.86,37.01,"NA","NA",60.30,1.25,7.29,20.37,48.95,5.74,4.04,-30.25,50.63,-54.00
"6693","廣閎科",35.54,450.69,346.34,199.75,38.51,8.44,43.24,2.59,140.92,4.31,0.87,7.44,13.14,31.06,8.37,2.48,-1.45,16.03,-7.12
"6697","東捷資訊",37.49,1713.92,194.40,184.10,122.42,2.58,141.47,139.43,2.61,41.60,1.53,6.46,10.10,24.13,4.18,2.04,22.89,192.41,3.85
"6703","軒郁",22.34,9896.78,421.45,365.66,398.24,14.82,24.62,5.45,66.97,187.25,1.42,15.19,18.74,96.10,10.65,7.79,86.09,99.22,8.35
"6708","天擎",16.35,29339.39,934.87,821.73,37.64,7.38,49.45,1.65,221.21,227.90,0.63,6.87,8.77,13.97,10.66,1.31,40.59,95.25,0.83
"6712","長聖",9.19,2496.11,888.87,831.10,518.85,10.58,34.49,2.70,135.18,7.68,0.31,10.07,10.88,38.76,31.99,2.95,194.94,33.15,16.91
"6716","應廣",32.39,3778.78,250.09,151.03,115.84,5.69,64.14,2.93,124.57,48.11,0.82,17.65,24.90,88.29,21.46,7.47,-33.82,73.67,-38.70
"6720","久昌",35.41,2235.48,209.19,151.62,7.19,3.56,102.52,2.21,165.15,17.24,0.56,3.18,4.32,5.17,4.97,0.57,0.00,94.52,0.00
"6721","信實",45.07,491.36,206.72,204.76,36.67,6.61,55.21,"*****","*****",21.40,2.81,7.30,13.45,37.30,2.52,3.08,4.11,81.61,-9.90
"6727","亞泰金屬",73.58,216.13,121.64,54.46,3394.14,6.48,56.32,0.84,434.52,3.49,0.40,5.68,22.66,109.38,13.75,8.83,-22.43,22.37,-54.77
"6728","上洋",40.45,338.00,212.81,61.84,117.75,13.38,27.27,1.93,189.11,8.42,1.67,21.55,32.70,170.76,12.77,13.60,7.62,26.41,-12.21
"6732","昇佳電子",21.38,832.57,392.62,296.08,2237.53,6.86,53.20,2.85,128.07,7.10,0.62,13.06,17.50,202.56,20.93,17.23,25.08,96.19,-24.75
"6733","博晟生醫",11.02,4322.66,1701.10,1587.61,-2458.56,3.85,94.80,1.24,294.35,1.72,0.03,-22.26,-24.54,-20.75,-653.50,-1.79,"NA","NA","NA"
"6735","美達科技",13.06,256.95,635.40,438.36,86.14,3.91,93.35,0.68,536.76,1.05,0.40,10.14,13.02,36.71,24.73,2.77,-32.29,34.97,-15.35
"6739","竹陞科技",28.84,342.20,257.00,180.14,79.81,2.56,142.57,0.86,424.41,2.69,0.59,8.48,12.26,20.72,14.18,1.73,31.82,-37.57,12.50
"6741","91APP*-KY",36.36,8037.78,256.86,255.77,950.57,19.26,18.95,"NA","NA",44.79,0.31,8.34,13.76,70.72,26.82,2.83,41.32,600.20,20.19
"6747","亨泰光",13.53,419.39,542.32,478.69,616.48,8.01,45.56,3.19,114.42,2.69,0.53,18.11,20.96,123.92,34.19,10.56,177.20,112.80,4.70
"6751","智聯服務",36.92,401.66,181.03,169.54,2316.79,3.44,106.10,26.15,13.95,15.21,1.56,8.54,14.24,48.63,5.46,4.05,15.68,19.78,2.64
"6752","叡揚",57.18,137.25,118.83,101.64,48.18,8.03,45.45,44.83,8.14,1.56,0.70,8.67,19.64,66.27,12.12,5.74,36.16,95.99,19.03
"6761","穩得",47.31,458.00,321.99,210.46,35.18,3.43,106.41,2.58,141.47,9.15,1.09,11.50,19.85,104.10,10.06,8.09,42.65,43.80,4.11
"6762","達亞",35.63,454.15,340.52,276.09,2871.88,4.23,86.28,2.27,160.79,1.75,0.27,10.40,15.26,83.31,37.00,6.62,152.46,58.97,10.56
"6763","綠界科技*",59.29,20128.67,158.57,158.47,583.88,137.42,2.65,"NA","NA",109.90,0.29,7.16,24.37,252.63,24.34,20.86,10.74,291.90,10.16
"6767","台微醫",26.71,412.32,466.52,370.51,-14.28,4.58,79.69,0.84,434.52,2.28,0.41,-3.19,-4.49,-5.81,-8.20,-0.58,-9.47,-87.16,-1.37
"6785","昱展新藥",1.55,7343.94,9265.77,9080.24,"NA",1.90,192.10,"NA","NA",0.10,0.01,-3.74,-3.79,-5.71,-2483.88,-0.35,"NA","NA","NA"
"6788","華景電",32.79,297.08,341.43,249.66,185.83,7.51,48.60,1.40,260.71,3.41,0.68,16.94,23.35,128.86,24.67,10.08,92.46,70.75,15.42
"6791","虎門科技",38.17,539.45,238.66,225.32,71.16,3.82,95.54,24.25,15.05,5.93,0.82,11.23,19.01,43.48,13.53,3.87,58.46,135.24,15.47
"6803","崑鼎",51.62,240.75,175.17,167.32,5726.94,4.48,81.47,"NA","NA",1.71,0.55,8.34,18.35,214.75,14.86,14.91,69.77,136.23,11.41
"6804","明係",54.65,150.78,141.51,70.08,22.84,11.64,31.35,3.88,94.07,3.81,1.49,8.01,18.68,71.97,5.15,5.82,31.46,64.51,20.76
"6811","宏碁資訊",66.98,125271.63,147.31,134.57,1098.04,3.77,96.81,16.62,21.96,2843.96,1.51,9.19,32.79,132.07,6.08,11.35,16.06,317.52,19.01
"6821","聯寶",36.80,435.16,236.69,207.42,37.63,3.38,107.98,5.78,63.14,3.56,0.64,7.50,12.00,28.96,11.35,2.24,41.45,95.77,6.39
"6823","濾能",35.59,309.81,305.03,211.86,117.61,6.29,58.02,3.10,117.74,6.00,1.17,11.78,19.78,64.31,9.97,5.09,87.98,45.00,18.96
"6829","千附精密",23.54,222.85,314.25,244.70,213.00,7.36,49.59,3.78,96.56,1.83,0.77,15.48,21.13,73.95,19.93,6.11,92.72,203.19,7.01
"6840","東研信超",45.43,164.82,164.96,162.73,21.02,5.24,69.65,"NA","NA",1.50,0.67,10.63,18.91,68.25,15.19,5.87,62.58,123.86,7.44
"6841","長佳智能",2.01,6508.88,5021.89,5002.36,2168.84,6.10,59.83,11.88,30.72,1.82,0.03,8.45,8.65,15.17,3038.32,1.54,"*****","*****","*****"
"6843","進典",32.11,378.99,270.67,174.12,55.91,3.58,101.95,1.77,206.21,4.02,0.87,12.79,19.94,50.79,14.44,4.41,14.39,73.31,-1.99
"6844","諾貝兒",41.83,339.56,247.06,137.29,3091.18,216.65,1.68,3.00,121.66,4.47,1.08,9.62,15.95,150.96,8.63,12.08,71.83,105.31,11.23
"6846","綠茵",32.68,787.62,295.14,222.71,148.44,6.08,60.03,2.40,152.08,8.50,0.84,17.59,24.96,75.37,20.80,6.01,101.80,118.65,4.09
"6855","數泓科",29.74,817.17,306.43,238.08,180.96,4.94,73.88,1.53,238.56,5.27,0.57,16.33,21.67,76.29,28.36,6.46,46.12,71.84,7.78
"6856","鑫傳",18.22,709.71,466.09,460.99,688.58,11.92,30.62,0.07,5214.28,6.02,0.68,19.98,24.13,61.02,29.48,4.91,133.29,126.00,9.21
"6859","伯特光",17.93,284.09,578.86,533.55,84.08,5.68,64.26,6.53,55.89,1.43,0.52,12.11,15.32,74.17,23.11,7.00,145.50,116.24,11.57
"6865","偉康科技",34.24,6359.93,279.98,278.21,322.39,6.03,60.53,"NA","NA",93.03,1.20,12.46,18.90,50.92,10.36,4.03,36.87,195.67,5.63
"6870","騰雲",34.51,4258.78,236.07,230.03,30.75,1.44,253.47,8.34,43.76,40.12,0.61,8.35,12.89,37.12,13.17,3.46,-9.56,-140.10,-15.17
"6872","浩宇生醫",4.04,1617.06,2255.59,2209.44,-529225.00,17.35,21.03,0.91,401.09,0.19,0.03,-11.40,-11.90,-11.26,-325.30,-1.13,-270.65,-385.98,-20.74
"6874","倍力",59.85,22613.19,154.85,104.18,18.53,3.46,105.49,6.59,55.38,595.23,1.68,11.01,24.35,52.01,6.20,4.81,-21.18,38.17,-38.86
"6875","國邑*",4.78,5037.86,2465.14,2423.19,"*****","*****","*****","*****","*****",0.00,0.00,-38.38,-41.23,-48.04,"*****",-2.70,0.00,0.00,0.00
"6877","鏵友益",47.71,299.43,357.30,309.93,8.91,3.90,93.58,4.75,76.84,2.00,0.55,3.59,5.76,10.46,5.82,0.83,34.90,36.22,5.04
"6881","潤德",57.02,25750.88,152.57,152.02,476.99,7.99,45.68,2.95,123.72,616.11,1.13,11.06,23.70,94.84,9.71,7.65,17.09,113.21,5.63
"6894","衛司特",20.73,386.59,466.60,428.29,398032.00,3.62,100.82,7.03,51.92,2.82,0.69,16.14,21.05,120.93,23.36,9.32,141.56,110.47,12.83
"6895","宏碩系統",15.89,373.12,443.29,317.95,876.09,3.59,101.67,2.04,178.92,2.64,0.61,15.96,18.54,46.01,26.02,3.67,17.84,62.65,-7.80
"6899","創為精密",27.46,156.66,265.49,215.24,73.15,6.52,55.98,4.59,79.52,2.03,0.66,9.44,13.08,70.65,14.14,5.21,100.50,95.84,15.45
"6903","巨漢",36.84,17456.00,269.99,161.45,8399.13,32.55,11.21,3.93,92.87,636.51,1.67,46.01,82.80,428.24,27.61,34.24,48.78,212.86,6.02
"6904","伯鑫",51.23,144.98,249.62,142.06,45.48,9.42,38.74,2.55,143.13,1.30,0.72,14.78,30.52,139.36,19.99,10.96,92.41,73.49,12.52
"6913","鴻呈",43.40,369.83,208.21,180.31,91.52,3.80,96.05,7.68,47.52,6.99,1.30,21.81,41.28,140.50,16.59,10.89,44.34,147.47,21.05
"6922","宸曜",30.80,1780.00,329.69,208.86,53915.98,15.66,23.30,1.99,183.41,38.23,1.59,22.20,34.24,104.13,13.91,8.15,78.03,"NA",19.47
"6929","佑全",69.26,336.73,128.24,51.51,7.35,24.51,14.89,3.44,106.10,7.06,1.38,4.82,13.56,30.28,3.03,2.50,38.50,128.18,19.23
"6953","家碩",66.73,3706.17,145.67,84.65,1838.11,5.79,63.03,1.12,325.89,75.32,0.80,15.45,53.27,113.19,19.41,9.84,13.87,93.20,25.70
"6967","汎瑋材料",37.16,591.55,229.62,200.49,28.28,2.34,155.98,9.55,38.21,10.20,1.12,9.23,16.12,60.86,7.91,7.13,45.98,65.73,0.65
"6968","萬達寵物",81.44,568.71,92.04,19.27,3.03,87.58,4.16,2.70,135.18,8.70,1.04,4.76,18.68,18.22,3.31,2.06,18.91,"NA",26.42
"6982","大井泵浦",62.84,160.07,103.28,54.47,11.40,5.47,66.72,2.89,126.29,3.31,0.95,5.76,16.12,27.48,5.51,2.55,-6.26,51.77,-7.44
"6996","力領科技",29.05,1907.96,327.74,209.52,2125.10,12.66,28.83,2.87,127.17,37.28,1.12,23.15,35.53,207.52,20.53,18.20,56.47,101.55,-37.09
"6997","博弘",84.01,3980.01,119.71,107.84,178.80,6.69,54.55,6.19,58.96,947.65,3.99,4.81,30.87,1.20,1.20,3.15,-2.48,780.16,-8.85
"7402","邑錡",46.23,7040.91,197.89,159.02,7.52,7.89,46.26,3.25,112.30,102.84,0.84,7.13,12.39,26.32,8.68,2.18,42.34,165.68,-4.87
"7556","意德士科技",16.57,422.70,404.70,372.34,641.19,6.53,55.89,6.63,55.05,2.87,0.56,13.53,16.20,69.30,24.08,5.69,79.55,97.78,8.58
"7584","樂意",53.32,224.52,74.25,72.25,200.81,8.65,42.19,"NA","NA",4.29,0.89,9.88,21.78,61.90,10.99,4.89,32.36,159.63,29.40
"7704","明遠精密",28.80,307.37,313.32,190.66,76.50,5.44,67.09,1.86,196.23,2.91,0.71,12.87,20.65,72.95,17.84,5.50,98.49,194.25,12.95
"7708","全家餐飲",59.87,413.46,114.69,112.00,16.96,13.74,26.56,121.87,2.99,8.54,1.28,4.61,10.71,23.86,3.40,1.97,55.64,"NA",38.57
"7709","榮田",49.54,187.53,165.17,69.68,27.93,4.49,81.29,0.86,424.41,1.21,0.41,5.26,9.65,36.44,12.26,3.04,24.51,71.57,12.15
"7712","博盛半導體",51.01,518.56,221.72,143.14,68.31,10.31,35.40,4.29,85.08,10.04,1.18,19.58,43.51,149.38,16.37,11.97,46.91,118.60,20.24
"7714","創泓科技",67.82,6924.07,147.13,114.13,34.94,4.85,75.25,8.26,44.18,355.88,2.18,12.99,36.51,69.55,5.80,4.61,5.54,37.12,-27.23
"7715","裕山",48.32,366.76,198.88,189.73,11.80,13.82,26.41,291.49,1.25,5.54,0.83,11.61,27.79,61.77,12.75,4.92,28.57,"NA",15.15
"7718","友鋮",59.44,413.34,138.02,120.99,28.38,5.79,63.03,10.42,35.02,10.47,1.42,13.67,31.23,91.75,9.25,7.52,32.04,"NA",27.01
"7723","築間",84.10,203.87,83.52,74.62,14.69,66.87,5.45,27.86,13.10,5.03,1.51,11.54,82.26,107.42,7.16,8.74,66.01,"NA",35.29
"7728","光焱科技",39.73,1738.36,267.93,202.75,60.58,14.21,25.68,1.34,272.38,20.81,0.84,18.57,30.69,62.18,21.82,5.35,46.59,107.83,4.91
"7734","印能科技",39.09,455.36,322.82,302.79,166.65,4.09,89.24,5.37,67.97,4.63,0.75,35.04,57.45,635.44,45.89,49.98,102.39,199.23,24.89
"8024","佑華",12.27,549.08,794.84,756.10,0.00,7.35,49.65,6.89,52.97,3.42,0.55,12.48,14.26,24.16,22.21,2.20,159.19,235.20,8.29
"8027","鈦昇",44.38,679.33,468.61,312.06,38.68,4.23,86.28,1.78,205.05,6.37,0.77,9.58,15.42,48.96,12.10,3.94,-28.38,-13.02,-8.30
"8032","光菱",46.83,2169.86,175.55,118.40,1853.06,3.50,104.28,3.99,91.47,47.43,1.23,5.89,9.92,47.89,4.48,3.54,-34.39,-28.75,-29.30
"8034","榮群",20.27,24432.30,501.66,353.39,61.99,3.52,103.69,1.35,270.37,156.62,0.56,4.81,5.78,7.76,8.48,0.65,101.34,180.75,14.94
"8038","長園科",58.02,214.00,193.47,150.59,-1.56,2.71,134.68,0.98,372.44,0.51,0.20,-1.86,-6.10,-4.74,-13.69,-0.41,"NA",2.00,"NA"
"8040","九暘",25.96,296.10,286.34,201.83,256.24,20.05,18.20,4.67,78.15,4.56,1.17,13.57,18.31,21.80,11.52,2.22,43.15,134.79,7.76
"8042","金山電",50.21,292.07,183.65,137.95,423.69,2.50,146.00,2.33,156.65,2.07,0.48,1.74,2.75,10.03,2.87,0.81,26.70,80.50,8.11
"8043","蜜望實",41.10,2436.17,244.31,167.47,329.51,2.29,159.38,5.01,72.85,50.21,1.21,3.13,5.83,24.79,2.58,1.91,10.51,40.50,3.34
"8044","網家",62.58,886.50,94.01,69.01,1.67,42.81,8.52,20.64,17.68,43.22,2.52,-0.09,-0.83,2.47,-0.12,-0.42,1.13,152.79,0.26
"8047","星雲",20.14,564.56,356.12,168.28,-99969.00,11.14,32.76,2.05,178.04,7.50,1.06,-5.52,-7.21,-8.41,-5.46,-0.84,-11.85,10.51,-4.00
"8048","德勝",23.57,424.30,357.25,259.78,6478.92,5.52,66.12,2.76,132.24,4.24,0.76,9.28,12.09,28.54,12.19,2.43,14.36,39.36,-6.37
"8049","晶采",18.95,654.49,351.20,224.96,36467.43,8.08,45.17,3.21,113.70,7.69,0.96,17.96,22.09,46.74,18.65,3.82,83.73,82.62,4.36
"8050","廣積",40.31,276.83,270.16,152.83,25.92,6.79,53.75,2.26,161.50,2.28,0.59,10.31,17.23,70.47,16.82,9.42,20.81,9.75,0.65
"8054","安國",14.95,7540.57,550.70,428.81,3710.41,8.00,45.62,1.57,232.48,38.95,0.36,2.50,2.83,11.03,6.79,0.57,-0.87,30.40,-4.63
"8059","凱碩",32.16,7883.74,141.26,73.20,7.28,2.34,155.98,2.32,157.32,43.12,0.42,0.67,0.88,0.86,1.42,0.09,0.00,49.84,0.00
"8064","東捷",52.86,576.65,183.83,100.25,32.34,3.27,111.62,1.27,287.40,5.68,0.54,5.34,11.77,28.52,9.64,2.04,0.00,299.41,0.00
"8066","來思達",51.11,1031.20,211.54,197.01,6.68,6.85,53.28,41.80,8.73,61.22,2.97,5.88,7.53,40.48,1.64,1.34,26.84,94.60,14.97
"8067","志旭",53.00,177.50,131.03,58.43,-5.29,5.28,69.12,0.72,506.94,1.53,0.42,-3.93,-10.71,-11.74,-12.91,-1.11,0.00,0.00,0.00
"8068","全達",39.14,1564.74,150.91,129.88,-5.78,3.99,91.47,11.64,31.35,16.22,0.84,-0.01,-1.08,-0.01,-0.77,-0.29,-13.63,-28.38,-5.65
"8069","元太",32.03,636.62,187.68,151.03,84.42,7.56,48.28,3.23,113.00,4.52,0.49,16.44,25.14,105.73,32.97,8.69,44.98,63.43,4.33
"8071","能率網通",56.81,304.56,141.66,113.41,8.15,5.74,63.58,6.85,53.28,6.20,1.00,3.04,5.83,23.65,2.50,0.67,25.88,90.34,8.91
"8074","鉅橡",45.99,190.58,154.50,116.03,3794.18,3.61,101.10,2.65,137.73,1.52,0.49,10.63,19.15,55.29,20.98,3.47,13.10,74.73,1.93
"8076","伍豐",39.83,1565.54,128.34,84.35,13.44,3.75,97.33,1.68,217.26,8.46,0.41,5.24,8.38,13.17,11.97,1.10,13.11,208.50,4.62
"8077","洛碁",91.93,349.41,35.12,33.83,-256.31,28.70,12.71,"NA","NA",0.71,0.16,-4.99,-59.71,-102.76,-41.28,-10.28,26.86,785.51,6.27
"8080","泰霖",45.48,1079.32,128.23,87.09,5644.50,1.32,276.51,7.89,46.26,41.91,1.30,47.90,169.59,72.58,37.27,7.23,-77.95,-1112.77,-47.84
"8083","瑞穎",37.09,165.90,185.16,96.22,5824.00,3.11,117.36,2.03,179.80,1.97,0.78,17.17,29.20,128.81,21.61,10.30,144.51,77.02,36.48
"8084","巨虹",64.78,378.98,137.26,86.87,475.34,3.42,106.72,3.36,108.63,6.92,0.97,5.57,13.58,8.78,4.62,0.83,7.82,-9.05,4.87
"8085","福華",42.63,443.67,476.85,420.08,6.51,3.33,109.60,4.83,75.56,1.47,0.31,6.32,10.82,5.12,19.25,1.23,33.38,-22.59,5.18
"8086","宏捷科",6.39,151.74,658.65,513.13,0.00,9.11,40.06,3.59,101.67,0.47,0.26,0.18,0.18,0.74,0.63,0.07,124.33,80.87,-0.38
"8087","麗升能源",64.75,344.11,80.43,74.93,818.00,7.37,49.52,142.57,2.56,1.80,0.32,6.56,13.51,16.81,18.16,1.29,20.65,76.84,18.78
"8089","康全電訊",29.59,471.94,443.89,320.99,4.94,4.96,73.58,2.49,146.58,10.16,1.08,0.68,0.73,2.41,0.48,0.16,35.58,51.53,3.47
"8091","翔名",30.44,190.44,397.03,305.87,6160.30,5.26,69.39,2.75,132.72,1.08,0.51,11.70,16.05,119.51,22.27,7.00,100.39,57.15,8.44
"8092","建暐",61.00,125.00,119.00,48.00,158.00,3.89,93.83,1.09,334.86,1.21,0.53,1.53,1.82,1.20,1.32,0.14,16.45,89.70,14.62
"8093","保銳",41.46,212.83,119.26,48.59,3.00,4.57,79.86,1.01,361.38,1.71,0.43,0.54,0.09,1.81,0.11,0.01,19.08,-27.84,12.43
"8096","擎亞",60.32,1332.76,157.90,109.93,1.03,6.84,53.36,10.87,33.57,135.18,3.18,0.51,0.05,0.36,0.01,0.01,39.35,47.29,59.20
"8097","常珵",25.90,1580.07,277.84,273.66,35.02,6.22,58.68,23.83,15.31,22.84,1.30,21.21,32.62,55.46,15.99,5.94,41.43,129.83,12.81
"8099","大世科",57.98,1768.92,147.33,100.93,80.11,5.38,67.84,4.73,77.16,41.99,1.32,5.47,12.53,24.84,4.11,2.02,0.87,62.17,-7.80
"8107","大億金茂",50.49,376.81,182.73,143.23,2.69,4.18,87.32,4.49,81.29,0.87,0.28,1.66,2.24,4.53,4.05,0.44,11.93,25.66,1.38
"8109","博大",50.23,358.78,220.39,191.99,43.83,10.58,34.49,2.14,170.56,2.14,0.39,15.47,30.26,111.04,38.35,9.03,31.66,80.79,8.45
"8111","立碁",33.72,320.47,215.89,186.58,18.96,2.62,139.31,2.65,137.73,1.75,0.37,5.14,7.43,13.29,13.23,1.05,34.19,90.48,0.07
"8121","越峰",58.39,198.04,199.08,110.80,254.28,3.66,99.72,2.66,137.21,1.89,0.67,0.78,0.75,2.90,0.48,0.09,-6.80,34.05,-1.22
"8147","正淩",44.06,243.04,212.58,188.31,33.48,4.10,89.02,5.39,67.71,2.67,0.85,9.13,15.74,44.50,10.45,3.80,46.04,77.88,9.56
"8155","博智",36.85,218.50,191.88,151.02,112.27,3.06,119.28,4.70,77.65,3.44,0.99,16.16,26.38,131.98,16.13,11.17,51.98,99.63,9.52
"8171","天宇",44.79,1259.36,191.27,137.05,1281.71,5.03,72.56,3.07,118.89,16.75,0.75,7.35,12.51,21.79,9.13,2.20,4.29,-93.06,3.32
"8176","智捷",33.27,382.20,222.27,121.78,-3112.28,4.06,89.90,0.88,414.77,2.28,0.43,-8.33,-11.52,-8.28,-19.84,-0.94,-22.97,-13.34,-8.10
"8182","加高",42.32,183.16,227.10,166.76,1774.31,3.69,98.91,2.79,130.82,1.19,0.49,4.83,7.72,32.76,9.29,2.50,33.80,63.77,1.39
"8183","精星",54.17,308.34,160.38,127.29,28.99,2.38,153.36,8.31,43.92,6.98,1.25,12.79,24.73,76.48,9.84,5.63,12.76,72.22,5.64
"8227","巨有科技",28.71,602.56,322.47,254.12,2620.74,15.65,23.32,7.50,48.66,7.89,1.25,9.82,14.38,24.55,7.84,2.20,17.39,130.65,6.12
"8234","新漢",60.01,280.06,133.24,80.59,30.73,4.57,79.86,2.20,165.90,5.43,0.90,11.05,29.19,95.84,11.40,6.39,9.06,33.67,6.35
"8240","華宏",50.40,330.06,174.09,144.93,1000.00,2.77,131.76,6.95,52.51,5.81,1.02,3.56,6.69,42.30,3.09,2.66,34.94,109.99,12.08
"8255","朋程",41.40,217.43,92.21,60.60,21.20,5.88,62.07,3.90,93.58,1.38,0.43,6.00,9.16,70.90,13.35,6.14,17.93,44.32,1.68
"8272","全景軟體",36.37,6471.27,275.07,274.04,230.03,4.04,90.34,104.39,3.49,67.67,0.80,15.74,24.41,63.06,19.69,5.17,57.39,"NA",19.76
"8277","商丞",14.67,230.01,666.11,465.17,-7083.03,8.64,42.24,2.84,128.52,1.22,0.48,-9.43,-11.00,-7.63,-19.74,-0.61,0.00,55.66,0.00
"8279","生展",35.15,173.25,154.68,99.81,82.15,4.38,83.33,3.47,105.18,1.75,0.70,11.86,17.07,146.27,16.64,11.85,38.57,65.40,5.91
"8284","三竹",34.33,528.29,235.28,232.25,6828.39,8.92,40.91,10.51,34.72,10.96,1.42,16.44,24.80,75.13,11.56,6.19,67.03,141.57,25.34
"8289","泰藝",32.27,417.53,314.76,215.16,15318.51,3.98,91.70,2.25,162.22,5.95,0.95,11.97,22.03,61.84,15.15,5.25,62.67,143.19,14.27
"8291","尚茂",71.42,111.85,102.37,70.94,-1705.57,2.95,123.72,2.26,161.50,0.46,0.25,-14.03,-43.71,-12.54,-59.63,-1.25,-24.17,94.23,-4.71
"8299","群聯",37.27,557.94,260.78,144.52,176.98,7.55,48.34,2.15,169.76,8.46,0.98,8.83,14.41,316.95,8.96,27.71,20.29,51.42,-2.18
"8342","益張",40.22,178.33,185.27,134.72,51.70,7.29,50.06,6.52,55.98,2.65,1.11,14.90,25.83,78.90,13.13,6.53,80.08,75.89,15.47
"8349","恒耀國際",66.46,157.08,110.06,56.80,6.91,4.64,78.66,2.14,170.56,2.58,0.76,4.46,11.06,51.22,4.99,4.30,6.48,57.09,2.90
"8354","冠好",54.73,115.59,114.51,58.92,6.29,3.23,113.00,2.87,127.17,0.32,0.17,2.49,4.12,14.26,11.77,1.02,8.54,60.18,5.11
"8358","金居",20.09,202.23,276.17,226.47,224.35,3.98,91.70,8.37,43.60,2.75,0.92,12.15,15.78,46.91,13.05,3.83,70.52,88.92,-0.13
"8383","千附",25.07,258.68,286.80,148.05,239.42,7.63,47.83,"NA","NA",2.65,0.70,5.22,8.45,48.58,7.45,2.62,19.99,59.76,-0.90
"8390","金益鼎",17.62,595.48,459.36,280.28,125.69,15.42,23.67,4.10,89.02,8.59,1.11,9.56,11.69,43.56,8.59,2.82,69.46,161.62,4.96
"8401","白紗科",31.53,198.26,241.17,221.42,51.15,4.62,79.00,17.67,20.65,2.56,1.04,9.21,13.34,27.74,8.66,2.22,70.42,149.33,8.20
"8403","盛弘",44.44,333.28,184.58,166.02,9.91,3.55,102.81,9.28,39.33,3.67,0.61,4.03,6.12,28.32,5.90,2.45,37.15,71.91,11.02
"8409","商之器",31.78,179.21,161.47,159.68,7.16,7.60,48.02,3.25,112.30,2.08,0.71,0.93,1.27,2.45,1.04,0.13,14.66,"NA",5.27
"8410","森田",26.42,210.08,325.68,289.08,14.83,2.56,142.57,6.16,59.25,1.46,0.51,1.18,1.49,7.21,2.14,0.61,73.12,136.25,9.32
"8415","大國鋼",46.51,492.46,179.34,53.20,26.47,10.21,35.74,1.24,294.35,5.41,0.63,11.35,20.09,57.22,17.44,4.39,-5.79,21.11,-10.54
"8416","實威",20.40,643.81,462.09,432.55,4185.03,3.01,121.26,8.77,41.61,6.40,0.83,18.26,23.21,140.90,21.95,10.85,97.86,143.54,5.47
"8421","旭源",50.13,166.86,187.87,104.29,28.19,3.73,97.85,3.38,107.98,1.46,0.64,23.90,66.56,93.20,38.70,8.67,22.74,117.36,5.36
"8423","保綠-KY",31.55,154.20,275.97,230.92,18.08,7.81,46.73,9.30,39.24,1.07,0.61,5.94,8.29,15.25,9.13,1.18,68.04,213.61,6.25
"8424","惠普",14.18,179.46,353.84,254.64,3964.59,4.05,90.12,5.48,66.60,1.61,0.81,14.77,17.08,64.86,18.17,5.20,129.18,114.57,3.79
"8431","匯鑽科",36.04,225.07,179.69,163.32,5.37,2.59,140.92,17.34,21.04,2.12,0.69,3.27,4.25,19.84,4.00,0.59,57.48,153.11,15.40
"8432","東生華",7.54,4363.44,1100.01,1018.67,2655.76,4.46,81.83,2.79,130.82,19.61,0.40,5.33,5.75,20.05,13.33,1.61,89.56,79.69,1.45
"8433","弘帆",50.97,731.33,130.85,124.01,22.84,4.71,77.49,228.19,1.59,9.82,0.87,14.51,29.34,105.04,16.03,9.67,36.24,80.69,18.93
"8435","鉅邁",25.10,469.05,357.26,314.59,301.79,5.48,66.60,5.01,72.85,4.42,0.74,12.37,16.57,52.47,16.49,4.00,60.29,121.08,1.67
"8436","大江",33.29,213.61,179.72,151.55,38.28,7.32,49.86,4.20,86.90,1.55,0.49,5.60,8.33,109.06,11.04,6.06,21.28,100.96,-0.85
"8437","大地-KY",24.02,2105.56,204.14,187.47,13.77,2.90,125.86,1.22,299.18,3.00,0.16,5.80,7.06,48.66,33.22,3.86,25.64,83.79,0.27
"8440","綠電",15.45,192.39,384.85,319.67,58.44,12.33,29.60,12.02,30.36,2.82,1.27,5.02,5.92,13.05,3.90,0.90,95.05,-508.01,7.48
"8444","綠河-KY",80.68,102.53,91.70,47.81,-274.63,11.22,32.53,5.62,64.94,0.55,0.44,-7.22,-43.34,-99.12,-21.25,-8.82,-12.40,7.70,-1.93
"8446","華研",47.23,36389.93,129.91,128.13,30.19,26.53,13.75,0.89,410.11,217.23,0.28,10.22,19.48,71.06,34.96,5.94,41.91,138.71,57.76
"8450","霹靂",41.51,211.20,309.76,262.88,-13.23,6.25,58.40,1.32,276.51,0.58,0.23,-6.59,-11.46,-21.31,-30.79,-2.37,-6.37,-7.05,-1.12
"8455","大拓-KY",58.61,204.71,161.33,135.99,1.05,2.89,126.29,9.95,36.68,2.87,0.89,-0.32,-1.62,0.17,-0.75,0.42,-1.40,145.59,-0.74
"8472","夠麻吉",65.72,252.49,71.59,45.48,-55.89,43.50,8.39,133.94,2.72,12.65,1.33,-7.42,-18.10,-54.12,-25.73,-4.81,-11.01,29.41,-19.90
"8477","創業家",52.66,5518.05,183.94,181.92,-127.13,47.78,7.63,6970.10,0.05,302.04,3.00,-15.06,-32.35,-38.61,-5.05,-3.76,-66.35,128.59,-62.45
"8489","三貝德",52.96,590.07,144.71,138.63,5.21,18.86,19.35,1.58,231.01,9.60,0.67,-0.17,-0.76,6.65,-0.57,-1.08,24.91,303.82,17.52
"8905","裕國",28.83,239.63,241.59,84.58,2231.90,6.76,53.99,1.39,262.58,2.02,0.61,3.74,4.97,13.49,5.85,1.14,41.59,60.57,4.74
"8906","花王",71.33,119.95,142.35,120.38,-100.25,3.58,101.95,10.11,36.10,0.23,0.18,-0.09,-1.39,-1.56,-2.19,-0.16,3.76,"NA","NA"
"8908","欣雄",55.44,117.26,95.69,44.55,65.78,12.40,29.43,6.22,58.68,1.73,0.95,7.11,15.77,25.67,7.34,2.06,12.79,62.94,3.09
"8916","光隆",34.96,377.50,214.79,117.78,54.95,10.65,34.27,3.78,96.56,6.46,1.22,11.08,17.46,75.17,8.90,6.54,66.24,75.04,15.46
"8917","欣泰",51.56,153.69,214.89,209.01,1646.00,10.01,36.46,33.34,10.94,0.91,0.48,6.93,14.55,28.12,14.51,2.26,51.14,89.66,6.03
"8921","沈氏",24.42,253.39,190.18,140.37,8.10,4.95,73.73,5.87,62.18,1.59,51.69,1.39,1.64,4.03,2.38,0.51,12.05,103.35,0.33
"8923","時報",48.59,72739.86,155.96,118.61,77.06,3.03,120.46,1.89,193.12,362.57,0.56,4.15,7.68,14.02,7.34,1.13,23.96,207.52,11.83
"8924","大田",28.57,697.75,346.97,286.44,230.24,5.27,69.25,5.84,62.50,11.89,1.28,29.86,43.64,238.40,23.29,21.40,137.18,132.06,18.47
"8927","北基",73.16,125.25,72.84,49.69,2.82,80.93,4.51,8.40,43.45,1.39,0.56,1.68,3.53,5.83,1.95,0.48,11.06,40.86,3.58
"8928","鉅明",68.56,122.31,109.48,70.97,25.29,2.74,133.21,4.35,83.90,2.46,0.93,9.03,26.68,68.95,8.43,5.63,15.26,28.72,6.50
"8929","富堡",30.79,439.87,303.06,255.97,"NA",5.24,69.65,5.28,69.12,3.68,0.58,-5.81,-8.76,-17.26,-10.79,-1.27,"NA","NA","NA"
"8930","青鋼",44.84,214.93,371.72,287.59,24.50,4.22,86.49,3.57,102.24,1.34,0.57,7.86,13.74,26.74,13.24,2.13,76.33,39.77,7.97
"8931","大汽電",51.13,122.22,143.19,85.23,18.03,10.25,35.60,6.94,52.59,0.99,0.65,8.77,17.44,36.16,12.87,3.01,69.99,73.67,5.76
"8932","智通*",51.14,196.05,103.09,83.16,-61.94,4.76,76.68,4.99,73.14,1.85,0.52,-0.90,-4.02,-4.84,-3.63,-0.48,12.94,45.69,6.55
"8933","愛地雅",63.41,506.96,148.84,63.48,874.36,5.59,65.29,2.02,180.69,8.93,0.85,6.43,15.20,16.20,5.98,1.11,-25.42,-76.83,-24.87
"8935","邦泰",51.32,153.91,125.29,70.96,2.24,3.97,91.93,2.86,127.62,1.47,0.62,2.45,3.37,2.84,2.53,0.32,24.13,-6.59,9.15
"8936","國統",37.81,2601.56,269.76,138.36,15.04,5.93,61.55,1.10,331.81,4.29,0.31,5.45,9.05,33.50,16.40,2.52,21.06,30.61,2.50
"8937","合騏",47.61,433.68,220.41,166.20,2.80,159.34,2.29,1.45,251.72,1.10,0.18,0.49,0.25,1.24,0.83,0.06,18.48,16.75,6.62
"8938","明安",53.99,263.32,172.09,108.86,54.08,4.66,78.32,4.62,79.00,6.22,1.44,17.07,37.35,236.50,11.67,16.92,34.60,64.94,13.92
"8941","關中",64.85,1258.21,125.00,96.44,1771.48,6.72,54.31,5.69,64.14,33.95,1.25,9.25,23.12,70.59,6.36,6.94,27.83,134.72,18.54
"8942","森鉅",46.17,232.62,138.08,115.34,22.68,6.80,53.67,2.62,139.31,1.29,0.34,7.64,13.72,97.55,20.81,7.89,48.09,127.32,17.24
"9949","琉園",14.29,349.42,608.90,228.05,-43.84,6.43,56.76,0.52,701.92,1.66,0.43,-7.03,-8.39,-7.84,-16.63,-0.80,6.19,-156.45,0.52
"9950","萬國通",92.56,87.01,68.38,38.55,-284.95,7.42,49.19,3.56,102.52,0.79,0.53,-3.88,-67.94,-13.03,-9.75,-1.45,-8.79,-90.14,-4.58
"9951","皇田",40.40,272.65,196.81,137.09,11433.64,4.81,75.88,3.19,114.42,3.56,0.88,7.57,12.71,66.10,8.49,5.50,27.39,155.87,6.36
"9960","邁達康",53.21,7269.97,160.27,132.78,30.93,10.93,33.39,5.00,73.00,132.77,0.75,10.00,21.46,48.24,12.82,3.62,27.55,197.52,11.95
"9962","有益",19.52,425.61,421.10,99.01,147.69,47.27,7.72,3.14,116.24,12.87,2.22,13.50,18.61,29.69,6.03,2.36,221.70,87.81,33.58