"公司代號","公司簡稱","財務結構-負債佔資產比率(%)","財務結構-長期資金佔不動產、廠房及設備比率(%)","償債能力-流動比率(%)","償債能力-速動比率(%)","償債能力-利息保障倍數(%)","經營能力-應收款項週轉率(次)","經營能力-平均收現日數","經營能力-存貨週轉率(次)","經營能力-平均售貨日數","經營能力-不動產、廠房及設備週轉率(次)","經營能力-總資產週轉率(次)","獲利能力-資產報酬率(%)","獲利能力-權益報酬率(%)","獲利能力-稅前純益佔實收資本比率(%)","獲利能力-純益率(%)","獲利能力-每股盈餘(元)","現金流量-現金流量比率(%)","現金流量-現金流量允當比率(%)","現金流量-現金再投<br>資比率(%)"
"1101","台泥",48.11,236.15,200.73,174.02,6.07,5.72,63.81,7.28,50.13,0.91,0.29,3.62,5.56,29.46,10.11,1.45,36.81,59.60,3.17
"1102","亞泥",38.27,620.33,146.40,136.09,10.60,5.87,62.18,8.65,42.19,1.91,0.23,4.18,6.38,45.13,16.58,3.86,31.14,104.70,6.18
"1103","嘉泥",38.45,839.91,336.63,327.08,278.80,8.97,40.69,9.48,38.50,0.74,0.08,1.43,1.53,4.88,11.30,0.48,14.04,16.63,0.17
"1104","環泥",17.45,348.28,188.97,177.98,43.09,3.84,95.05,16.56,22.04,1.07,0.27,5.41,6.49,26.31,19.24,2.16,50.26,126.66,2.36
"1108","幸福",50.29,164.47,144.08,43.19,13.18,4.24,86.08,0.95,384.21,1.28,0.47,5.23,9.63,14.99,10.15,1.22,21.74,65.71,3.16
"1109","信大",9.55,388.59,699.73,582.04,336.87,4.57,79.86,3.72,98.11,1.76,0.41,4.61,5.19,20.86,11.26,1.38,44.24,189.36,0.63
"1110","東泥",24.81,888.81,149.36,79.34,1442.19,4.07,89.68,1.97,185.27,2.73,0.23,3.28,4.06,7.59,13.13,0.61,17.90,22.05,5.31
"1201","味全",56.11,132.99,103.91,66.34,581.79,9.00,40.55,9.58,38.10,2.74,1.32,3.07,5.91,12.27,1.89,0.87,26.17,126.32,5.91
"1203","味王",29.85,327.30,268.68,171.02,53.80,12.29,29.69,2.53,144.26,2.21,0.61,8.65,12.36,49.63,13.74,2.36,46.17,100.15,2.08
"1210","大成",50.92,151.49,97.72,53.72,9.06,12.56,29.06,7.25,50.34,4.28,1.52,7.25,13.31,62.81,4.30,4.21,24.71,97.26,19.15
"1213","大飲",9.50,483.27,485.23,441.08,41.41,11.59,31.49,5.77,63.25,0.55,0.24,62.34,104.10,91.65,258.85,8.71,-485.54,-1406.42,-31.53
"1215","卜蜂",62.23,121.03,81.80,57.88,8.76,9.60,38.02,11.00,33.18,1.75,0.98,7.38,17.76,79.89,6.78,6.55,36.08,55.89,6.57
"1216","統一",70.49,225.71,97.73,70.04,10.86,30.02,12.15,7.32,49.86,3.33,0.96,5.18,15.98,74.32,4.92,3.64,32.31,147.68,12.19
"1217","愛之味",43.96,534.07,91.29,60.55,3.74,7.14,51.12,4.13,88.37,2.47,0.35,2.82,4.22,7.32,5.92,0.58,19.89,116.64,3.36
"1218","泰山",12.49,703.37,448.71,319.31,249.07,8.15,44.78,6.15,"NA",5.57,0.75,5.26,5.97,17.63,6.95,1.53,87.29,-0.17,8.00
"1219","福壽",53.86,160.92,169.52,83.47,2.60,8.02,45.51,4.78,76.35,3.68,1.42,2.48,3.99,4.06,1.27,0.53,20.96,42.78,4.47
"1220","台榮",23.34,242.80,348.56,204.22,74.50,4.62,79.00,4.38,83.33,2.59,1.04,7.16,9.07,16.44,6.77,1.17,28.92,71.61,1.68
"1227","佳格",31.73,467.48,234.55,154.86,36.21,6.58,55.47,3.95,92.40,7.04,1.09,6.98,9.90,25.04,6.22,1.91,47.61,109.85,11.82
"1229","聯華",19.87,1759.15,112.33,99.46,23.61,4.47,81.65,4.19,87.11,2.45,0.14,5.71,6.99,29.61,37.59,2.46,28.72,71.34,2.50
"1231","聯華食",53.91,150.95,161.92,106.26,25.06,5.17,70.59,5.88,62.07,1.84,0.90,8.75,18.57,51.39,9.39,4.22,25.48,60.68,3.71
"1232","大統益",35.80,724.76,320.63,167.40,54.47,18.28,19.96,6.26,58.30,23.56,2.55,16.16,24.06,106.98,6.22,8.24,102.93,80.78,10.35
"1233","天仁",38.02,163.81,123.28,69.29,16.66,10.07,36.24,2.90,125.86,2.50,0.93,3.93,5.93,11.88,3.99,0.96,41.76,148.19,5.82
"1234","黑松",20.49,337.07,337.27,102.75,50.80,12.44,29.34,1.29,282.94,1.69,0.44,4.16,5.06,29.67,9.24,2.36,30.80,97.99,0.05
"1235","興泰",45.15,2096.49,82.36,81.05,-2.64,0.72,506.94,3.44,106.10,0.62,0.02,0.70,0.26,-9.03,6.38,0.08,-1.09,4.40,-2.37
"1236","宏亞",37.73,155.61,108.37,62.49,-0.63,5.01,72.85,5.00,73.00,1.00,0.50,-0.30,-0.97,-2.85,-1.22,-0.28,0.44,62.85,-1.04
"1256","鮮活果汁-KY",19.13,189.44,222.81,161.85,71.68,11.88,30.72,6.21,58.77,2.20,0.88,6.59,7.71,119.86,7.43,8.56,75.23,114.05,6.89
"1301","台塑",41.84,313.12,90.77,65.47,0.23,13.95,26.16,8.32,43.87,1.71,0.39,0.26,-0.39,-3.79,-0.62,-0.19,9.83,77.74,0.89
"1303","南亞",41.28,211.10,131.87,91.31,1.91,6.41,56.94,4.71,77.49,1.20,0.41,0.93,0.89,5.70,1.27,0.42,13.35,92.49,1.50
"1304","台聚",40.46,207.94,196.37,143.27,-1674.64,8.91,40.96,7.03,51.92,1.89,0.70,-6.39,-10.87,-46.42,-9.63,-2.00,10.11,118.95,1.22
"1305","華夏",48.46,134.82,136.10,82.17,-8.83,10.87,33.57,4.31,84.68,1.17,0.62,-3.78,-7.69,-15.83,-6.78,-1.22,15.76,55.09,2.46
"1307","三芳",40.73,241.15,240.88,194.57,25.88,7.68,47.52,4.51,80.93,2.01,0.65,9.33,15.38,47.16,13.72,3.72,59.06,128.60,7.23
"1308","亞聚",15.55,352.68,298.98,224.62,-7285.86,14.33,25.47,9.61,37.98,1.72,0.42,-5.18,-6.05,-15.50,-12.44,-1.26,30.82,176.46,0.40
"1309","台達化",35.99,344.33,203.55,164.24,-514.95,8.76,41.66,15.85,23.02,9.63,1.99,-2.05,-3.45,-6.08,-1.20,-0.56,-20.70,118.78,-6.47
"1310","台苯",24.97,242.21,110.67,79.68,-20.26,12.44,29.34,19.81,18.42,3.41,1.15,-3.69,-5.22,-9.14,-3.36,-0.72,-12.30,-40.20,-2.03
"1312","國喬",42.62,193.91,174.97,100.28,-11.02,9.34,39.07,6.62,55.13,0.59,0.26,-2.49,-4.66,-18.29,-10.38,-1.42,-27.85,28.54,-3.37
"1313","聯成",48.37,295.55,210.07,114.43,-412.72,15.17,24.06,8.67,42.09,4.57,1.30,-3.47,-8.01,-19.84,-3.25,-1.79,19.92,40.78,2.56
"1314","中石化",44.00,416.50,199.65,47.22,188.15,10.46,34.89,0.57,640.35,1.10,0.20,0.60,0.28,1.86,0.75,0.07,-5.93,-85.91,-1.75
"1315","達新",8.09,457.44,1121.93,952.06,111.37,5.33,68.48,2.95,123.72,1.05,0.20,1.95,2.09,26.44,9.73,2.15,47.57,36.99,0.00
"1316","上曜",52.97,439.51,166.12,33.95,0.36,8.08,45.17,0.11,3318.18,0.82,0.10,-0.11,-2.05,-5.95,-9.52,-0.79,-30.30,-85.41,-27.77
"1319","東陽",26.47,180.19,188.43,140.54,170.01,5.34,68.35,5.91,61.75,1.46,0.70,12.22,16.48,93.49,17.41,7.40,102.13,143.67,10.51
"1321","大洋",48.52,325.66,205.67,155.31,15.02,7.72,47.27,8.03,45.45,1.43,0.40,1.55,2.72,12.68,3.56,0.76,22.09,76.62,1.10
"1323","永裕",45.69,244.59,348.37,281.18,9.65,4.23,86.28,4.07,89.68,1.34,0.51,5.85,9.91,32.05,10.44,2.58,41.61,99.23,1.88
"1324","地球",17.00,269.79,412.23,319.29,13.78,5.61,65.06,3.93,92.87,2.23,0.67,0.59,0.70,0.36,0.86,0.09,22.78,93.60,1.37
"1325","恆大",3.49,270.21,4000.95,3819.53,-350400.00,5.50,66.36,4.26,85.68,0.29,0.11,-2.30,-2.38,-7.81,-21.10,-0.60,116.64,145.53,-0.02
"1326","台化",37.78,238.71,122.13,83.88,1.19,12.02,30.36,7.73,47.21,2.31,0.66,0.73,0.33,1.60,0.32,0.06,15.04,96.67,2.62
"1337","再生-KY",34.36,310.00,130.30,118.67,0.00,5.96,61.24,7.78,46.91,0.45,0.15,-7.62,-9.71,-10.02,-50.71,-1.54,-12.12,-58.72,-2.78
"1338","廣華-KY",40.48,201.25,168.50,142.63,1.09,2.57,142.02,4.35,83.90,1.39,0.48,0.59,-0.72,1.60,-0.90,-1.14,18.50,64.63,5.24
"1339","昭輝",17.99,155.10,257.43,191.15,40.65,3.82,95.54,3.24,112.65,0.67,0.37,6.92,8.62,64.25,18.38,5.01,128.93,121.58,6.66
"1340","勝悅-KY",9.55,181.78,706.31,540.92,-204.24,4.93,74.03,31.88,11.44,0.23,0.11,-21.69,-24.02,-52.89,-214.69,-5.28,-216.55,"NA",-6.90
"1341","富林-KY",42.55,259.49,180.56,110.43,20.82,5.25,69.52,3.29,110.94,4.80,1.21,12.86,20.54,68.61,10.13,5.38,30.08,118.37,2.97
"1342","八貫",33.28,233.16,353.10,189.09,164.68,4.84,75.41,1.89,193.12,2.03,0.73,14.39,21.10,76.29,19.49,6.27,61.69,66.98,1.00
"1402","遠東新",53.17,235.07,120.19,80.78,6.29,7.95,45.91,4.57,79.86,1.49,0.40,3.47,4.37,44.77,7.00,2.00,34.24,110.14,9.76
"1409","新纖",76.84,360.02,107.81,102.32,2.41,1.18,309.32,4.78,76.35,1.70,0.17,2.05,5.02,19.29,6.51,1.06,0.00,11.78,-0.83
"1410","南染",15.16,801.46,1981.66,1884.24,135.65,8.70,41.95,4.99,73.14,1.35,0.18,2.78,3.27,7.27,15.52,0.57,155.10,92.71,2.19
"1413","宏洲",58.24,192.35,133.95,45.17,-0.19,19.23,18.98,5.54,65.88,2.22,0.90,-0.33,-2.10,-1.98,-0.99,-0.17,-20.54,72.59,-1.80
"1414","東和",27.35,260.80,204.04,136.75,6.64,15.22,23.98,1.07,341.12,0.35,0.12,1.47,1.80,2.66,10.82,0.26,23.72,155.11,1.40
"1416","廣豐",23.99,33673.79,223.58,78.07,17.44,12.62,28.92,0.34,1073.52,21.47,0.06,3.48,3.78,12.07,50.62,0.79,33.58,207.33,0.78
"1417","嘉裕",20.08,505.69,557.21,517.29,-1711.97,13.68,26.68,5.12,71.28,4.52,0.72,-18.20,-25.16,-8.13,-25.61,-0.81,22.71,-13.97,2.61
"1418","東華",75.28,760.66,5723.06,3829.39,1.50,30.68,11.89,0.07,5214.28,0.01,0.00,6.72,20.04,7.70,2515.38,0.47,-1949.97,-232.43,-20.63
"1419","新紡",28.00,5079.27,128.03,90.85,22.75,8.17,44.67,2.24,162.94,11.90,0.21,4.54,6.07,37.05,20.62,2.90,0.97,17.71,-1.72
"1423","利華",6.51,906.41,3669.36,3078.84,284.13,"*****","*****",0.73,500.00,0.28,0.03,2.45,2.65,6.56,77.36,0.81,219.35,171.91,-0.34
"1432","大魯閣",80.24,167.76,84.78,47.17,0.18,24.52,14.88,1.79,203.91,1.73,0.25,-0.03,-6.11,-5.30,-4.47,-0.47,2.58,112.32,2.16
"1434","福懋",29.51,450.53,256.36,124.82,5.88,11.70,31.19,3.32,109.93,2.71,0.46,2.84,3.27,9.82,5.19,0.89,55.47,101.66,3.14
"1435","中福",13.72,3100.14,6384.18,6300.27,-1028.25,309.54,1.17,0.00,"*****",0.20,0.01,-2.58,-2.94,-2.65,-346.97,-0.27,0.00,0.00,0.00
"1436","華友聯",66.89,101327.82,216.76,28.55,1256.18,2023.05,0.18,0.26,1403.84,556.09,0.41,14.29,45.36,224.59,33.45,19.93,-3.98,-25.96,-8.10
"1437","勤益控",39.51,15880.72,218.26,213.82,8.04,32.44,11.25,8.42,43.34,20.73,0.06,5.51,8.29,31.76,78.22,3.25,34.03,67.83,5.96
"1438","三地開發",76.92,37473.95,173.65,55.30,6.52,7.56,48.28,0.20,1825.00,756.09,0.09,-0.16,-5.86,-12.68,-2.61,-1.54,7.89,82.90,9.76
"1439","雋揚",45.39,75350.25,157.42,39.99,16.50,2.67,136.70,0.02,18250.00,38.85,0.02,3.08,5.16,19.79,165.66,1.74,-14.32,-151.86,-13.82
"1440","南紡",39.77,187.68,120.09,54.71,0.00,13.57,26.89,2.80,130.35,0.78,0.34,-0.36,-1.74,-3.37,-3.00,-0.34,9.27,63.39,0.94
"1441","大東",71.17,128.46,76.92,36.28,4.39,14.54,25.10,4.59,79.52,2.26,0.83,6.85,22.03,19.05,6.24,1.63,-14.92,-91.04,-11.42
"1442","名軒",41.12,2587.05,419.36,24.21,40.10,83.88,4.35,0.37,986.48,38.02,0.55,16.79,33.40,80.65,29.85,7.17,166.02,112.51,34.78
"1443","立益物流",77.41,72.89,22.35,20.31,366.57,7.70,47.40,12.50,29.20,0.14,0.12,3.95,12.66,19.48,22.84,1.81,16.22,71.97,7.94
"1444","力麗",40.02,156.44,90.72,35.46,3.82,12.61,28.94,3.54,103.10,1.06,0.41,1.62,2.03,2.65,2.97,0.28,4.30,57.86,1.01
"1445","大宇",13.34,369.79,320.89,219.89,-133.90,6.37,57.29,3.18,114.77,1.52,0.36,-6.73,-7.80,-11.68,-20.08,-1.52,-57.29,6.64,-11.53
"1446","宏和",20.64,234981.73,436.67,150.71,59.82,16.46,22.17,12.51,29.17,91.88,1.05,33.79,62.98,110.07,36.79,9.82,466.37,392.46,116.13
"1447","力鵬",47.41,253.74,129.68,90.64,1.71,12.75,28.62,13.74,26.56,7.14,1.84,0.83,0.73,0.82,0.20,0.04,10.47,76.46,2.80
"1449","佳和",68.75,271.71,101.93,34.04,2.56,12.57,29.03,1.36,268.38,2.87,0.46,2.82,5.00,15.78,3.22,0.93,3.39,5.71,3.41
"1451","年興",15.38,732.94,604.98,386.27,42.53,4.67,78.15,2.83,128.97,5.62,0.77,3.02,3.45,15.51,3.80,1.22,21.62,79.95,0.71
"1452","宏益",6.27,623.08,1522.95,1362.66,1797.17,7.54,48.40,6.06,60.23,3.59,0.58,2.89,3.07,7.31,4.99,0.64,170.07,227.44,4.80
"1453","大將",42.06,1566.72,258.92,66.29,1.50,"*****","*****",0.01,36500.00,0.01,0.01,0.35,0.13,0.37,141.31,0.02,-46.82,-69.98,-25.39
"1454","台富",18.13,217.84,286.72,143.06,219.65,9.88,36.94,2.12,172.16,2.22,0.82,0.74,0.79,0.52,0.75,0.10,0.08,0.66,0.01
"1455","集盛",42.71,190.73,187.35,96.96,0.66,7.79,46.85,4.60,79.34,2.02,0.88,0.46,0.08,-0.34,0.06,0.01,13.12,75.75,1.51
"1456","怡華",87.16,174.93,122.55,5.31,140.49,25.61,14.25,0.08,4562.50,0.43,0.08,2.99,6.58,14.20,9.94,1.11,"NA",2.92,"NA"
"1457","宜進",51.11,565.42,141.02,109.31,3.06,6.43,56.76,5.45,66.97,1.19,0.18,2.47,3.46,12.88,9.39,0.91,-14.77,10.02,-32.32
"1459","聯發",35.01,192.67,148.42,135.63,461.35,10.57,34.53,8.60,42.44,0.69,0.28,5.58,7.22,6.14,16.33,0.68,1.31,2.59,0.25
"1460","宏遠",52.37,130.08,112.63,34.54,-0.31,8.88,41.10,1.56,233.97,1.64,0.67,-1.49,-4.75,-2.25,-3.37,-0.41,17.04,72.22,7.65
"1463","強盛新",19.94,663.98,386.84,283.33,0.00,6.35,57.48,0.89,410.11,1.44,0.18,17.21,21.17,33.30,86.27,3.28,7.55,25.49,-8.55
"1464","得力",63.23,153.50,132.65,61.73,4.21,6.96,52.44,2.80,130.35,2.18,0.77,4.41,8.95,16.83,4.30,1.04,11.03,81.47,5.04
"1465","偉全",13.08,446.04,386.92,292.55,29757.30,7.23,50.48,2.00,182.50,1.26,0.26,3.51,4.07,8.04,13.66,0.65,90.29,271.77,4.84
"1466","聚隆",56.73,149.52,187.19,86.43,1.43,6.87,53.12,3.58,101.95,1.64,0.85,2.24,1.18,0.91,0.59,0.14,28.19,89.55,3.32
"1467","南緯",65.72,277.27,133.39,103.64,2.38,6.16,59.25,4.30,84.88,5.31,0.59,2.11,2.68,7.45,1.57,0.46,4.68,149.67,2.56
"1468","昶和",50.31,256.56,170.30,69.22,9.94,12.94,28.20,0.93,392.47,1.54,0.37,6.56,13.11,12.74,15.66,0.94,10.97,12.68,4.25
"1470","大統新創",14.64,275.37,396.02,287.81,128.00,12.94,28.20,3.88,94.07,2.01,0.67,8.32,9.63,14.07,12.35,1.13,66.57,105.47,4.00
"1471","首利",10.37,3655.23,1047.62,1002.71,39.34,5.29,68.99,3.15,115.87,6.40,0.17,0.39,0.43,0.46,2.33,0.04,73.01,9.30,5.98
"1472","三洋實業",55.30,12378.16,161.53,153.54,22.38,11.86,30.77,"*****","*****",39.44,0.65,4.49,8.96,37.36,6.62,3.31,12.98,506.95,8.74
"1473","台南",29.53,440.38,241.42,159.52,26.35,5.72,63.81,5.12,71.28,7.47,1.31,8.10,11.25,35.60,5.92,3.02,33.50,99.03,6.06
"1474","弘裕",44.24,169.81,148.80,78.30,6.13,4.89,74.64,3.30,110.60,2.26,0.83,3.27,5.12,8.76,3.40,0.82,4.52,57.46,8.35
"1475","業旺",33.22,928.96,339.92,319.62,308.63,3.50,104.28,16.11,22.65,20.77,0.98,23.80,33.24,91.33,24.29,7.22,71.04,361.13,18.76
"1476","儒鴻",19.36,223.94,317.84,235.20,10767.07,6.53,55.89,5.13,71.15,2.91,1.09,19.80,24.33,304.37,18.03,24.20,69.76,98.13,2.62
"1477","聚陽",36.34,261.03,200.70,129.05,15.08,30.16,12.10,5.03,72.56,6.41,1.48,18.59,27.18,212.51,11.74,16.68,59.00,89.17,-4.86
"1503","士電",34.28,282.72,141.46,71.37,211.37,4.22,86.49,2.54,143.70,2.43,0.63,5.63,8.79,76.84,8.96,5.81,13.21,80.42,1.36
"1504","東元",34.30,424.40,200.96,132.94,22.34,4.97,73.44,3.09,118.12,2.72,0.44,5.21,7.44,37.78,11.32,2.73,15.41,90.44,-0.26
"1506","正道",11.89,248.62,378.65,233.28,20.27,4.59,79.52,2.41,151.45,0.91,0.33,1.35,1.45,1.89,3.90,0.14,6.37,65.55,0.47
"1512","瑞利",75.33,1498.92,243.75,115.63,-35.46,8.96,40.73,2.05,178.04,4.41,0.44,-1.12,-13.06,-6.69,-6.27,-0.67,-25.89,-54.10,-2.63
"1513","中興電",60.94,233.67,137.97,65.90,20.79,10.87,33.57,1.83,199.45,1.81,0.55,8.15,20.61,88.67,14.16,7.33,23.62,85.87,5.28
"1514","亞力",48.04,361.29,167.60,102.11,23.62,2.13,171.36,2.41,151.45,5.24,0.79,7.51,15.29,37.07,9.13,3.04,13.75,34.52,4.07
"1515","力山",46.18,126.69,109.15,93.29,19.22,7.20,50.69,8.42,43.34,1.82,0.74,4.06,8.18,22.16,5.23,1.76,-6.42,91.51,-6.36
"1516","川飛",4.50,471.64,1669.42,1669.42,-2256.33,2.24,162.94,"*****","*****",13.80,1.74,-70.25,-74.88,-62.06,-40.45,-6.13,-191.92,-21.40,-9.26
"1517","利奇",18.24,375.48,490.16,345.10,-1882.88,3.91,93.35,2.01,181.59,1.89,0.44,-2.03,-2.44,-5.50,-4.52,-0.41,8.40,68.70,0.14
"1519","華城",59.88,384.24,145.71,74.58,144.79,6.43,56.76,1.78,205.05,8.85,0.92,23.18,57.30,189.41,21.14,14.93,27.67,89.17,15.91
"1521","大億",33.85,215.87,217.57,112.73,20.63,5.23,69.78,3.25,112.30,3.93,1.20,2.94,4.80,10.87,2.37,1.15,25.18,86.34,4.64
"1522","堤維西",61.47,214.40,133.15,67.37,6.34,5.41,67.46,2.65,137.73,2.41,0.76,7.11,15.93,56.74,7.92,4.76,35.42,99.00,9.79
"1524","耿鼎",40.75,145.36,221.21,125.40,2454.10,5.38,67.84,3.12,116.98,0.99,0.58,11.72,20.61,45.00,19.81,3.61,81.14,110.15,3.85
"1525","江申",14.79,918.15,417.16,385.02,792.00,6.04,60.43,6.50,56.15,2.59,0.25,5.21,6.18,52.56,20.72,4.12,3.21,-11.99,-3.56
"1526","日馳",44.63,332.53,472.75,120.66,-2.22,13.95,26.16,0.46,793.47,0.99,0.28,-1.47,-3.98,-11.49,-7.59,-0.91,27.63,49.03,3.30
"1527","鑽全",11.91,547.58,591.17,478.39,0.00,5.27,69.25,2.51,145.41,3.52,0.58,8.20,9.25,40.10,14.21,3.21,54.26,109.86,1.01
"1528","恩德",56.71,286.40,141.47,89.04,-1.57,3.56,102.52,2.17,168.20,3.87,0.68,-2.01,-6.50,-7.81,-4.24,-0.81,10.41,732.40,7.86
"1529","樂事綠能",48.06,168.72,159.65,99.69,89.60,8.12,44.95,2.30,158.69,0.11,0.21,-0.14,-1.06,-0.19,-2.67,-0.13,21.70,45.02,2.57
"1530","亞崴",41.73,214.72,166.88,103.36,15.59,4.08,89.46,1.13,323.00,1.07,0.31,7.63,12.89,47.36,23.28,4.68,5.94,107.47,-0.09
"1531","高林股",14.72,475.43,805.97,627.31,47.80,2.61,139.84,1.61,226.70,1.91,0.38,2.05,2.34,5.88,5.23,0.47,129.58,123.75,8.49
"1532","勤美",63.26,204.88,141.34,56.07,378.96,5.33,68.48,0.63,579.36,1.27,0.34,3.40,8.31,43.80,8.44,3.05,12.74,87.70,6.73
"1533","車王電",69.18,179.60,119.56,85.51,-0.86,5.05,72.27,1.30,280.76,1.46,0.39,-1.43,-4.66,-19.48,-6.11,-1.11,0.00,0.00,5.19
"1535","中宇",47.71,504.12,135.55,79.27,278.16,15.11,24.15,0.44,829.54,14.63,1.52,7.19,13.56,50.53,4.62,4.06,36.24,133.66,23.00
"1536","和大",60.13,115.84,112.22,66.38,1.88,2.14,170.56,1.83,199.45,0.41,0.26,1.53,2.20,8.39,3.39,0.70,2.88,26.54,-0.44
"1537","廣隆",25.25,738.67,455.17,276.89,2187.63,8.49,42.99,3.08,118.50,11.88,1.36,16.14,21.73,162.01,11.84,11.75,51.63,91.20,0.28
"1538","正峰",30.72,358.85,269.36,222.36,-105.19,5.24,69.65,3.13,116.61,2.09,0.37,-18.22,-27.03,-16.54,-48.69,-1.70,-54.33,-150.02,-15.68
"1539","巨庭",27.34,160.16,272.12,169.10,18.67,11.05,33.03,2.94,124.14,1.15,0.54,4.09,5.73,17.64,6.89,1.41,66.00,100.30,10.05
"1540","喬福",17.27,513.02,502.99,405.17,9429166.67,13.91,26.24,0.71,514.08,1.67,0.28,10.18,12.25,26.48,36.33,2.12,37.24,168.80,6.61
"1541","錩泰",36.86,334.80,242.43,147.40,6.13,2.49,146.58,2.74,133.21,4.92,0.83,2.77,4.28,12.48,2.80,1.06,88.34,172.42,39.07
"1558","伸興",30.92,262.57,225.40,167.35,55.80,4.99,73.14,3.82,95.54,2.19,0.66,7.46,10.41,180.60,11.04,6.81,41.97,117.77,7.96
"1560","中砂",32.80,225.39,355.04,214.73,3022.94,6.30,57.93,2.43,150.20,1.65,0.67,10.49,15.28,88.30,15.13,7.10,109.66,114.35,6.94
"1563","巧新",43.97,180.36,273.06,96.18,6.76,7.16,50.97,0.82,445.12,0.93,0.43,5.05,8.61,39.68,10.11,3.30,54.71,86.59,7.90
"1568","倉佑",18.33,164.85,278.54,193.73,45.21,5.07,71.99,2.26,161.50,0.91,0.42,6.61,8.60,20.23,15.30,1.59,51.21,237.37,1.74
"1582","信錦",38.73,433.78,224.77,200.92,3654.45,3.54,103.10,7.45,48.99,4.65,0.71,8.59,13.94,114.54,11.20,7.13,32.89,120.66,8.85
"1583","程泰",43.35,298.43,219.25,138.17,18.82,4.04,90.34,0.97,376.28,1.32,0.31,11.10,19.14,141.03,33.71,11.37,3.71,219.08,0.00
"1587","吉茂",54.20,156.24,131.40,77.83,-0.10,4.33,84.29,2.10,173.80,1.71,0.64,-0.12,-2.30,-5.12,-1.56,-0.47,-2.41,59.17,-2.94
"1589","永冠-KY",63.90,130.54,127.15,97.39,0.62,2.15,169.76,3.39,107.66,0.57,0.28,4.15,-7.14,-1.96,-8.79,-5.17,-3.56,2.92,-1.24
"1590","亞德客-KY",16.79,165.24,279.22,202.00,7700.31,3.13,116.61,2.45,148.97,1.07,0.53,13.36,16.85,481.69,24.86,38.12,117.30,106.81,11.61
"1597","直得",42.50,178.14,282.66,184.30,467.32,3.91,93.35,0.84,434.52,0.53,0.26,2.80,3.96,13.21,9.05,1.08,30.35,97.98,2.81
"1598","岱宇",55.49,182.78,127.54,64.27,1.81,6.32,57.75,1.96,186.22,1.88,0.64,1.32,1.44,4.72,0.97,0.45,12.43,85.49,7.52
"1603","華電",34.25,239.19,215.00,132.81,15.69,3.10,117.74,2.20,165.90,1.38,0.42,4.59,6.64,29.38,9.98,2.85,13.03,13.52,1.51
"1604","聲寶",49.12,147.94,108.18,54.67,16.42,8.84,41.28,4.64,78.66,1.31,0.57,5.15,9.20,25.10,8.49,2.09,12.87,26.75,-0.18
"1605","華新",46.10,252.65,138.99,54.26,206.42,11.41,31.98,4.30,84.88,2.19,0.66,1.86,1.72,6.22,1.44,0.69,2.51,41.58,0.00
"1608","華榮",35.14,311.10,190.04,76.93,1890.04,7.37,49.52,2.48,147.17,3.52,0.83,6.34,9.26,15.21,7.22,1.55,29.97,45.53,3.67
"1609","大亞",67.11,197.43,118.85,78.36,416.28,7.79,46.85,3.89,93.83,1.78,0.58,5.24,11.65,33.43,6.75,2.09,-2.34,5.92,-3.98
"1611","中電",18.33,750.29,264.65,208.94,13.64,4.60,79.34,1.73,210.98,2.00,0.21,3.11,3.63,5.18,13.83,0.50,24.94,74.35,0.97
"1612","宏泰",12.27,579.66,546.41,269.85,544.99,5.45,66.97,2.69,135.68,5.05,0.77,8.79,9.94,29.89,11.44,2.38,-5.11,27.78,-7.63
"1614","三洋電",19.21,160.79,313.47,177.60,141.03,15.07,24.22,3.81,95.80,1.42,0.78,3.14,3.85,10.37,3.97,0.83,41.85,97.85,0.91
"1615","大山",31.11,286.82,209.19,149.16,52.58,4.37,83.52,6.10,59.83,4.57,1.21,15.57,22.68,49.21,12.63,3.96,14.90,65.95,-0.47
"1616","億泰",49.57,286.54,163.29,110.15,11.58,4.08,89.46,3.81,95.80,5.96,1.05,11.11,18.95,28.26,8.43,2.04,0.00,52.27,0.00
"1617","榮星",37.73,225.28,189.72,161.59,6.00,4.65,78.49,9.46,38.58,3.17,0.97,2.97,4.10,5.47,2.64,0.55,-3.63,53.17,-2.70
"1618","合機",21.71,357.61,228.99,134.88,7788.02,5.01,72.85,2.77,131.76,3.43,0.67,10.42,12.87,46.27,15.29,3.71,-9.68,-3.33,-5.88
"1626","艾美特-KY",67.38,128.88,101.52,57.37,-4.44,5.41,67.46,2.59,140.92,3.25,0.90,-1.51,-5.28,-12.59,-1.96,-1.05,6.12,124.42,17.81
"1702","南僑",54.94,188.82,198.06,143.90,9.07,10.43,34.99,4.55,80.21,1.89,0.75,4.27,8.78,58.88,5.06,4.07,25.93,97.85,4.16
"1707","葡萄王",23.06,155.87,168.41,143.51,881.54,37.37,9.76,3.38,107.98,1.46,0.72,14.10,18.54,180.46,19.45,9.78,56.45,112.84,1.31
"1708","東鹼",47.10,108.28,116.65,98.68,6.75,8.53,42.79,8.93,40.87,0.67,0.46,8.55,14.31,50.82,14.31,3.91,54.43,133.82,8.75
"1709","和益",26.92,282.57,255.43,97.12,20.62,7.95,45.91,2.85,128.07,2.78,0.83,6.18,8.33,18.61,7.11,1.54,52.65,105.66,4.97
"1710","東聯",57.52,145.70,60.41,42.01,0.14,19.02,19.19,16.49,22.13,1.59,0.74,0.29,-1.18,-3.09,-0.69,0.02,11.62,63.84,2.22
"1711","永光",33.48,220.59,219.59,102.58,3.52,4.84,75.41,1.87,195.18,1.79,0.62,2.49,2.90,5.23,3.10,0.44,31.76,173.50,4.21
"1712","興農",44.71,172.44,154.02,87.26,22.81,7.90,46.20,4.44,82.20,3.32,1.23,7.18,12.35,32.08,5.57,2.50,32.51,128.45,3.36
"1713","國化",4.88,1389.93,1228.16,1075.87,16133.96,4.72,77.33,2.23,163.67,1.67,0.14,41.03,43.26,102.60,294.71,10.31,114.34,42.30,-1.11
"1714","和桐",28.18,411.74,385.89,304.35,14.26,6.65,54.88,7.63,47.83,4.20,0.89,3.38,4.32,10.43,3.48,0.41,36.29,303.63,3.81
"1717","長興",53.55,211.34,186.13,135.12,7.08,2.83,128.97,4.09,89.24,2.25,0.73,3.69,6.91,23.28,4.24,1.56,25.08,91.87,5.17
"1718","中纖",91.57,"NA","NA","NA","NA","NA","NA","NA","NA",0.37,0.01,1.79,7.71,47.06,60.34,0.02,"NA","NA","NA"
"1720","生達",19.68,230.44,301.15,181.68,94.35,5.16,70.73,2.16,168.98,1.67,0.61,11.68,15.13,91.07,19.06,4.93,102.05,108.46,9.53
"1721","三晃",43.26,195.87,236.30,117.22,-7.83,5.58,65.41,2.34,155.98,1.60,0.64,-4.50,-9.02,-10.05,-7.98,-0.98,25.40,85.28,3.30
"1722","台肥",31.33,616.69,518.95,356.03,81746.26,13.51,27.01,3.72,98.11,0.93,0.14,2.41,3.56,16.71,16.55,2.01,208.69,75.88,1.30
"1723","中碳",28.34,229.65,298.14,188.07,101.57,10.75,33.95,4.74,77.00,1.83,0.67,10.66,14.68,61.14,15.77,5.20,115.25,103.94,3.28
"1725","元禎",32.41,652.75,276.79,266.55,1179.90,8.42,43.34,47.79,7.63,9.84,1.08,4.84,6.85,21.43,4.14,1.91,7.30,90.72,0.60
"1726","永記",13.35,317.47,535.02,356.73,1083.29,3.82,95.54,2.80,130.35,2.76,0.77,7.32,8.53,68.34,8.98,5.28,40.38,82.37,0.22
"1727","中華化",31.74,121.72,129.55,92.17,36.52,4.13,88.37,6.55,55.72,1.21,0.71,2.20,3.23,5.99,3.03,0.51,45.83,89.70,7.43
"1730","花仙子",20.69,428.73,368.23,306.02,147885.52,5.28,69.12,3.61,101.10,5.12,0.98,10.83,13.85,55.73,11.09,3.95,89.34,105.42,11.25
"1731","美吾華",33.71,215.85,263.57,198.39,69.78,6.21,58.77,2.04,178.92,1.33,0.49,6.55,9.36,16.40,12.99,1.30,49.86,82.48,2.13
"1732","毛寶",24.82,236.17,313.04,223.10,93.72,6.93,52.66,3.41,107.03,2.67,0.90,1.96,2.60,5.26,2.13,0.30,1.16,110.21,0.22
"1733","五鼎",24.62,279.12,343.90,200.05,43.05,5.83,62.60,1.89,193.12,2.62,0.79,5.56,7.08,15.32,6.92,1.28,68.79,101.72,7.32
"1734","杏輝",43.70,149.25,184.45,128.28,9.35,4.90,74.48,2.46,148.37,0.97,0.50,5.01,8.21,16.95,9.05,1.68,41.71,90.25,5.62
"1735","日勝化",52.03,133.56,113.05,69.64,6.70,3.74,97.59,3.44,106.10,1.94,0.80,3.47,6.27,12.89,3.64,0.97,16.69,93.15,5.27
"1736","喬山",72.38,489.57,145.79,78.49,10.98,3.92,93.11,2.26,161.50,10.34,1.19,6.77,22.42,115.11,5.09,8.02,5.07,51.43,2.68
"1737","臺鹽",20.44,180.93,251.24,210.04,69.32,4.64,78.66,4.21,86.69,0.82,0.38,3.86,4.80,21.65,9.80,1.86,56.65,82.80,4.62
"1752","南光",36.48,126.88,127.40,63.58,55.11,4.99,73.14,2.06,177.18,1.11,0.57,6.46,10.14,30.02,11.06,2.41,40.81,77.26,5.11
"1760","寶齡富錦",40.08,136.77,147.00,89.99,15.47,5.69,64.14,1.82,200.54,1.28,0.63,4.23,6.49,25.36,6.13,1.45,34.17,92.55,7.81
"1762","中化生",29.51,197.79,338.88,99.12,3.68,6.12,59.64,0.77,474.02,0.60,0.27,1.41,1.58,7.37,3.93,0.95,109.96,53.84,6.12
"1773","勝一",37.32,130.05,113.93,55.06,38.83,7.92,46.08,4.61,79.17,1.21,0.74,12.30,19.52,87.96,16.31,7.21,68.00,73.59,9.64
"1776","展宇",39.22,439.84,364.23,270.94,6.64,3.33,109.60,3.19,114.42,4.04,0.74,2.77,4.00,7.41,3.25,0.78,42.91,89.93,5.75
"1783","和康生",13.10,319.87,403.33,361.62,"*****",6.12,59.64,2.34,155.98,1.59,0.44,12.37,13.90,25.30,27.94,2.13,144.86,272.99,16.18
"1786","科妍",19.43,185.44,346.05,310.39,5240.10,6.62,55.13,2.85,128.07,0.80,0.39,10.93,13.75,40.62,27.43,3.51,80.06,129.80,4.06
"1789","神隆",11.86,298.89,860.78,627.89,5209.70,4.89,74.64,1.00,365.00,0.83,0.26,2.92,3.25,5.22,9.96,0.43,97.82,92.03,2.86
"1795","美時",47.18,932.53,214.48,167.12,12.14,2.75,132.72,2.01,181.59,5.58,0.50,15.10,26.30,239.20,27.25,19.35,72.94,72.33,32.44
"1802","台玻",43.16,140.33,116.67,76.25,-0.98,3.36,108.63,2.83,128.97,1.01,0.47,-1.37,-3.44,-4.38,-4.13,-0.54,16.85,99.50,3.70
"1805","寶徠",42.89,31662.86,214.01,106.12,20.49,9.02,40.46,0.50,730.00,88.20,0.35,17.39,30.77,29.64,48.12,2.96,33.12,235.38,23.06
"1806","冠軍",33.06,192.13,411.33,320.20,6.88,3.89,93.83,2.66,137.21,1.24,0.42,1.83,2.17,4.60,3.48,0.31,60.28,90.93,10.17
"1808","潤隆",71.77,10716.54,172.96,48.98,5.58,16.16,22.58,0.16,2281.25,38.38,0.18,5.82,16.09,27.74,25.69,2.28,0.00,0.00,0.00
"1809","中釉",25.55,182.88,205.49,132.24,366.32,3.57,102.24,2.66,137.21,1.27,0.53,1.19,1.16,3.13,1.61,0.33,15.77,35.42,2.48
"1810","和成",33.91,212.78,166.82,97.64,4.27,4.03,90.57,2.07,176.32,1.41,0.47,0.80,0.90,3.17,1.26,0.19,-6.71,91.03,-2.01
"1817","凱撒衛",19.67,291.25,580.47,297.93,81.02,7.39,49.39,2.22,164.41,3.10,1.00,11.71,14.92,56.27,11.50,4.37,103.66,113.56,5.70
"1903","士紙",48.62,327.84,108.45,106.31,0.44,3.10,117.74,2.17,168.20,0.08,0.02,0.26,-0.44,-0.81,-13.49,-0.08,0.85,73.88,0.38
"1904","正隆",57.98,134.56,140.96,82.23,1.68,6.50,56.15,4.39,83.14,1.12,0.63,2.05,2.18,8.79,1.45,0.55,17.53,66.58,2.50
"1905","華紙",52.89,141.15,117.05,70.67,-0.09,6.24,58.49,3.23,113.00,1.31,0.56,0.00,-1.25,-2.78,-1.07,-0.23,-2.40,3.61,-0.70
"1906","寶隆",42.47,13780.00,17.30,16.28,1.80,35.83,10.18,106.57,3.42,112.18,0.51,1.08,0.98,2.01,1.18,0.25,5.41,124.60,3.30
"1907","永豐餘",48.82,239.68,150.44,102.08,345.18,5.25,69.52,5.48,66.60,1.61,0.51,2.06,2.88,16.47,2.88,0.98,11.60,87.20,1.64
"1909","榮成",68.71,97.61,60.07,42.77,0.82,6.37,57.29,14.26,25.59,0.98,0.69,1.26,-1.73,-2.56,-0.79,-0.28,12.61,95.00,3.57
"2002","中鋼",50.87,137.84,131.27,43.56,2.13,22.44,16.26,2.34,155.98,0.84,0.47,1.04,1.13,2.90,1.19,0.13,28.78,78.32,3.04
"2006","東和鋼鐵",40.30,192.65,166.39,33.34,17.46,15.08,24.20,2.65,137.73,3.18,1.10,8.63,14.16,78.40,7.52,6.13,39.47,95.24,6.58
"2007","燁興",57.97,175.75,62.08,28.00,-4.66,33.84,10.78,6.68,54.64,1.31,0.54,-7.31,-18.57,-20.45,-15.71,-2.04,0.00,52.75,0.00
"2008","高興昌",54.96,392.05,109.15,78.02,174.92,13.49,27.05,1.80,202.77,0.98,0.18,1.59,1.39,3.64,3.34,0.26,10.52,22.60,0.23
"2009","第一銅",20.76,709.06,145.35,25.86,1033.06,13.21,27.63,1.61,226.70,2.98,0.36,3.38,4.03,7.21,8.48,0.74,18.37,26.04,2.67
"2010","春源",43.40,238.22,179.30,123.31,16.16,4.95,73.73,3.19,114.42,4.12,1.07,5.44,8.79,21.42,4.52,1.65,12.80,48.63,1.85
"2012","春雨",57.67,323.52,244.66,119.21,631.01,4.79,76.20,2.09,174.64,3.27,0.75,3.96,7.86,17.49,4.38,1.03,-14.72,90.06,-5.06
"2013","中鋼構",63.28,357.74,119.18,31.25,8.49,13.32,27.40,2.32,157.32,11.42,1.34,4.16,9.96,32.55,2.73,2.69,13.95,95.06,9.62
"2014","中鴻",53.45,239.18,147.52,41.42,-4.32,48.65,7.50,3.90,93.58,3.22,0.96,-2.25,-5.86,-8.24,-2.93,-0.62,-1.46,54.02,-0.51
"2015","豐興",16.59,229.95,336.18,114.97,69.12,17.43,20.94,4.01,91.02,3.55,1.29,9.34,11.20,51.56,7.20,4.26,100.75,71.06,4.44
"2017","官田鋼",47.11,254.28,119.01,80.89,2.35,11.52,31.68,2.92,125.00,0.87,0.27,2.13,2.41,3.95,5.00,0.28,-8.75,26.43,-3.03
"2020","美亞",44.60,488.85,172.97,58.68,24.58,10.58,34.49,1.63,223.92,4.82,0.66,10.91,19.09,36.89,15.78,3.09,-6.91,58.36,-2.96
"2022","聚亨",27.54,188.46,210.26,82.73,3.72,11.38,32.07,2.97,122.89,2.39,0.88,-4.61,-7.28,-13.32,-6.17,-0.49,-17.61,112.06,-3.50
"2023","燁輝",61.19,161.08,93.70,54.30,0.08,16.66,21.90,6.59,55.38,1.66,0.73,0.50,-5.09,-10.50,-2.78,-0.81,9.90,55.99,2.73
"2024","志聯",37.45,145.00,200.03,90.09,2.26,5.17,70.59,2.22,164.41,1.15,0.60,1.46,1.43,1.71,1.45,0.16,27.48,68.63,5.80
"2025","千興",5.51,409.72,1283.12,244.17,-991.49,110.01,3.31,1.87,195.18,2.91,0.63,-14.65,-15.52,-14.14,-23.24,-1.42,0.00,0.00,0.00
"2027","大成鋼",42.09,318.05,322.55,68.85,7.00,11.45,31.87,1.32,276.51,2.79,0.66,4.10,6.12,26.97,5.22,1.53,64.92,117.98,9.93
"2028","威致",52.92,154.56,154.93,23.10,721.96,11.27,32.38,2.63,138.78,2.57,1.10,3.91,6.93,11.16,3.10,0.98,5.14,45.62,-0.68
"2029","盛餘",10.66,439.22,721.92,521.23,214.36,15.29,23.87,6.25,58.40,6.03,1.22,5.29,5.81,22.88,4.31,1.81,34.88,90.15,-0.02
"2030","彰源",58.08,170.37,186.53,66.75,2.97,10.09,36.17,2.65,137.73,2.59,1.03,3.03,4.77,11.10,1.90,0.84,11.60,38.26,2.47
"2031","新光鋼",58.21,217.96,158.86,94.43,4.99,2.98,122.48,1.98,184.34,3.06,0.50,6.20,12.10,49.62,10.12,4.50,12.89,28.23,1.85
"2032","新鋼",12.91,361.18,1064.59,725.13,116.97,4.70,77.65,9.45,38.62,5.69,1.54,3.09,3.51,4.90,1.99,0.45,-91.77,31.76,-4.07
"2033","佳大",12.92,222.38,338.04,156.60,7.78,3.69,98.91,2.04,178.92,1.23,0.48,1.48,1.52,2.44,2.72,0.19,53.44,71.99,4.87
"2034","允強",53.23,164.16,127.02,31.43,30.97,13.40,27.23,2.70,135.18,1.82,0.71,0.33,-1.06,-2.83,-0.71,-0.22,-2.90,27.98,-3.82
"2038","海光",58.75,136.62,116.33,38.82,1.48,8.87,41.14,3.84,95.05,2.15,0.99,0.95,0.48,2.36,0.20,0.20,-7.53,25.37,-2.79
"2049","上銀",31.87,156.96,240.13,149.09,13.62,6.06,60.23,2.01,181.59,0.85,0.46,3.79,5.16,63.59,7.64,5.57,43.48,131.47,5.93
"2059","川湖",19.56,709.48,696.98,656.55,220.64,4.26,85.68,2.79,130.82,3.08,0.38,26.28,32.63,817.32,60.77,64.59,164.71,169.84,15.38
"2062","橋椿",30.29,183.07,253.34,179.22,1377.24,2.85,128.07,4.12,88.59,1.43,0.62,4.83,7.10,34.45,7.19,2.72,58.13,179.36,6.74
"2069","運錩",56.34,113.85,104.46,34.40,2.49,10.19,35.81,3.56,102.52,2.50,1.20,4.04,5.79,15.19,2.10,1.35,-1.46,16.41,-2.04
"2101","南港",69.27,383.25,189.65,33.85,19.92,9.07,40.24,0.43,848.83,2.12,0.36,7.21,24.64,40.28,19.36,3.53,-4.51,6.55,0.00
"2102","泰豐",49.75,318.01,106.49,98.09,-369.25,1.87,195.18,1.64,222.56,0.06,0.01,-2.86,-6.67,-9.36,-173.96,-1.01,-22.53,-103.79,-1.78
"2103","台橡",49.59,238.61,185.58,113.55,483.58,7.68,47.52,4.65,78.49,3.09,0.92,3.37,4.92,21.59,2.82,1.04,6.90,66.12,0.22
"2104","國際中橡",39.11,232.28,180.48,149.60,-1.93,5.38,67.84,5.70,64.03,0.97,0.32,-3.41,-8.40,-25.05,-16.02,-2.80,-3.99,71.47,-0.82
"2105","正新",38.21,189.03,247.74,170.28,1241.00,7.64,47.77,4.07,89.68,1.50,0.67,6.10,9.10,33.14,8.34,2.47,69.56,189.36,4.14
"2106","建大",55.31,205.58,227.76,122.92,4.35,8.44,43.24,2.54,143.70,2.10,0.72,3.60,6.10,17.28,3.63,1.30,21.91,78.55,2.74
"2107","厚生",13.14,1846.90,585.94,424.35,33.43,10.48,34.82,0.35,1042.85,2.01,0.10,4.01,4.49,21.53,38.71,1.89,47.85,145.84,2.95
"2108","南帝",11.82,645.79,864.08,736.17,237.22,11.51,31.71,5.77,63.25,4.36,0.64,5.00,5.61,28.24,7.73,1.14,52.38,141.80,1.51
"2109","華豐",36.46,234.59,292.32,224.54,21.68,5.17,70.59,3.50,104.28,1.78,0.61,7.96,11.98,26.72,12.47,1.61,30.77,106.97,-0.83
"2114","鑫永銓",16.66,243.06,707.48,642.84,186.73,6.74,54.15,4.26,85.68,1.08,0.38,10.63,12.86,63.70,27.16,5.11,165.14,91.21,2.63
"2115","六暉-KY",33.79,200.37,301.16,218.82,9.52,4.31,84.68,3.94,92.63,1.52,0.65,4.94,6.78,33.17,6.83,2.05,29.84,62.01,2.76
"2201","裕隆",75.09,243.32,104.17,98.47,20.98,0.35,1042.85,4.41,82.76,1.83,0.22,1.91,7.58,87.30,8.08,3.78,7.52,-91.35,11.21
"2204","中華",23.66,484.59,134.34,71.44,31644.28,15.09,24.18,6.53,55.89,4.79,0.75,8.18,10.54,82.02,10.80,7.34,2.23,42.57,-4.59
"2206","三陽工業",58.12,285.45,144.86,96.77,16.01,17.79,20.51,5.11,71.42,4.27,1.00,8.36,19.02,81.20,7.82,6.02,29.82,93.17,6.54
"2207","和泰車",77.65,207.06,102.63,94.79,65.74,0.65,561.53,10.20,35.78,3.17,0.44,4.88,22.33,500.48,10.94,36.74,6.78,24.13,8.18
"2208","台船",73.33,138.81,94.64,27.67,-9.93,13.52,26.99,3.26,111.96,1.08,0.39,-7.06,-35.49,-21.83,-19.27,-2.20,0.00,95.09,0.00
"2211","長榮鋼",21.87,757.75,228.13,153.77,59.14,11.90,30.67,2.22,164.41,3.05,0.34,7.70,9.74,84.26,22.48,6.12,42.99,49.69,-0.96
"2227","裕日車",20.22,2828.77,440.00,419.97,305.01,79.93,4.56,"NA","NA",26.41,0.99,7.17,9.03,68.33,7.22,5.57,-26.65,-4.79,-6.59
"2228","劍麟",23.35,335.40,567.43,391.08,61.46,3.99,91.47,3.27,111.62,2.74,0.78,11.43,15.21,103.45,14.50,9.51,66.75,84.92,1.41
"2231","為升",52.47,260.92,153.45,119.80,10.38,2.73,133.69,2.55,143.13,1.77,0.42,5.24,9.56,48.95,11.12,3.37,0.62,35.64,-5.92
"2233","宇隆",33.38,204.43,211.13,146.82,53.75,4.41,82.76,2.66,137.21,1.73,0.65,11.84,17.22,130.49,17.98,10.96,56.95,89.75,8.34
"2236","百達-KY",75.49,108.00,102.20,83.50,9.17,0.93,392.47,1.61,226.70,1.44,0.30,6.00,16.79,66.07,18.27,7.38,0.47,37.77,0.36
"2239","英利-KY",52.53,175.70,133.23,91.93,1.12,3.35,108.95,3.51,103.98,1.70,0.57,0.71,0.07,3.29,0.06,-0.09,7.90,85.92,3.57
"2241","艾姆勒",37.98,174.20,473.50,348.09,-13.35,3.22,113.35,1.96,186.22,0.54,0.26,-8.40,-14.50,-20.38,-33.02,-1.98,-53.76,-40.75,-4.31
"2243","宏旭-KY",76.91,228.81,119.47,59.19,2.04,2.96,123.31,1.14,320.17,3.93,0.59,1.28,2.35,4.32,0.88,0.24,15.35,210.03,17.84
"2247","汎德永業",42.41,292.31,190.84,91.61,63.95,126.46,2.88,8.83,41.33,10.80,2.54,8.66,14.80,300.27,3.35,23.93,7.74,106.49,-5.80
"2248","華勝-KY",52.50,504.13,153.55,129.23,44.50,1.82,200.54,3.52,103.69,9.14,0.87,11.61,24.51,84.39,13.00,6.42,27.95,67.89,21.43
"2250","IKKA-KY",46.40,340.68,225.41,194.22,21.30,3.78,96.56,7.96,45.85,4.90,0.98,5.41,10.30,84.50,5.23,6.17,40.93,153.36,7.54
"2254","巨鎧精密-創",52.00,122.72,51.59,30.72,-2.26,14.46,25.24,3.49,104.58,0.40,0.26,-1.94,-6.27,-13.28,-10.66,-1.06,1.86,44.90,0.77
"2258","鴻華先進-創",17.51,465.13,304.89,222.00,-533.62,43.82,8.32,6.28,58.12,3.37,0.41,-10.18,-11.80,-14.21,-25.08,-1.23,"NA","NA","NA"
"2301","光寶科",55.58,515.63,156.78,130.09,11.31,3.94,92.63,3.81,95.80,7.38,0.70,6.67,13.64,66.61,8.72,5.21,11.51,118.44,1.48
"2302","麗正",30.68,300.50,133.25,115.18,617.87,6.54,55.81,3.68,99.18,1.38,0.30,5.05,6.96,9.36,16.57,0.75,26.82,321.51,8.48
"2303","聯電",33.68,155.42,252.03,200.45,34.21,7.38,49.45,4.38,83.33,0.90,0.41,8.58,12.81,44.84,20.28,3.80,124.73,94.49,3.87
"2305","全友",21.44,714.52,565.02,518.10,16.88,9.54,38.25,3.46,105.49,1.87,0.24,2.13,2.50,2.98,8.10,0.14,76.48,556.50,6.16
"2308","台達電",47.44,285.31,204.18,145.70,3416.43,4.94,73.88,2.90,125.86,3.94,0.85,7.37,16.41,197.55,8.36,13.56,47.87,97.44,13.74
"2312","金寶",67.85,243.63,142.75,101.62,3.12,4.64,78.66,7.29,50.06,6.28,1.41,3.05,6.64,20.55,1.46,1.11,8.40,45.59,4.60
"2313","華通",47.84,154.01,166.00,134.27,1447.77,4.28,85.28,7.37,49.52,1.99,0.88,7.26,13.37,59.31,7.72,4.69,34.87,108.96,7.42
"2314","台揚",79.46,331.19,91.41,34.73,-15.15,2.81,129.89,0.88,414.77,3.18,0.35,-22.77,-85.04,-44.60,-68.63,-4.55,3.70,6.90,6.03
"2316","楠梓電",34.06,531.42,210.62,173.72,16.34,3.51,103.98,4.48,81.47,1.39,0.23,5.62,8.27,56.63,23.33,4.28,6.33,26.50,0.25
"2317","鴻海",57.87,473.44,155.22,115.59,7.05,6.70,54.47,8.01,45.56,15.90,1.65,4.80,9.71,152.53,2.50,11.01,7.63,64.57,3.27
"2321","東訊",65.88,686.24,101.65,83.08,0.35,4.53,80.57,2.63,138.78,6.56,0.47,0.00,-3.72,-5.60,-2.67,-1.09,7.27,120.99,8.61
"2323","中環",31.04,708.85,386.52,317.16,-1.01,5.24,69.65,1.77,206.21,2.12,0.29,-0.84,-1.70,-2.24,-4.21,-0.27,0.00,-40.63,-2.26
"2324","仁寶",66.25,580.28,134.08,103.34,4.80,4.61,79.17,9.61,37.98,30.27,2.02,3.28,8.09,34.83,1.28,2.30,8.92,117.97,9.29
"2327","國巨",55.67,380.51,138.88,112.03,10.51,5.75,63.47,2.61,139.84,1.81,0.35,6.16,12.99,517.78,16.02,38.13,27.34,132.24,9.04
"2328","廣宇",33.09,430.39,230.70,177.50,23.32,3.63,100.55,4.82,75.72,6.56,0.89,5.11,7.55,28.29,5.51,2.00,12.78,86.60,1.36
"2329","華泰",40.77,197.05,156.91,132.51,82.17,3.76,97.07,8.70,41.95,2.82,0.86,6.54,10.76,19.94,7.55,1.71,48.06,146.10,7.52
"2330","台積電",35.39,167.77,244.23,220.95,71.51,12.19,29.94,4.71,77.49,0.92,0.47,19.32,30.29,542.11,40.51,45.25,144.42,110.14,14.35
"2331","精英",50.34,538.70,123.39,104.32,0.02,7.08,51.55,7.17,50.90,7.99,0.75,-0.23,-0.76,-0.81,-0.52,-0.16,7.18,110.32,1.20
"2332","友訊",30.26,516.89,283.73,216.75,11.84,4.67,78.15,2.81,129.89,6.12,0.87,0.96,0.31,6.02,0.25,0.06,28.81,50.80,5.32
"2337","旺宏",43.53,161.33,283.46,148.11,-9.09,8.10,45.06,1.47,248.29,0.62,0.33,-3.77,-6.96,-19.11,-12.42,-1.73,-1.70,77.71,-0.63
"2338","光罩",80.43,109.44,77.34,66.54,-0.92,5.28,69.12,8.61,42.39,0.76,0.36,-2.43,-17.12,-25.97,-10.39,-2.21,20.13,18.78,10.19
"2340","台亞",46.96,160.48,159.66,104.71,-8.96,3.48,104.88,2.36,154.66,0.69,0.31,-3.61,-6.52,-11.68,-12.45,-1.16,-2.90,39.73,-1.59
"2342","茂矽",26.83,360.35,348.99,288.84,12.58,6.73,54.23,3.69,98.91,2.53,0.55,2.87,3.77,5.79,4.81,0.58,12.15,77.41,0.37
"2344","華邦電",44.22,135.68,142.51,80.00,1.92,8.23,44.34,2.39,152.71,0.80,0.44,0.90,0.71,2.47,0.86,0.14,26.64,64.82,3.35
"2345","智邦",57.96,671.59,150.55,100.55,172.95,6.93,52.66,5.32,68.60,25.60,1.55,16.89,39.04,269.71,10.87,21.49,21.19,37.47,10.25
"2347","聯強",64.43,728.75,159.08,115.48,718.15,5.39,67.71,7.96,45.85,34.20,1.94,4.92,12.37,74.07,2.16,5.52,20.08,15.25,18.69
"2348","海悅",75.26,65010.17,351.08,90.19,14.34,7.88,46.31,0.33,1106.06,211.33,0.27,7.04,29.04,166.27,23.51,14.43,-66.83,-44.55,-24.38
"2349","錸德",43.40,236.49,190.08,141.58,3.08,4.10,89.02,3.32,109.93,1.11,0.40,1.82,2.08,4.54,2.84,0.07,20.87,112.64,2.93
"2351","順德",40.82,188.30,234.63,110.74,14.37,5.37,67.97,2.51,145.41,2.11,0.88,6.32,10.04,49.22,6.75,3.71,39.59,86.51,3.89
"2352","佳世達",67.85,254.29,126.37,80.47,3.51,5.02,72.70,4.21,86.69,4.78,1.02,2.18,4.31,24.12,1.40,1.11,3.50,45.88,0.97
"2353","宏碁",61.92,1306.75,143.37,88.78,16.99,4.95,73.73,5.27,69.25,41.18,1.24,3.11,7.59,29.44,2.35,1.84,-1.39,96.86,-6.52
"2354","鴻準",33.95,4544.66,233.51,227.53,19.70,4.25,85.88,23.12,15.78,28.52,0.50,2.39,3.15,32.05,4.48,2.53,4.83,75.98,0.46
"2355","敬鵬",26.95,297.91,282.17,219.57,25.94,4.46,81.83,4.41,82.76,2.76,0.70,5.08,6.79,40.19,6.92,2.85,35.12,149.98,4.07
"2356","英業達",79.02,250.43,110.89,84.44,2.53,5.03,72.56,9.48,38.50,18.30,1.92,4.20,11.12,25.67,1.12,2.03,-2.90,20.47,-0.10
"2357","華碩",46.60,1558.00,163.56,91.38,58.05,5.69,64.14,3.05,119.67,28.69,1.13,6.72,12.31,568.02,5.83,42.27,3.46,31.69,-1.35
"2359","所羅門",37.16,1471.09,232.51,161.02,1264.53,3.68,99.18,1.40,260.71,7.97,0.37,1.88,2.66,16.67,4.52,0.84,3.21,35.40,-2.80
"2360","致茂",31.78,417.97,211.61,141.51,151.17,3.38,107.98,1.63,223.92,3.06,0.61,14.97,22.48,157.73,24.37,12.49,58.09,82.94,7.28
"2362","藍天",55.59,3505.22,114.81,103.05,2.94,8.35,43.71,8.62,42.34,11.18,0.27,2.59,4.13,28.83,6.65,3.02,15.41,132.43,12.82
"2363","矽統",3.89,1673.62,402.54,390.96,1287.38,32.41,11.26,3.38,107.98,0.92,0.04,2.78,2.84,11.53,64.02,0.81,-89.92,-82.18,-4.74
"2364","倫飛",60.02,247.70,106.55,68.50,13.48,19.34,18.87,2.79,130.82,4.72,0.90,12.43,31.88,41.05,13.03,4.09,30.79,367.63,21.51
"2365","昆盈",13.64,525.28,912.00,838.45,24.37,11.08,32.94,4.03,90.57,1.56,0.27,4.14,4.69,8.15,14.60,0.64,103.77,109.97,4.84
"2367","燿華",45.67,128.64,121.63,84.50,807.00,4.20,86.90,6.10,59.83,1.53,0.83,7.92,14.11,22.92,8.57,2.36,38.08,73.66,8.35
"2368","金像電",52.20,237.35,185.48,132.00,46.58,3.21,113.70,3.97,91.93,4.19,1.00,14.80,29.44,172.63,14.42,11.54,33.15,100.08,8.82
"2369","菱生",26.93,181.62,255.14,220.28,-8.21,4.64,78.66,13.86,26.33,1.46,0.71,-2.37,-3.60,-5.39,-3.74,-0.45,44.22,96.78,5.11
"2371","大同",47.38,346.67,211.48,147.19,16.83,6.81,53.59,1.99,183.41,1.51,0.34,10.64,20.09,63.33,30.00,6.46,2.13,42.67,0.18
"2373","震旦行",50.98,376.98,192.52,159.95,12.31,9.35,39.03,4.09,89.24,3.51,0.63,6.16,11.61,53.43,9.02,4.26,25.37,68.96,1.76
"2374","佳能",27.78,208.03,172.42,132.77,68.47,7.16,50.97,3.57,102.24,1.84,0.64,5.60,7.52,22.56,8.59,1.90,23.59,31.36,3.79
"2375","凱美",34.75,481.45,157.25,123.40,11.23,3.25,112.30,3.10,117.74,2.40,0.36,3.77,5.30,62.57,9.40,4.55,22.14,148.69,7.83
"2376","技嘉",50.51,1155.13,271.22,145.49,27.24,11.90,30.67,6.20,58.87,47.15,2.74,11.55,23.13,202.99,4.06,15.03,-43.68,13.81,-5.57
"2377","微星",45.28,826.24,204.45,12.44,19310.80,9.03,40.42,4.83,75.56,33.62,2.11,7.30,13.18,100.71,3.43,8.04,11.73,86.06,0.69
"2379","瑞昱",53.50,582.04,146.06,121.89,56.84,8.13,44.89,3.32,109.93,12.34,1.09,14.98,32.12,318.62,13.48,29.82,41.29,109.07,27.63
"2380","虹光",79.64,127.55,91.86,45.26,-13.64,7.93,46.02,2.89,126.29,5.92,1.17,-18.61,-72.38,-18.37,-16.49,-1.94,5.47,33.13,3.72
"2382","廣達",75.30,425.00,131.63,90.34,11.04,4.47,81.65,6.74,54.15,21.04,1.51,8.15,28.42,189.42,4.27,15.49,"NA",51.62,"NA"
"2383","台光電",53.87,214.61,170.61,139.34,28.37,2.98,122.48,5.96,61.24,3.38,0.99,14.78,30.92,350.02,14.86,27.81,24.07,60.46,7.16
"2385","群光",48.55,327.51,156.72,119.77,100.65,4.31,84.68,4.41,82.76,6.18,1.03,11.02,21.32,174.93,10.55,12.43,20.06,110.92,4.22
"2387","精元",46.62,296.39,166.70,134.92,21.90,3.43,106.41,6.40,57.03,5.88,1.13,7.60,13.38,126.08,6.30,7.81,30.28,132.24,10.85
"2388","威盛",36.38,1213.08,241.35,181.75,27.65,35.03,10.41,3.63,100.55,8.02,0.53,4.03,6.12,28.02,7.24,2.07,52.19,204.12,23.19
"2390","云辰",17.12,968.68,371.79,235.78,-65.76,6.65,54.88,0.88,414.77,2.93,0.24,-8.10,-9.82,-14.01,-34.41,-1.25,-8.72,-31.68,-1.65
"2392","正崴",69.12,281.09,189.76,128.50,5.09,5.57,65.52,6.32,57.75,3.63,0.83,2.80,6.54,78.17,2.56,3.65,8.94,20.90,2.54
"2393","億光",30.23,359.85,252.65,239.11,231.68,3.49,104.58,14.49,25.18,3.53,0.70,11.22,15.74,90.03,14.89,6.64,39.07,167.24,4.24
"2395","研華",27.80,458.77,271.04,196.92,11730.86,6.17,59.15,3.48,104.88,5.07,0.85,12.73,17.67,127.08,14.87,10.45,67.51,100.29,4.55
"2397","友通",52.69,253.01,169.65,110.62,12.02,4.36,83.71,2.92,125.00,3.96,0.89,5.02,9.11,56.95,5.14,3.46,22.20,44.71,9.10
"2399","映泰",17.03,1672.80,537.84,417.60,243.82,10.04,36.35,2.61,139.84,15.22,0.77,0.25,0.31,1.58,0.33,0.04,22.05,3.96,3.58
"2401","凌陽",23.05,667.94,456.99,378.08,1776.47,7.34,49.72,2.56,142.57,3.57,0.45,4.48,5.46,13.38,9.26,0.44,41.76,61.91,3.56
"2402","毅嘉",45.98,238.43,157.36,128.14,11.94,2.56,142.57,6.38,57.21,2.87,0.74,6.71,12.05,27.66,7.46,2.36,9.58,59.44,1.08
"2404","漢唐",67.96,1185.60,138.62,122.70,30.64,7.28,50.13,0.17,2147.05,34.96,1.02,13.91,45.77,414.69,13.21,34.94,57.10,220.90,93.88
"2405","輔信",14.55,360.97,394.94,258.19,3.78,10.13,36.03,1.52,240.13,1.54,0.38,0.36,0.26,0.62,0.59,0.03,7.31,46.06,-0.65
"2406","國碩",46.78,221.27,267.80,216.92,-5.12,3.76,97.07,5.10,71.56,1.12,0.44,-5.30,-10.72,-25.30,-13.53,-0.86,-85.25,6.70,-13.12
"2408","南亞科",20.15,206.25,329.30,213.37,-15.97,7.29,50.06,1.09,334.86,0.41,0.17,-2.39,-3.06,-21.16,-14.89,-1.64,5.95,69.59,0.55
"2409","友達",59.30,157.50,126.40,92.50,0.80,11.20,32.58,8.20,44.51,1.70,0.70,-0.10,-1.80,-0.80,-1.10,-0.40,21.20,110.00,1.50
"2412","中華電",25.52,156.84,141.40,122.34,14172.47,8.62,42.34,4.48,81.47,0.79,0.43,7.33,9.72,61.56,16.76,4.80,99.19,116.27,3.66
"2413","環科",54.70,303.72,248.77,138.91,-1.28,5.44,67.09,1.87,195.18,3.04,0.71,-0.58,-2.81,-6.49,-1.72,-0.44,25.82,0.49,5.00
"2414","精技",56.42,325.58,151.29,108.64,21.07,5.89,61.96,11.77,31.01,17.38,2.68,5.74,11.66,37.86,2.03,2.67,-9.51,78.02,-16.93
"2415","錩新",61.61,631.16,161.39,149.81,1.74,6.07,60.13,5.17,70.59,3.54,0.27,3.16,3.51,17.14,4.49,1.14,11.15,43.22,9.95
"2417","圓剛",28.66,302.61,245.73,201.84,589.38,8.89,41.05,2.39,152.71,2.15,0.56,0.99,1.04,5.68,1.33,-0.39,28.02,262.28,7.55
"2419","仲琦",37.01,449.01,244.03,161.53,3.91,4.45,82.02,2.51,145.41,5.36,0.88,1.92,-1.06,6.86,1.51,-0.16,31.53,31.68,12.56
"2420","新巨",30.33,430.47,344.17,246.35,34.84,7.39,49.39,1.91,191.09,7.60,1.58,12.42,17.45,54.34,29.82,4.36,120.07,140.94,6.71
"2421","建準",47.19,362.34,188.06,150.81,54.11,4.07,89.68,4.94,73.88,6.31,1.06,11.01,19.71,72.47,10.20,5.46,27.65,117.56,7.76
"2423","固緯",21.03,384.46,362.47,231.05,147.69,3.47,105.18,1.35,270.37,3.41,0.76,9.61,12.64,30.75,12.59,2.42,80.26,107.38,5.03
"2424","隴華",48.02,189.91,120.77,114.08,-1471.58,3.65,100.00,8.96,40.73,0.66,0.22,-27.88,-61.59,-32.15,-132.24,-3.35,-46.12,-417.83,-22.88
"2425","承啟",31.42,7625.86,321.96,317.12,12.17,3.44,106.10,7.19,50.76,109.11,0.73,7.17,5.37,14.95,4.74,1.05,35.88,181.80,13.66
"2426","鼎元",22.18,235.65,331.66,253.40,9.03,3.16,115.50,2.46,148.37,1.31,0.48,1.46,1.68,2.77,2.72,0.21,19.64,77.88,1.45
"2427","三商電",59.54,371.91,183.49,57.15,864.51,7.18,50.83,1.13,323.00,3.87,0.68,4.44,9.13,17.95,5.82,1.43,0.00,9.24,-3.49
"2428","興勤",32.17,343.53,382.45,315.73,87.49,2.80,130.35,3.37,108.30,1.99,0.51,10.54,15.20,161.20,20.38,12.10,70.85,101.51,7.06
"2429","銘旺科",28.78,374.98,222.68,162.53,-20.40,28.16,12.96,5.08,71.85,1.80,0.35,-14.94,-23.19,-13.45,-43.55,-2.17,"NA","NA","NA"
"2430","燦坤",67.53,300.07,86.77,33.79,3.90,184.48,1.97,6.54,55.81,6.17,1.36,1.35,4.16,20.18,0.99,1.61,30.34,238.91,11.98
"2431","聯昌",14.08,1758.29,611.70,557.90,-5377.17,3.69,98.91,4.45,82.02,5.13,0.26,-4.41,-5.19,-6.32,-17.37,-0.63,20.10,195.20,2.68
"2432","倚天酷碁-創",33.45,6966.15,261.34,236.65,2799.37,6.75,54.07,18.08,20.18,280.60,1.40,6.23,9.22,14.60,4.45,1.88,55.05,0.00,24.16
"2433","互盛電",42.15,233.56,229.38,210.84,1619.84,9.22,39.58,2.64,138.25,1.12,0.37,6.92,11.15,40.73,17.78,3.28,84.91,82.97,12.40
"2434","統懋",35.24,139.88,139.25,134.15,180.71,3.74,97.59,6.00,60.83,0.12,0.07,1.51,1.12,1.42,10.34,0.14,-14.17,-169.52,-1.47
"2436","偉詮電",33.80,1213.69,243.58,196.41,14.09,3.15,115.87,2.70,135.18,10.20,0.52,5.34,8.58,19.43,9.53,1.57,22.14,40.07,4.94
"2438","翔耀",55.43,148.74,108.63,94.76,-3.87,5.28,69.12,4.30,84.88,0.55,0.26,-7.16,-17.07,-13.40,-31.47,-1.71,-13.66,36.13,-3.30
"2439","美律",50.94,573.07,190.81,156.24,35.44,4.15,87.95,8.32,43.87,10.46,1.22,7.01,14.94,124.29,5.56,9.26,14.39,83.89,4.26
"2440","太空梭",46.90,598.83,188.10,161.27,-18.12,3.94,92.63,16.09,22.68,18.02,1.72,-2.82,-9.69,-2.86,-1.49,-0.43,-24.81,-25.26,-18.28
"2441","超豐",14.14,183.97,343.42,319.16,"NA",5.09,71.70,13.11,27.84,1.20,0.60,9.87,11.37,54.51,16.41,4.39,169.62,1.07,12.46
"2442","新美齊",78.83,13946.63,134.37,33.49,13.85,23.77,15.35,0.05,7300.00,17.91,0.05,1.61,6.00,16.01,28.80,1.20,-31.02,-53.95,-79.36
"2444","兆勁",51.46,286.52,301.04,199.04,-37.17,3.59,101.67,2.79,130.82,2.53,0.69,-0.51,-2.50,-2.33,-1.74,-0.24,71.82,109.69,14.93
"2449","京元電子",48.44,186.96,259.77,253.45,11.64,4.07,89.68,17.15,21.28,0.68,0.33,10.64,19.11,48.84,30.14,6.36,109.28,104.20,9.59
"2450","神腦",38.07,882.77,189.83,113.63,46.43,19.56,18.66,11.57,31.54,41.31,3.19,4.81,7.41,22.31,1.47,1.85,25.45,86.61,4.90
"2451","創見",7.37,1289.48,1111.13,692.47,927.27,8.11,45.00,1.28,285.15,6.57,0.46,10.61,11.84,65.83,22.95,5.39,-75.96,48.12,-14.12
"2453","凌群",55.24,622.06,155.24,119.19,21.96,5.34,68.35,10.95,33.33,18.90,1.42,6.56,14.17,37.04,4.39,3.06,9.88,125.51,0.71
"2454","聯發科",41.95,716.37,131.51,103.68,26466.90,10.70,34.11,5.25,69.52,9.62,0.79,16.13,27.49,746.20,20.19,66.92,58.46,113.41,18.69
"2455","全新",27.35,169.61,305.81,208.37,73.06,6.46,56.50,3.16,115.50,1.36,0.71,14.85,20.97,44.22,20.70,3.63,145.42,109.47,8.52
"2457","飛宏",33.24,257.39,246.33,189.26,6.70,5.65,64.60,3.42,106.72,2.68,0.71,1.62,2.13,6.93,1.89,0.48,5.25,24.03,1.47
"2458","義隆",33.40,410.00,241.45,188.52,165.52,10.60,34.43,2.65,137.73,5.90,0.87,17.93,26.97,100.89,20.42,9.57,92.25,93.98,9.77
"2459","敦吉",37.32,546.34,266.11,244.42,17.25,2.85,128.07,6.26,58.30,3.88,0.53,6.33,9.82,92.04,11.14,5.32,23.34,138.20,1.91
"2460","建通",63.21,142.94,118.06,83.19,-2.17,3.10,117.74,3.08,118.50,1.77,0.60,-3.25,-11.29,-13.17,-7.22,-1.39,-3.17,58.10,-1.68
"2461","光群雷",47.51,267.43,191.97,133.96,7.74,3.68,99.18,3.34,109.28,2.91,0.70,2.76,4.61,13.97,3.41,1.59,11.21,42.29,1.34
"2462","良得電",47.46,341.92,138.99,100.37,10.19,2.42,150.82,4.57,79.86,3.02,0.71,4.28,7.12,18.86,5.47,1.49,4.79,48.46,0.00
"2464","盟立",58.21,272.75,146.47,123.87,3.12,14.31,25.50,6.14,59.44,3.01,0.61,1.27,2.33,5.95,1.47,0.52,16.93,28.11,12.39
"2465","麗臺",80.32,369.41,116.48,37.24,-1439.60,12.39,29.45,3.19,114.42,21.47,1.54,-14.97,-55.15,-51.61,-10.24,-5.26,-1.80,-17.66,-4.13
"2466","冠西電",54.37,329.10,58.17,23.77,0.85,5.11,71.42,1.84,198.36,1.48,0.26,0.92,-1.50,-0.78,-2.62,-0.17,1.57,71.94,0.69
"2467","志聖",51.26,669.02,198.76,162.32,1976.27,2.33,156.65,2.41,151.45,4.55,0.45,8.22,16.60,62.49,14.93,4.80,27.79,115.48,5.36
"2468","華經",41.82,605.10,184.53,158.88,74.42,9.49,38.46,10.14,35.99,10.09,1.08,3.25,5.37,12.90,2.98,0.96,39.26,227.73,21.05
"2471","資通",36.23,1555.46,277.64,253.94,335.66,3.70,98.64,0.00,"*****",20.48,0.60,10.85,17.20,40.30,17.92,3.33,29.18,100.86,-2.69
"2472","立隆電",26.60,210.38,255.76,211.44,4360.32,3.22,113.35,4.73,77.16,1.74,0.66,11.10,14.99,135.86,16.30,7.01,54.05,128.83,9.75
"2474","可成",29.56,1387.60,192.87,189.47,1413.41,3.83,95.30,5.98,61.03,1.46,0.07,5.79,8.18,257.07,72.98,19.40,-0.43,112.51,-5.14
"2476","鉅祥",27.91,339.59,413.30,369.13,54.22,4.62,79.00,5.38,67.84,3.09,0.60,11.06,16.75,79.07,18.20,5.18,27.67,62.61,-1.55
"2477","美隆電",43.11,391.39,267.16,233.40,8.60,5.21,70.05,3.42,106.72,1.72,0.33,3.35,5.17,21.69,8.81,1.50,21.13,12.06,4.45
"2478","大毅",28.46,198.39,246.21,165.39,22.20,3.52,103.69,2.10,173.80,1.33,0.52,4.93,6.69,38.61,9.04,3.13,44.44,97.78,6.06
"2480","敦陽科",51.80,536.99,168.66,67.50,513.38,7.30,50.00,2.15,169.76,13.10,1.09,11.58,23.78,94.37,10.58,7.50,2.80,58.57,-16.90
"2481","強茂",46.00,254.39,197.25,156.39,6.59,3.17,115.14,3.11,117.36,1.43,0.44,4.38,7.15,33.17,8.59,2.40,18.12,59.01,2.87
"2482","連宇",14.61,755.83,631.27,468.98,60.09,10.42,35.02,1.02,357.84,3.38,0.37,3.98,4.84,7.61,10.57,0.81,19.33,125.35,-3.39
"2483","百容",38.55,139.41,137.94,99.36,2.40,4.75,76.84,4.20,86.90,0.82,0.43,1.30,1.56,-5.88,2.46,0.35,21.14,25.83,4.33
"2484","希華",16.98,268.28,388.78,226.47,2868.81,3.52,103.69,1.88,194.14,1.51,0.45,3.35,4.04,12.27,7.20,0.99,40.99,82.79,0.05
"2485","兆赫",19.72,239.91,312.98,203.77,-42.28,2.33,156.65,1.47,248.29,1.08,0.33,-9.16,-12.27,-22.13,-27.96,-2.26,42.45,53.34,7.18
"2486","一詮",51.11,197.97,282.06,206.23,228.54,2.39,152.71,3.73,97.85,1.75,0.58,0.75,0.61,2.83,0.54,0.08,10.97,28.48,0.67
"2488","漢平",29.52,895.88,347.83,299.63,845.73,8.07,45.22,6.24,58.49,9.15,0.87,11.44,16.11,67.68,13.19,5.24,59.60,138.15,7.23
"2489","瑞軒",33.83,485.23,235.24,191.68,100.69,5.69,64.14,7.87,46.37,7.85,1.10,6.33,9.48,22.54,5.60,1.80,21.01,244.75,7.96
"2491","吉祥全",14.36,1136.37,683.45,455.34,-62.22,4.50,81.11,0.32,1140.62,1.82,0.14,-4.55,-5.33,-8.09,-33.03,-0.40,4.10,61.95,0.55
"2492","華新科",41.28,366.06,130.75,96.34,11.67,3.43,106.41,3.75,97.33,1.55,0.35,4.33,6.26,102.17,11.01,6.15,25.68,118.24,4.09
"2493","揚博",28.82,324.69,291.53,215.84,5433.76,4.48,81.47,2.54,143.70,3.79,0.78,14.73,22.52,71.57,18.93,6.05,61.41,102.49,3.51
"2495","普安",34.40,826.56,267.83,248.48,17.36,7.94,45.96,1.28,285.15,2.31,0.19,9.32,13.69,24.14,45.92,2.22,9.43,82.85,0.62
"2496","卓越",37.03,343.10,105.71,104.23,99.34,268.54,1.35,105.94,3.44,2.99,0.59,9.57,15.09,85.83,15.83,7.02,50.39,2.39,35.78
"2497","怡利電",46.75,231.18,165.88,116.81,1447.11,3.71,98.38,2.96,123.31,3.98,1.01,8.94,16.15,38.22,8.21,3.09,25.74,50.54,6.80
"3002","歐格",24.96,561.95,969.87,803.52,12.31,4.62,79.00,1.65,221.21,2.46,0.30,0.30,0.41,0.66,0.89,0.05,-41.39,-5.79,-5.44
"3003","健和興",21.87,488.85,508.03,345.37,5117.21,4.67,78.15,1.87,195.18,3.00,0.54,7.49,9.42,54.69,13.49,3.88,9.80,77.48,-1.14
"3004","豐達科",56.79,147.15,194.99,67.71,11.92,4.47,81.65,1.46,250.00,1.13,0.61,7.20,14.86,85.26,10.73,6.88,-9.32,33.32,-3.73
"3005","神基",41.86,327.80,208.58,157.64,66.31,4.15,87.95,3.78,96.56,3.89,0.81,10.82,18.53,94.73,13.16,7.26,39.94,101.17,7.18
"3006","晶豪科",41.79,688.63,295.18,119.84,843.20,10.23,35.67,1.53,238.56,7.11,0.75,3.20,4.99,18.55,3.74,1.80,2.17,44.48,0.00
"3008","大立光",14.38,396.18,476.69,441.25,25781.75,5.81,62.82,5.47,66.72,1.35,0.29,12.73,14.94,2410.64,44.08,194.17,103.27,143.65,9.24
"3010","華立",53.19,504.51,172.55,134.16,8.35,3.95,92.40,13.57,26.89,13.08,1.56,5.63,11.30,126.20,3.17,8.89,-0.49,68.54,-4.12
"3011","今皓",46.20,609.39,91.25,70.74,-16.21,2.91,125.42,4.73,77.16,3.86,0.45,-9.64,-17.46,-24.10,-22.13,-2.21,-13.44,-76.61,-6.30
"3013","晟銘電",48.73,184.29,159.79,120.80,90.33,3.63,100.55,7.70,47.40,3.95,1.08,9.72,18.96,44.67,7.76,3.63,14.18,81.65,7.82
"3014","聯陽",23.56,1065.80,329.21,277.90,1287.13,6.90,52.89,2.90,125.86,10.13,0.77,19.13,24.73,119.36,24.52,10.10,72.27,99.26,1.43
"3015","全漢",27.96,990.40,201.54,161.68,58.79,3.63,100.55,4.06,89.90,7.36,0.55,2.10,2.87,27.91,3.78,2.16,6.51,67.40,4.80
"3016","嘉晶",31.76,253.56,313.47,251.11,14.43,4.46,81.83,3.89,93.83,1.87,0.58,3.99,5.32,11.02,6.44,0.92,57.03,105.53,6.21
"3017","奇鋐",66.50,266.72,130.55,71.96,29.13,10.04,36.35,2.17,168.20,5.71,0.84,9.94,32.11,318.95,11.39,21.21,16.53,66.37,15.12
"3018","隆銘綠能",57.19,4909.15,141.20,121.63,-3.67,19.52,18.69,0.00,"*****",11.57,0.59,-5.30,-21.57,-13.93,-10.97,-1.46,-1.47,-473.95,-0.98
"3019","亞光",32.93,622.62,269.29,223.83,234161.11,4.92,74.18,5.51,66.24,8.50,0.98,8.68,12.63,89.01,8.80,5.78,46.86,170.12,11.46
"3021","鴻名",47.00,421.00,1.81,1.36,11.59,4.20,86.90,4.77,76.51,8.28,1.14,2.18,3.45,15.74,2.00,0.58,15.00,99.76,8.40
"3022","威強電",25.22,986.95,403.68,346.42,211.81,6.06,60.23,3.23,113.00,5.45,0.47,10.69,14.64,108.66,22.80,8.72,27.78,111.47,0.90
"3023","信邦",49.57,443.84,173.68,116.60,81.23,3.43,106.41,2.69,135.68,9.89,1.08,11.66,23.98,189.35,10.65,14.70,18.11,63.50,1.55
"3024","憶聲",34.57,1907.32,190.78,102.23,16.76,15.16,24.07,1.50,243.33,17.44,0.51,4.02,6.28,9.32,7.36,0.66,66.50,76.50,27.24
"3025","星通",19.07,605.07,510.32,268.25,127.26,3.44,106.10,0.56,651.78,4.24,0.55,17.80,24.33,42.62,32.17,3.68,160.10,118.61,6.83
"3026","禾伸堂",34.41,284.47,287.84,218.77,1671.00,4.37,83.52,3.75,97.33,2.87,0.81,6.39,9.08,66.49,7.25,5.87,42.49,63.72,4.34
"3027","盛達",36.12,309.54,179.40,154.52,4.52,14.54,25.10,5.19,70.32,2.62,0.54,0.72,0.70,3.85,0.84,-0.22,0.96,11.91,-0.80
"3028","增你強",68.68,1561.53,137.86,81.15,238.63,4.11,88.80,3.56,102.52,88.45,1.77,4.03,8.15,24.68,1.34,2.08,10.95,-9.42,15.10
"3029","零壹",48.22,923.93,183.65,139.12,248.16,4.54,80.39,8.25,44.24,27.23,1.74,9.30,17.64,74.09,5.33,5.22,25.73,59.51,10.53
"3030","德律",18.36,207.70,374.12,284.04,770.26,2.32,157.32,1.66,219.87,1.59,0.63,19.31,23.75,92.19,28.90,7.78,73.02,85.71,3.97
"3031","佰鴻",14.93,879.60,472.89,427.31,69.19,2.54,143.70,5.08,71.85,3.20,0.33,5.25,6.08,13.25,15.74,1.09,58.99,124.21,1.99
"3032","偉訓",52.31,400.67,152.30,113.08,14.39,3.25,112.30,3.74,97.59,6.00,0.83,7.39,14.65,60.95,8.63,4.61,27.73,155.48,13.63
"3033","威健",74.52,9357.29,147.49,75.21,2.37,5.72,63.81,4.12,88.59,597.89,2.20,4.92,11.60,31.14,1.27,2.56,-13.87,-47.14,-33.24
"3034","聯詠",33.66,1111.10,324.41,286.33,2952.59,5.31,68.73,5.91,61.75,14.79,0.99,19.67,30.10,396.48,19.79,33.43,68.34,118.04,-3.37
"3035","智原",26.50,2486.24,284.69,251.01,120.16,8.47,43.09,5.32,68.60,19.51,0.70,6.81,9.19,51.55,9.69,4.04,74.91,94.61,14.96
"3036","文曄",74.82,5394.15,146.46,78.61,4.54,7.52,48.53,7.18,50.83,430.81,2.83,3.51,10.47,94.57,0.96,8.13,17.65,90.01,25.54
"3037","欣興",56.86,143.08,148.79,117.51,1090.93,5.42,67.34,6.24,58.49,1.00,0.52,2.73,5.67,47.85,4.82,3.34,17.63,107.03,2.32
"3038","全台",31.59,566.83,393.43,304.89,3697.32,6.25,58.40,3.45,105.79,6.64,0.88,8.29,12.28,24.99,9.09,2.21,61.02,126.91,4.27
"3040","遠見",6.38,2111.68,790.57,721.18,24262.33,26.29,13.88,2.64,138.25,1.89,0.09,2.86,3.07,11.55,33.37,0.73,53.96,36.29,-2.55
"3041","揚智",48.57,336.44,226.11,172.69,-6.83,10.50,34.76,1.89,193.12,2.86,0.63,-9.97,-19.07,-20.07,-17.23,-2.41,-41.30,-208.72,-13.59
"3042","晶技",25.83,257.32,299.11,223.73,4686.22,3.60,101.38,3.09,118.12,1.99,0.62,10.64,15.09,75.07,16.86,6.55,61.72,83.29,4.52
"3043","科風",61.87,223.57,93.02,54.86,3.64,4.30,84.88,2.04,178.92,3.25,0.56,3.28,7.05,11.35,4.11,0.95,8.41,-567.00,17.20
"3044","健鼎",42.55,277.47,185.91,154.96,68.04,3.49,104.58,4.96,73.58,3.53,0.80,10.38,17.86,209.21,12.73,15.95,35.34,103.83,6.67
"3045","台灣大",61.09,291.75,54.59,42.57,1236.85,19.43,18.78,14.08,25.92,3.89,0.82,7.09,16.23,52.46,7.92,4.57,44.08,123.47,7.46
"3046","建碁",47.93,21237.86,180.78,170.00,293.77,8.53,42.79,78.56,4.64,1011.13,2.41,10.22,19.80,36.13,4.23,3.83,22.11,295.35,8.98
"3047","訊舟",50.74,220.36,217.24,121.14,1344.54,7.07,51.62,2.67,136.70,2.81,0.99,6.48,13.23,24.54,6.40,0.51,47.41,85.14,16.08
"3048","益登",83.44,841.46,113.33,71.83,51.91,8.97,40.69,10.36,35.23,161.42,3.93,2.05,-11.84,-25.78,-0.49,-2.10,8.84,23.55,30.67
"3049","精金",36.30,129.34,205.75,189.90,-12.46,8.75,41.71,11.20,32.58,0.15,0.11,-6.14,-9.97,-10.99,-59.87,-1.10,-30.54,137.24,-1.28
"3050","鈺德",47.30,169.57,169.27,159.71,3.09,10.03,36.39,12.17,29.99,0.49,0.24,2.31,3.00,6.36,6.77,0.55,41.51,120.70,5.05
"3051","力特",39.08,246.35,287.05,180.23,13.24,2.98,122.48,1.53,238.56,1.23,0.44,8.62,13.39,22.13,17.86,2.01,75.19,328.32,3.61
"3052","夆典",65.23,4777.82,159.98,132.79,870.02,36.44,10.01,3.88,94.07,26.31,0.30,2.60,5.94,10.79,7.63,0.98,6.27,336.04,7.58
"3054","立萬利",4.95,7294.41,1115.03,1021.96,-5878.34,8.90,41.01,0.44,829.54,18.99,0.12,-3.89,-4.18,-3.83,-32.35,-0.40,41.85,109.61,3.07
"3055","蔚華科",18.06,385.95,555.23,503.00,-47.21,2.21,165.15,2.85,128.07,1.13,0.22,-8.73,-11.68,-25.33,-40.98,-2.23,-68.21,-123.17,-4.44
"3056","富華新",49.60,2671.39,192.47,76.69,130.29,13538.91,0.02,0.75,486.66,40.78,0.63,10.99,27.63,76.35,17.16,6.15,85.46,127.03,75.81
"3057","喬鼎",42.16,745.67,222.07,122.93,"NA",9.66,37.78,1.02,357.84,5.99,0.51,-13.14,-22.78,-11.44,-26.55,-1.64,0.00,88.11,0.00
"3058","立德",59.18,201.46,141.73,90.28,-7.22,2.89,126.29,3.33,109.60,2.51,0.67,-7.34,-22.33,-19.10,-12.47,-2.02,3.28,-5.86,1.53
"3059","華晶科",37.42,304.08,226.13,189.94,12.33,4.54,80.39,3.03,120.46,1.81,0.44,2.85,4.28,19.55,5.86,1.15,25.24,96.09,6.75
"3060","銘異",39.90,483.63,205.06,145.40,7.01,3.73,97.85,3.74,97.59,5.20,0.81,1.24,2.44,5.63,1.82,0.45,-4.41,64.40,-1.84
"3062","建漢",29.50,272.88,225.99,172.23,1.67,3.66,99.72,3.86,94.55,2.76,0.53,0.37,0.06,-6.90,0.08,0.01,-1.76,-7.04,-0.54
"3090","日電貿",38.84,1010.47,224.19,164.09,13.92,3.09,118.12,4.39,83.14,18.00,1.19,10.26,14.92,57.30,7.94,4.52,-3.79,41.76,-13.79
"3092","鴻碩",61.51,147.13,125.93,91.70,-4.13,2.39,152.71,2.44,149.59,0.92,0.38,-3.64,-10.85,-21.03,-11.48,-2.08,13.58,35.18,6.88
"3094","聯傑",9.72,787.13,2187.36,2114.67,25.22,7.23,50.48,1.15,317.39,1.19,0.15,1.31,1.41,1.91,8.66,0.17,56.45,75.47,-3.47
"3130","一零四",54.91,712.42,166.93,163.75,20612.65,35.08,10.40,0.00,"*****",9.80,0.69,12.98,28.08,170.45,18.78,14.14,40.19,155.85,14.70
"3138","耀登",45.73,235.47,168.90,148.89,56.07,3.22,113.35,4.04,90.34,2.00,0.52,4.66,7.84,34.43,8.81,3.05,13.91,66.59,7.99
"3149","正達",58.04,254.42,137.79,124.32,-4.14,5.20,70.19,13.09,27.88,1.69,0.49,-4.64,-14.46,-12.81,-11.12,-1.45,0.87,192.23,0.40
"3150","鈺寶-創",7.10,2844.02,1084.88,953.47,19087.26,17.54,20.80,1.96,186.22,24.77,0.48,4.30,4.69,6.71,8.91,0.72,163.40,52.46,8.86
"3164","景岳",13.41,161.34,386.55,327.62,18.41,10.31,35.40,1.75,208.57,0.39,0.23,3.02,3.26,7.48,12.39,0.66,88.44,66.25,0.04
"3167","大量",48.64,204.84,184.78,108.63,7.53,2.10,173.80,1.65,221.21,1.59,0.54,2.99,5.19,16.83,4.78,1.48,-18.99,34.70,-10.60
"3168","眾福科",26.06,367.17,288.53,226.35,121.53,5.37,67.97,4.48,81.47,4.37,0.97,7.78,10.67,42.49,7.94,2.93,61.44,111.08,0.00
"3189","景碩",49.80,127.34,174.67,151.91,5.07,6.31,57.84,6.01,60.73,0.63,0.39,2.09,3.37,35.11,4.36,0.11,45.35,74.04,7.37
"3209","全科",69.54,794.39,166.64,92.99,4.34,8.66,42.14,5.17,70.59,43.61,2.49,5.48,14.61,43.91,1.66,3.02,5.89,8.48,0.87
"3229","晟鈦",25.41,359.49,280.98,187.41,4.22,3.99,91.47,4.57,79.86,4.88,1.04,1.26,1.40,1.49,0.95,0.14,34.24,59.87,10.76
"3231","緯創",68.33,419.41,137.37,81.84,5.99,6.73,54.23,6.22,58.68,20.20,2.01,7.03,19.42,138.02,2.92,6.11,1.64,28.76,"NA"
"3257","虹冠電",26.45,1318.16,959.42,603.18,4780.08,4.92,74.18,1.06,344.33,5.01,0.36,9.63,11.75,26.69,23.99,2.45,217.34,114.59,0.00
"3266","昇陽",48.61,7355.78,197.07,39.90,9.63,57.69,6.32,0.35,1042.85,40.82,0.36,5.36,10.95,25.86,14.67,1.93,28.57,52.21,23.75
"3296","勝德",44.22,487.70,177.64,125.99,4.00,3.38,107.98,5.89,61.96,5.49,0.75,2.91,4.05,5.64,2.98,0.50,17.18,24.16,10.05
"3305","昇貿",48.20,322.41,160.97,117.09,9.14,3.23,113.00,4.69,77.82,5.00,0.92,5.28,8.46,45.98,4.98,3.10,-22.35,0.21,-20.26
"3308","聯德",51.46,356.86,259.50,259.05,5.63,2.60,140.38,5.75,63.47,0.15,0.03,3.55,5.43,16.26,88.14,0.85,11.49,241.50,4.26
"3311","閎暉",24.88,633.96,226.84,189.67,31.00,4.84,75.41,8.06,45.28,5.70,0.69,1.64,2.06,12.80,2.28,0.81,30.47,88.77,4.18
"3312","弘憶股",69.37,233.91,124.83,104.96,6.95,4.56,80.04,14.91,24.48,16.87,2.07,4.91,12.15,28.75,2.02,2.38,0.30,34.60,-4.24
"3321","同泰",75.14,189.78,127.63,104.30,-10.86,2.52,144.84,5.79,63.03,4.66,1.03,-10.22,-37.30,-20.87,-10.60,-2.15,-27.35,-8.55,-9.26
"3338","泰碩",45.93,508.82,197.97,166.16,166.47,2.43,150.20,7.88,46.31,8.71,0.99,6.96,13.38,37.57,7.00,3.00,15.52,162.45,2.66
"3346","麗清",66.76,304.44,147.35,112.08,425.00,2.73,133.69,3.28,111.28,5.79,0.93,3.44,7.98,26.27,2.91,2.36,13.00,24.07,10.26
"3356","奇偶",15.68,368097.99,695.26,580.58,127.88,7.14,51.12,1.11,328.82,1848.53,0.43,24.17,29.00,85.21,52.49,7.20,89.42,112.56,2.90
"3376","新日興",22.78,337.94,336.78,283.67,6556.05,2.80,130.35,5.91,61.75,2.41,0.59,6.17,8.11,95.81,10.20,7.15,15.68,84.87,-0.44
"3380","明泰",39.84,326.48,188.29,105.20,458.04,4.83,75.56,2.43,150.20,4.85,0.91,1.94,2.50,9.50,1.59,0.40,15.43,41.87,3.93
"2501","國建",65.88,1111.34,156.60,34.66,2.51,20.13,18.13,0.38,960.52,5.35,0.28,2.25,5.19,17.87,6.42,1.36,8.61,16.97,6.94
"2504","國產",35.87,206.63,172.71,157.97,5085.35,2.89,126.29,27.88,13.09,1.37,0.51,11.17,17.22,47.11,21.19,3.90,56.57,72.50,5.00
"2505","國揚",54.23,12054.31,161.66,33.25,8.25,3.73,97.85,0.03,12166.66,7.23,0.03,1.12,2.00,5.70,33.75,0.52,0.00,143.92,0.00
"2506","太設",32.51,511.94,227.88,96.48,14.57,71.64,5.09,0.19,1921.05,0.70,0.10,6.67,9.38,26.35,59.71,2.04,4.11,373.40,0.67
"2509","全坤建",60.27,2752.30,152.53,23.33,1.36,71.60,5.09,0.21,1738.09,6.73,0.13,1.85,1.24,2.85,3.93,0.21,0.00,18.61,0.00
"2511","太子",44.21,744.64,510.26,351.78,2.03,11.37,32.10,0.96,380.20,1.52,0.18,0.61,1.09,2.20,3.36,0.19,14.20,412.64,0.04
"2514","龍邦",48.93,145.60,125.36,97.51,1094.48,14.16,25.77,4.75,"NA",2.04,0.62,3.99,12.62,45.37,5.80,2.83,38.79,175.92,16.88
"2515","中工",64.52,1100.89,213.11,85.06,1.98,3.39,107.66,0.79,462.02,6.74,0.36,1.59,3.12,5.86,3.03,0.47,0.00,4.02,0.00
"2516","新建",75.67,297.45,105.06,95.44,1023.79,17.93,20.35,46.77,7.80,15.16,1.37,3.39,13.23,9.80,2.27,0.97,-4.06,-202.90,-17.30
"2520","冠德",51.49,563.43,195.95,89.25,36.20,21.66,16.85,0.71,514.08,4.68,0.50,10.98,24.00,134.90,21.56,10.25,40.80,342.60,23.89
"2524","京城",49.99,5788.93,421.32,32.21,7.24,250.42,1.45,0.14,2607.14,15.94,0.24,7.91,14.79,85.02,30.50,7.66,"NA",91.55,4.96
"2527","宏璟",49.30,1496.86,127.98,25.75,5.69,380.62,0.95,0.46,793.47,7.13,0.27,5.65,10.06,53.97,17.23,4.78,30.35,25.62,24.72
"2528","皇普",75.16,854535.96,143.03,19.95,4.16,10.74,33.98,0.14,2607.14,5417.28,0.21,5.21,20.96,40.33,24.37,3.26,"NA","NA","NA"
"2530","華建",63.12,11366.83,184.13,18.90,6.66,18.66,19.56,0.15,2433.33,52.24,0.23,6.23,15.16,24.20,26.62,1.94,"NA","NA",-11.76
"2534","宏盛",54.81,375121.97,160.06,19.68,2.27,30.90,11.81,0.08,4562.50,507.27,0.07,1.57,2.04,6.96,14.13,0.63,3.67,18.96,-0.34
"2535","達欣工",64.33,1699.81,198.97,105.98,15.48,8.80,41.47,0.17,2147.05,16.69,0.57,5.39,13.69,56.40,8.96,5.21,0.00,9.73,-5.23
"2536","宏普",72.31,21939.75,146.79,27.19,1.62,12.73,28.67,0.05,7300.00,32.46,0.05,1.05,1.54,6.30,7.78,0.61,-0.84,-84.21,-2.46
"2537","聯上發",74.36,161330.43,145.98,22.95,5.24,295.60,1.23,0.12,3041.66,605.17,0.13,2.37,7.44,13.21,14.22,1.05,0.00,0.62,0.00
"2538","基泰",67.62,33986.76,139.01,28.33,2.03,36.94,9.88,0.05,7300.00,56.02,0.05,2.41,4.23,5.87,25.68,0.57,4.29,406.39,3.80
"2539","櫻花建",54.70,35662.12,211.49,41.31,12.61,41.91,8.70,0.20,1825.00,188.18,0.32,9.97,21.71,36.05,31.38,2.85,3.04,14.88,0.65
"2540","愛山林",74.85,1371.58,132.68,32.74,617.58,3.43,106.41,0.27,1351.85,11.52,0.26,5.46,17.94,41.59,17.05,3.07,0.00,0.00,0.00
"2542","興富發",73.91,895.74,142.04,24.69,14.90,21.52,16.96,0.13,2807.69,4.27,0.15,3.69,13.46,46.96,22.13,3.13,0.25,-30.12,-2.13
"2543","皇昌",56.76,140.52,110.08,83.07,41.67,4.13,88.37,5.84,62.50,2.45,0.79,13.35,38.77,61.59,16.44,5.25,3.50,81.81,0.84
"2545","皇翔",75.23,1766.57,160.20,22.02,4.26,52.66,6.93,0.23,1586.95,6.63,0.23,6.59,23.57,101.62,23.94,9.05,19.82,15.42,12.26
"2546","根基",59.17,3856.52,161.44,100.38,321.04,8.06,45.28,0.50,730.00,94.15,1.11,6.84,17.24,89.62,6.14,7.10,0.00,93.04,0.00
"2547","日勝生",80.39,605.91,92.69,44.32,1.13,5.14,71.01,0.45,811.11,0.92,0.11,1.21,-0.34,2.82,-0.53,-0.08,0.00,47.59,-0.60
"2548","華固",63.10,10405.00,197.98,35.56,1338.00,"NA","NA","NA","NA",29.96,0.14,3.01,6.67,60.27,19.27,4.58,-18.01,0.82,-24.07
"2597","潤弘",56.10,381.93,132.69,56.05,3885.93,8.15,44.78,0.47,776.59,6.54,1.12,13.22,31.79,142.88,11.42,10.71,51.19,26.61,20.54
"2601","益航",68.19,207.04,47.45,23.30,47.10,16.15,22.60,0.88,414.77,0.40,0.14,0.48,-4.70,-5.50,-10.68,-0.35,11.48,179.99,2.25
"2603","長榮",34.10,220.75,208.10,199.24,35.51,17.47,20.89,"NA","NA",1.53,0.56,18.00,26.83,833.01,31.06,64.87,127.88,267.95,18.25
"2605","新興",18.37,122.13,185.93,183.60,1264.79,9.31,39.20,"NA","NA",0.31,0.21,7.38,8.78,26.10,32.99,2.56,76.35,156.03,7.45
"2606","裕民",54.08,154.34,204.47,197.84,4.21,19.72,18.50,"NA","NA",0.36,0.19,6.94,12.59,56.50,28.56,5.54,58.01,68.76,6.38
"2607","榮運",23.95,378.81,496.27,486.76,36.93,5.27,69.25,"NA","NA",1.49,0.47,6.59,8.57,34.39,13.67,2.60,86.81,125.04,6.36
"2608","嘉里大榮",47.25,132.90,109.97,106.04,10.46,6.30,57.93,0.92,396.73,0.80,0.51,5.33,9.17,31.49,9.42,2.25,72.07,119.13,5.05
"2609","陽明",29.50,431.98,597.52,584.85,35.44,25.81,14.14,"NA","NA",2.40,0.51,15.13,20.83,228.57,28.95,18.38,191.31,298.08,15.12
"2610","華航",72.34,188.83,109.30,94.62,666.48,19.32,18.89,"NA","NA",1.64,0.66,5.72,18.44,31.72,7.60,2.38,60.66,639.17,16.89
"2611","志信",28.37,1806.87,633.08,542.49,22.28,4.15,87.95,1.73,210.98,3.09,0.16,7.49,9.68,17.90,45.17,1.64,15.79,45.31,-9.73
"2612","中航",50.21,106.03,74.90,72.88,306.43,17.59,20.75,93.09,3.92,0.26,0.18,5.59,8.03,53.42,21.84,5.13,27.41,62.68,5.13
"2613","中櫃",66.63,196.68,132.28,114.32,5.38,5.86,62.28,"NA","NA",0.74,0.33,1.46,3.58,11.40,3.52,0.84,64.81,258.23,10.00
"2614","東森",73.41,248.89,112.46,84.55,233.44,12.09,30.19,3.00,121.66,1.10,0.31,3.02,6.50,14.11,5.31,1.24,53.83,103.24,40.50
"2615","萬海",36.40,206.03,424.93,412.20,31.18,43.89,8.31,"NA","NA",0.97,0.44,13.19,20.27,221.32,29.31,16.89,177.78,183.88,15.17
"2616","山隆",56.10,155.41,78.87,69.87,-6.09,15.85,23.02,43.78,8.33,2.86,1.23,-3.98,-9.96,-33.58,-4.12,-3.43,-31.56,114.18,-16.40
"2617","台航",34.75,125.13,207.68,199.77,4.86,38.31,9.52,"*****","*****",0.23,0.17,6.04,7.50,35.02,29.16,3.08,117.50,62.50,5.70
"2618","長榮航",62.75,188.69,113.94,107.70,1398.86,"NA","NA","NA","NA",1.59,0.65,9.75,24.45,71.08,13.76,5.37,68.87,232.10,16.13
"2630","亞航",39.83,385.18,258.60,180.16,586.00,3.64,100.27,3.94,92.63,6.58,0.92,3.02,4.07,8.59,2.70,0.67,5.25,-2.34,0.87
"2633","台灣高鐵",81.22,143277.69,82.72,70.75,2.21,114.41,3.19,"NA","NA",213.75,0.14,2.99,9.00,14.29,12.13,1.15,53.20,150.76,-954.51
"2634","漢翔",63.04,276.02,157.60,80.86,11.73,4.36,83.71,2.01,181.59,4.28,0.84,5.09,12.26,29.52,5.51,2.30,0.00,100.71,0.00
"2636","台驊控股",50.25,1286.43,182.93,181.41,16.65,7.12,51.26,"NA","NA",30.52,1.35,7.30,13.77,122.06,5.32,9.39,4.90,120.03,-3.89
"2637","慧洋-KY",42.58,109.12,84.47,82.04,4.06,124.41,2.93,128.04,2.85,0.27,0.22,8.94,12.39,81.10,29.61,8.08,100.47,120.91,6.18
"2642","宅配通",52.00,512.26,153.08,149.11,"NA",5.80,62.93,19.72,18.50,6.40,0.94,0.15,-0.44,-1.90,-0.23,-0.10,25.74,145.54,6.65
"2645","長榮航太",42.44,337.48,356.70,274.34,1708.98,4.60,79.34,5.38,67.84,2.72,0.71,8.48,14.03,61.20,11.28,4.90,56.55,155.49,0.71
"2646","星宇航空",74.94,219.35,113.32,100.32,197.69,"NA","NA","NA","NA",1.01,0.36,2.13,6.48,4.30,3.73,0.53,60.32,31.25,15.88
"2701","萬企",13.31,2789.34,1226.97,1226.65,"NA",8.56,42.64,"NA","NA",0.84,0.03,2.37,2.74,6.15,79.19,0.51,84.93,101.15,0.01
"2702","華園",59.68,184.95,236.32,234.92,123.12,39.76,9.18,15.35,23.77,0.40,0.17,3.55,1.24,4.68,2.81,0.26,21.82,167.71,3.45
"2704","國賓",18.86,2195.17,798.01,766.28,5574.28,36.20,10.08,1.20,304.16,0.90,0.04,3.51,4.26,33.44,77.92,2.77,10.99,36.83,1.06
"2705","六福",68.49,290.90,52.39,41.88,1.45,50.32,7.25,30.23,12.07,0.46,0.14,1.57,1.83,4.64,3.82,0.46,53.42,93.65,2.23
"2706","第一店",13.29,3100.98,2171.37,2169.57,179.38,91.69,3.98,"NA","NA",0.95,0.03,2.41,2.77,6.87,78.04,0.56,110.52,106.93,-0.22
"2707","晶華",55.83,409.93,157.70,154.10,31.94,32.37,11.27,36.67,9.95,3.15,0.58,12.77,27.29,130.63,21.20,10.57,96.72,87.99,9.36
"2712","遠雄來",41.07,89.88,41.50,36.24,-1909.77,46.49,7.85,15.44,23.63,0.22,0.20,-7.86,-12.84,-14.20,-42.02,-1.42,-17.30,53.73,-3.99
"2722","夏都",24.62,245.93,173.73,167.51,0.02,70.35,5.18,35.73,10.21,0.48,0.19,-0.13,-0.68,-1.10,-2.71,0.03,6.24,121.62,0.01
"2723","美食-KY",42.40,200.62,132.61,108.71,901.86,65.76,5.55,8.81,41.43,2.62,0.97,3.47,5.41,61.67,3.16,3.28,49.29,168.55,11.39
"2727","王品",64.91,366.58,120.39,95.61,1627.32,41.85,8.72,7.38,49.45,9.21,1.37,8.63,29.02,193.91,5.85,15.66,53.82,189.64,32.75
"2731","雄獅",59.89,963.91,140.62,111.02,71.07,42.52,8.58,53.76,6.78,58.75,2.84,9.44,23.11,128.31,3.27,9.81,49.88,136.60,36.29
"2739","寒舍",88.04,1098.86,58.43,52.80,413.94,43.55,8.38,35.36,10.32,5.31,0.38,4.81,36.27,61.43,9.81,5.39,60.84,698.91,81.12
"2748","雲品",41.15,217.37,267.37,184.49,21.22,28.55,12.78,2.88,126.73,1.25,0.49,6.95,11.44,39.10,13.54,3.13,59.68,118.39,5.06
"2753","八方雲集",43.24,175.94,120.27,93.24,19.22,46.89,7.78,19.22,18.99,3.05,1.24,9.68,16.27,113.53,7.36,9.05,84.53,120.14,14.66
"2762","世界健身-KY",81.94,200.23,26.73,24.05,3.17,86.30,4.22,0.87,419.54,1.70,0.57,3.00,12.87,39.61,3.58,3.19,51.42,"NA",9.79
"2801","彰銀",93.65,"NA","NA","NA","NA","NA","NA","NA","NA",1.97,0.01,0.49,7.68,16.38,35.74,1.33,"NA","NA","NA"
"2809","京城銀",86.10,"NA","NA","NA","NA","NA","NA","NA","NA",1.92,0.02,1.29,9.59,59.06,52.28,4.52,"NA","NA","NA"
"2812","台中銀",91.42,"NA","NA","NA","NA","NA","NA","NA","NA",1.03,0.02,0.90,10.46,17.94,42.96,1.50,"NA","NA","NA"
"2816","旺旺保",68.51,"NA","NA","NA","NA","NA","NA","NA","NA",7.94,0.51,5.70,18.21,65.54,11.09,5.46,"NA","NA","NA"
"2820","華票",89.47,"NA","NA","NA","NA","NA","NA","NA","NA",14.98,0.01,0.58,5.48,12.31,61.39,1.02,"NA","NA","NA"
"2832","台產",50.73,"NA","NA","NA","NA","NA","NA","NA","NA",20.41,0.30,4.87,9.91,38.07,15.83,3.21,"NA","NA","NA"
"2834","臺企銀",94.47,"NA","NA","NA","NA","NA","NA","NA","NA","NA",1.49,0.49,8.93,15.34,32.94,1.23,"NA","NA","NA"
"2836","高雄銀",92.83,"NA","NA","NA","NA","NA","NA","NA","NA","NA",0.01,0.29,4.41,7.20,21.93,0.55,"NA","NA","NA"
"2838","聯邦銀",92.01,"NA",246.83,"NA","NA","NA","NA","NA","NA",1.26,0.02,0.54,7.23,14.51,26.30,1.16,"NA","NA","NA"
"2845","遠東銀",92.82,"NA","NA","NA","NA","NA","NA","NA","NA",2.49,0.02,0.52,7.15,11.39,33.42,1.01,"NA","NA","NA"
"2849","安泰銀",90.56,"NA","NA","NA","NA","NA","NA","NA","NA","NA",1.58,0.38,3.91,7.02,23.92,0.68,"NA","NA","NA"
"2850","新產",64.77,"NA","NA","NA","NA","NA","NA","NA","NA",17.87,0.38,6.51,18.01,126.87,15.87,10.47,"NA","NA","NA"
"2851","中再保",63.87,"NA","NA","NA","NA","NA","NA","NA","NA",70.41,0.40,4.50,12.59,37.04,10.99,3.14,"NA","NA","NA"
"2852","第一保",55.87,"NA","NA","NA","NA","NA","NA","NA","NA",12.61,0.40,4.64,10.74,35.85,11.58,3.00,"NA","NA","NA"
"2855","統一證",81.71,1339.87,116.11,116.09,"NA","NA","NA","NA","NA","NA","NA",3.39,12.99,33.86,33.67,3.00,0.00,172.87,0.00
"2867","三商壽",97.45,"NA","NA","NA","NA","NA","NA","NA","NA","NA","NA",0.16,5.35,-0.49,1.59,0.42,"NA","NA","NA"
"2880","華南金",94.81,"NA","NA","NA","NA","NA","NA","NA","NA",203.38,1.65,0.57,10.81,21.16,34.64,1.68,"NA","NA","NA"
"2881","富邦金",92.00,"NA","NA","NA","NA","NA","NA","NA","NA","NA",0.03,1.30,16.93,112.87,43.42,10.77,"NA","NA","NA"
"2882","國泰金",93.42,"NA",1475.85,"NA","NA","NA","NA","NA","NA",3.27,0.03,1.24,13.15,78.29,31.09,7.29,"NA","NA","NA"
"2883","凱基金",92.21,"NA","NA","NA","NA","NA","NA","NA","NA",2.37,0.01,0.88,11.77,22.22,45.78,1.97,"NA","NA","NA"
"2884","玉山金",93.77,"NA","NA","NA","NA","NA","NA","NA","NA",2.20,0.02,0.68,10.68,20.17,34.34,1.63,"NA","NA","NA"
"2885","元大金",90.96,"NA",176.32,"NA","NA","NA","NA","NA","NA",2.27,0.03,1.98,11.89,35.34,31.74,2.77,"NA","NA","NA"
"2886","兆豐金",92.21,"NA","NA","NA","NA","NA","NA","NA","NA","NA","NA",0.77,9.94,26.35,41.64,2.35,"NA","NA","NA"
"2887","台新金",93.04,"NA","NA","NA","NA","NA","NA","NA","NA","NA",0.03,0.63,10.31,16.81,23.17,1.39,"NA","NA","NA"
"2888","新光金",94.48,"NA","NA","NA","NA","NA","NA","NA","NA",1.14,0.01,0.41,7.72,10.76,49.81,1.25,"NA","NA","NA"
"2889","國票金",87.75,"NA","NA","NA","NA","NA","NA","NA","NA","NA",0.02,1.94,5.70,9.85,34.14,0.61,"NA","NA","NA"
"2890","永豐金",93.31,"NA","NA","NA","NA","NA","NA","NA","NA",4.80,0.02,2.35,11.29,21.50,34.50,1.75,"NA","NA","NA"
"2891","中信金",94.23,"NA","NA","NA","NA","NA","NA","NA","NA","NA",0.02,0.86,15.56,43.78,38.73,3.64,"NA","NA","NA"
"2892","第一金",94.31,"NA","NA","NA","NA","NA","NA","NA","NA","NA","NA",0.56,9.82,22.27,35.16,1.81,"NA","NA","NA"
"2897","王道銀行",90.99,"NA",86.42,"NA","NA","NA","NA","NA","NA","NA",0.02,0.59,6.49,16.42,38.25,1.00,"NA","NA","NA"
"2901","欣欣",12.38,256.94,892.16,881.44,671.78,19.01,19.20,5.17,70.59,0.36,0.13,2.96,3.39,5.42,22.37,0.41,78.19,142.81,1.18
"2903","遠百",73.71,294.22,56.09,50.93,3.34,33.15,11.01,6.98,52.29,1.08,0.25,2.96,7.67,25.28,8.20,1.65,15.58,255.61,4.90
"2904","匯僑",34.73,151.82,150.68,144.36,1220.24,9.91,36.83,"*****","*****",0.40,0.25,5.99,8.58,17.24,21.78,1.38,160.28,102.90,8.86
"2905","三商",96.97,"NA",613.23,"NA","NA","NA","NA","NA","NA",4.45,0.13,0.23,7.14,12.29,1.74,1.42,"NA","NA","NA"
"2906","高林",47.70,210.88,126.59,80.64,5.89,4.55,80.21,3.98,91.70,2.23,0.73,3.50,5.21,23.79,3.90,0.52,15.38,70.51,5.14
"2908","特力",78.83,326.73,130.27,83.32,1.54,5.80,62.93,4.18,87.32,6.87,1.01,1.78,4.84,6.19,0.48,0.66,17.66,164.15,9.54
"2910","統領",54.41,254.34,127.34,109.30,673.34,20.89,17.47,0.62,588.70,0.29,0.10,4.09,7.45,15.63,32.66,1.13,59.66,154.76,6.13
"2911","麗嬰房",86.81,358.27,83.92,52.04,-356.00,8.49,42.99,1.95,187.17,6.72,0.72,-8.94,-59.32,-39.69,-15.03,-4.07,-2.49,5.44,-2.98
"2912","統一超",80.72,326.17,85.92,62.46,11.71,"NA","NA",9.46,38.58,7.75,1.28,5.70,27.52,167.00,4.07,11.10,34.11,151.20,21.91
"2913","農林",41.37,339.08,166.44,12.63,-0.37,13.50,27.03,0.27,1351.85,0.07,0.02,-0.34,-1.38,-2.21,-40.42,-0.22,20.21,-26.80,1.98
"2915","潤泰全",10.86,9096.96,299.22,255.93,87.78,16.85,21.66,3.16,115.50,2.20,0.02,11.85,13.51,127.10,474.86,13.00,0.00,0.00,0.00
"2923","鼎固-KY",60.15,15136.27,307.87,97.41,198.95,21.19,17.22,0.07,5214.28,11.81,0.07,1.97,1.87,20.30,11.11,0.44,-22.81,-27.69,-11.38
"2929","淘帝-KY",27.41,76746.65,476.23,448.60,224.43,2.25,162.22,455.86,0.80,1002.95,0.52,0.37,0.52,1.41,0.70,0.14,10.12,-78.44,0.03
"2939","永邑-KY",26.61,522.67,1806.33,1695.45,-4656.68,4.84,75.41,17.55,20.79,3.27,0.31,-13.81,-16.99,-27.84,-44.71,-2.96,-90.85,51.48,-4.23
"2945","三商家購",68.12,287.58,98.50,25.96,5.80,174.52,2.09,5.98,61.03,11.62,2.33,2.37,6.09,22.68,0.84,2.02,21.61,222.99,13.79
"3406","玉晶光",42.46,164.80,211.66,180.30,33.85,4.69,77.82,6.05,60.33,1.11,0.55,10.56,18.92,525.51,18.71,38.35,119.97,119.73,18.08
"3413","京鼎",34.25,338.97,290.95,214.67,10422.08,13.28,27.48,3.62,100.82,3.67,0.77,12.45,19.49,303.27,15.88,25.22,39.20,84.73,5.04
"3416","融程電",28.92,229.91,319.64,246.90,55.67,7.04,51.84,3.41,107.03,2.33,0.71,13.06,17.19,84.33,18.05,7.04,76.66,134.75,7.84
"3419","譁裕",36.72,185.63,216.72,178.26,-1988.15,3.25,112.30,5.98,61.03,1.94,0.75,-7.17,-11.71,-12.38,-9.90,-1.21,-3.10,5.39,-0.72
"3432","台端",2.41,531.50,3517.10,3155.39,-44.45,6.37,57.29,13.62,26.79,0.73,0.13,-6.54,-7.35,-6.16,-47.39,-0.55,-720.16,121.99,-16.05
"3437","榮創",22.36,410.70,297.44,269.47,-37.74,3.80,96.05,7.09,51.48,3.05,0.61,-5.20,-6.87,-12.25,-8.71,-0.94,10.31,174.44,1.52
"3443","創意",57.07,1235.80,166.89,106.21,971.24,12.53,29.13,4.43,82.39,33.38,1.06,14.58,32.90,303.14,13.78,25.75,42.56,144.23,31.83
"3447","展達",60.64,536.26,151.66,102.70,17.99,4.57,79.86,2.80,130.35,10.64,0.90,3.47,8.00,15.36,3.63,1.20,23.38,79.20,26.56
"3450","聯鈞",37.52,197.14,209.67,179.59,206.68,5.91,61.75,7.72,47.27,1.77,0.68,10.73,16.60,88.89,14.17,3.82,60.06,115.86,11.95
"3454","晶睿",42.81,397.82,194.66,117.90,17.64,5.77,63.25,2.81,129.89,7.54,1.15,5.34,8.77,43.52,4.32,3.42,-9.50,100.35,-14.36
"3481","群創",34.78,199.49,157.71,110.11,8.22,6.44,56.67,4.84,75.41,1.52,0.61,2.13,2.91,10.30,3.11,0.76,18.02,82.00,1.91
"3494","誠研",57.67,128.30,129.70,68.95,-2.08,36.01,10.13,3.22,113.35,0.71,0.46,-5.84,-21.51,-16.43,-17.21,-1.08,-10.88,-222.67,-1.81
"3501","維熹",22.60,379.79,528.04,291.43,363.83,3.51,103.98,2.05,178.04,3.14,0.68,8.32,10.60,79.43,12.22,6.12,12.61,67.91,2.08
"3504","揚明光",36.66,203.92,221.90,175.21,-16.20,5.04,72.42,5.33,68.48,1.43,0.56,-5.16,-8.53,-21.38,-9.63,-2.17,14.88,129.39,2.25
"3515","華擎",47.24,635.78,192.37,83.30,346.63,11.59,31.49,2.54,143.70,28.07,1.51,7.60,14.79,156.80,5.02,10.54,10.04,47.92,0.17
"3518","柏騰",33.37,684.48,511.45,498.95,-12.85,1.32,276.51,7.03,51.92,1.33,0.19,-10.90,-15.83,-14.31,-59.92,-2.39,-33.46,27.67,-4.21
"3528","安馳",70.79,6821.07,138.22,76.79,6.80,3.65,100.00,4.04,90.34,176.27,0.81,4.95,14.65,51.34,5.24,4.16,7.93,-6.33,14.27
"3530","晶相光",10.66,4450.71,822.98,331.74,-1394.57,31.36,11.63,1.19,306.72,41.88,0.61,-3.41,-4.38,-13.07,-5.94,-1.33,92.92,65.22,12.17
"3532","台勝科",53.57,111.42,168.86,108.89,10.71,4.74,77.00,2.66,137.21,0.31,0.24,2.80,5.17,42.04,10.46,3.35,31.18,50.72,0.02
"3533","嘉澤",24.39,355.13,319.81,287.54,13843.42,2.70,135.18,4.20,86.90,2.99,0.68,21.20,29.10,1054.68,30.83,82.77,89.94,118.02,15.44
"3535","晶彩科",29.26,328.98,413.03,358.80,11.24,2.94,124.14,2.07,176.32,1.63,0.40,3.56,4.82,6.89,8.16,0.69,44.75,353.58,9.12
"3543","州巧",33.47,257.88,252.68,225.75,-12.84,2.78,131.29,11.72,31.14,2.75,0.74,-3.06,-3.75,-10.70,-4.28,-1.14,13.45,30.48,1.19
"3545","敦泰",45.77,508.52,235.91,191.15,1136.67,9.73,37.51,4.30,84.88,5.85,0.78,3.32,5.91,26.49,3.91,2.71,74.15,67.18,33.35
"3550","聯穎",65.79,241.57,180.54,151.83,-2.13,2.66,137.21,9.89,36.90,3.21,0.80,-3.20,-12.01,-18.47,-5.21,-2.01,"NA",47.33,"NA"
"3557","嘉威",53.80,219.74,116.09,66.16,951.78,5.76,63.36,3.24,112.65,4.37,1.04,11.19,21.50,87.61,9.60,6.84,18.49,98.87,4.63
"3563","牧德",11.94,2160.35,835.70,779.22,297.27,1.51,241.72,2.26,161.50,6.37,0.27,5.49,6.15,67.56,20.63,5.52,57.98,127.39,-1.34
"3576","聯合再生",59.02,217.41,151.34,130.56,-4.56,6.38,57.21,1.42,257.04,0.56,0.21,-6.66,-17.57,-11.46,-37.10,-1.31,21.64,93.62,4.68
"3583","辛耘",78.87,397.44,118.29,45.44,72.42,13.14,27.77,0.64,570.31,6.12,0.46,4.44,20.71,158.94,9.57,11.54,10.16,52.31,19.51
"3588","通嘉",14.63,395.07,640.96,345.99,201.05,6.79,53.75,1.29,282.94,3.15,0.70,5.69,6.56,18.44,7.70,1.89,27.00,50.82,2.70
"3591","艾笛森",23.94,217.73,351.23,299.44,18.11,3.78,96.56,5.75,63.47,1.58,0.63,3.98,4.96,12.13,5.95,1.00,35.16,73.96,3.37
"3592","瑞鼎",40.78,3133.73,241.34,210.38,143.45,7.12,51.26,7.85,46.49,54.59,1.22,10.58,18.00,319.68,8.61,27.67,38.86,95.64,13.13
"3593","力銘",80.29,139.02,61.42,50.49,-5.05,2.77,131.76,10.80,33.79,2.18,0.60,-12.24,-53.97,-21.63,-23.19,-2.19,-5.13,-6.70,-3.28
"3596","智易",59.23,274.78,137.05,87.37,59.75,6.52,55.98,3.53,103.39,8.66,1.26,6.49,16.03,148.73,5.06,11.28,37.79,100.79,39.53
"3605","宏致",52.47,227.07,195.17,153.90,473.96,3.63,100.55,5.76,63.36,2.29,0.75,3.30,5.87,34.71,3.52,2.51,28.55,76.10,7.73
"3607","谷崧",46.44,365.02,185.93,156.82,2.18,2.88,126.73,7.42,49.19,5.36,0.92,1.15,1.16,1.82,0.68,0.17,11.05,86.95,1.28
"3617","碩天",39.34,576.75,201.69,143.85,59.40,4.97,73.44,1.68,217.26,7.18,0.79,16.45,27.39,313.15,18.48,24.75,45.36,141.87,21.73
"3622","洋華",9.48,861.53,1244.89,1171.36,25988.75,4.56,80.04,2.30,158.69,1.83,0.20,10.02,10.37,53.36,48.81,4.76,141.47,121.44,3.15
"3645","達邁",39.41,124.12,148.76,103.85,791.10,4.01,91.02,3.52,103.69,0.70,0.45,5.11,7.69,17.22,9.97,1.79,38.75,105.61,6.65
"3652","精聯",26.07,570.75,355.32,263.95,64.75,5.52,66.12,3.88,94.07,6.95,0.99,3.89,5.10,15.89,3.87,1.25,34.73,187.07,7.22
"3653","健策",20.60,310.03,277.60,188.09,313.00,4.25,85.88,3.22,113.35,2.95,0.83,19.97,25.30,297.05,23.92,24.15,84.52,96.54,7.40
"3661","世芯-KY",21.53,2231.34,432.77,336.14,870.50,10.97,33.27,4.09,89.24,35.40,1.26,15.59,22.43,968.17,12.40,81.34,31.47,68.98,3.12
"3665","貿聯-KY",40.55,300.62,200.46,129.11,862.47,5.65,64.60,3.06,119.28,4.03,0.94,9.03,14.44,333.33,8.12,25.41,41.14,90.41,12.97
"3669","圓展",23.98,329.14,228.57,191.17,20.22,9.02,40.46,3.16,115.50,2.23,0.58,4.54,5.53,27.11,7.26,2.04,39.40,127.52,6.12
"3673","TPK-KY",54.74,606.07,233.90,206.15,1.85,7.03,51.92,8.90,41.01,6.64,0.78,1.19,1.25,25.44,0.70,1.16,17.12,2.77,5.31
"3679","新至陞",44.20,417.17,240.63,223.05,25.21,3.28,111.28,7.81,46.73,2.84,0.48,10.43,18.43,198.04,20.40,13.85,46.20,135.88,6.98
"3686","達能",1.72,7057070.00,7014.38,6997.57,-240.00,5.32,68.60,"*****","*****",19809.53,0.11,-0.60,-0.60,-0.57,-5.28,-0.06,-122.10,6533.83,0.00
"3694","海華",45.81,325.28,184.92,147.64,43.58,4.91,74.33,5.64,64.71,11.09,1.57,7.21,13.13,28.26,4.51,2.75,49.18,294.15,17.42
"3701","大眾控",54.05,869.75,163.12,110.89,999.00,3.74,97.59,3.41,107.03,17.84,1.00,2.10,3.57,13.19,1.88,0.11,7.25,66.89,3.63
"3702","大聯大",79.22,787.96,127.77,72.33,2.16,5.90,61.86,6.47,56.41,55.72,2.44,3.78,8.68,54.99,0.82,4.07,-8.97,-12.58,-24.31
"3703","欣陸",65.97,419.14,125.88,45.53,182.76,11.09,32.91,0.91,401.09,3.07,0.37,1.53,2.21,12.30,2.18,1.43,0.00,12.74,-4.91
"3704","合勤控",50.15,556.57,199.25,136.54,9.45,3.60,101.38,4.56,80.04,12.01,1.17,2.96,5.28,17.47,2.28,1.41,-15.83,46.37,-13.18
"3705","永信",27.70,232.87,291.13,159.73,5792.59,4.68,77.99,1.52,240.13,1.92,0.63,10.21,14.19,60.95,15.81,4.39,53.57,113.82,3.62
"3706","神達",47.38,979.07,134.13,83.76,119.23,6.59,55.38,3.44,106.10,8.55,0.60,3.93,6.51,37.82,6.47,3.28,3.27,36.98,-0.13
"3708","上緯投控",35.86,248.89,195.19,170.03,13.01,2.29,159.38,6.88,53.05,1.97,0.54,2.77,4.09,45.45,4.72,2.71,3.76,65.71,-3.58
"3711","日月光投控",53.32,163.11,119.20,90.98,7.18,5.59,65.29,8.49,42.99,2.06,0.85,5.59,10.22,94.41,5.70,7.23,39.31,91.89,6.71
"3712","永崴投控",70.19,379.95,241.84,160.20,4.20,13.60,26.83,16.48,22.14,2.62,0.48,3.43,7.74,79.21,5.27,4.56,-15.48,3107.76,-8.57
"3714","富采",20.07,319.31,307.49,251.37,-12.48,2.74,133.21,4.71,77.49,1.39,0.39,-2.70,-3.66,-22.87,-7.25,-1.87,33.27,84.89,2.84
"3715","定穎投控",73.85,74.05,72.20,49.57,4.37,3.39,107.66,4.76,76.68,1.21,0.67,5.43,14.35,56.45,6.05,3.78,9.68,47.30,5.91
"3716","中化控股",40.88,229.42,172.63,87.26,7.00,4.28,85.28,2.02,180.69,2.18,0.70,2.89,4.25,25.89,3.58,2.49,21.97,94.97,4.62
"4104","佳醫",44.23,1518.27,147.44,128.55,44.30,4.37,83.52,5.11,71.42,10.88,0.44,5.16,8.72,71.87,11.37,4.72,29.81,82.82,13.23
"4106","雃博",22.76,356.56,281.48,204.91,12.40,5.30,68.86,2.58,141.47,3.34,0.75,3.95,4.84,14.65,4.83,1.14,36.51,144.31,4.34
"4108","懷特",2.92,1211.16,2401.63,2061.13,-32298.21,3.98,91.70,0.45,811.11,0.74,0.06,-4.52,-4.68,-5.46,-70.68,-0.37,-92.16,-32.22,-1.88
"4119","旭富",23.94,129.03,163.69,99.76,117.76,5.11,71.42,1.94,188.14,0.35,0.22,7.76,10.11,54.13,35.09,4.47,84.83,58.29,10.54
"4133","亞諾法",6.54,529.85,1494.57,770.14,62124.58,7.66,47.65,0.22,1659.09,1.39,0.26,4.48,4.75,12.09,17.34,1.02,78.58,428.18,0.52
"4137","麗豐-KY",37.66,412.50,298.38,270.64,747.58,999.53,0.36,1.57,232.48,2.90,0.45,6.13,8.84,90.32,11.62,5.81,27.95,103.96,-3.42
"4142","國光生",34.72,186.85,300.75,221.62,-3.04,1.35,270.37,1.26,289.68,0.41,0.17,-2.51,-4.53,-5.65,-15.78,-0.58,80.42,101.93,8.80
"4148","全宇生技-KY",14.72,331.25,555.87,391.91,42.55,4.52,80.75,2.72,134.19,3.47,0.67,3.63,5.39,39.47,5.23,2.01,11.32,69.17,-0.26
"4155","訊映",30.54,185.47,197.74,118.13,214.00,3.15,115.87,3.02,120.86,1.36,0.49,3.29,4.29,8.64,6.37,0.66,8.85,23.84,0.68
"4164","承業醫",53.06,187.47,136.47,90.88,267.91,2.49,146.58,2.25,162.22,0.62,0.26,2.08,2.72,13.36,5.07,1.01,2.84,64.94,-2.00
"4190","佐登-KY",76.04,139.25,57.73,45.65,-261.21,9.35,39.03,2.33,156.65,0.70,0.30,-3.03,-15.17,-44.40,-12.80,-4.87,14.06,119.42,6.42
"4306","炎洲",60.82,267.27,176.91,68.32,3.54,5.92,61.65,1.10,331.81,1.88,0.48,3.39,6.71,16.84,5.60,1.27,-9.38,12.05,-6.55
"4414","如興",67.58,205.49,93.65,53.19,145.56,6.03,60.53,4.51,80.93,6.52,1.18,2.66,2.32,1.40,0.66,0.08,2.28,219.62,2.41
"4426","利勤",48.00,135.00,140.00,107.00,-530.00,6.69,54.55,4.50,81.11,0.33,0.21,-5.00,-10.00,-13.00,-24.00,-1.36,5.00,62.00,0.30
"4438","廣越",40.95,320.82,191.63,116.25,4.96,11.40,32.01,3.87,94.31,4.76,1.00,3.75,4.77,65.95,2.91,3.89,-7.34,60.64,-7.77
"4439","冠星-KY",43.64,169.21,168.30,88.41,2.80,7.71,47.34,4.27,85.48,2.39,1.01,1.90,2.05,28.32,1.21,1.73,1.41,42.54,-2.65
"4440","宜新實業",40.25,120.74,165.08,120.79,8.93,6.45,56.58,5.12,71.28,0.73,0.49,5.83,8.43,19.28,10.57,1.76,34.52,79.98,3.46
"4526","東台",64.05,392.32,122.95,58.96,0.00,2.36,154.66,1.33,274.43,3.34,0.46,-6.49,-19.12,-38.94,-15.86,-3.56,3.77,170.36,2.17
"4532","瑞智",61.12,249.77,139.34,114.78,17.29,2.82,129.43,7.44,49.05,4.03,0.79,4.22,9.58,30.61,4.99,2.02,24.45,190.53,16.38
"4536","拓凱",40.59,218.88,222.13,191.12,36.14,5.17,70.59,3.78,96.56,1.92,0.63,11.80,18.97,267.24,18.07,18.86,40.58,105.86,9.88
"4540","全球傳動",53.82,210.14,216.02,130.81,-7.07,2.44,149.59,1.11,328.82,0.84,0.30,-5.79,-14.88,-51.66,-21.21,-4.97,40.16,33.02,17.93
"4545","銘鈺",38.32,212.01,213.76,156.15,17.47,5.21,70.05,4.03,90.57,2.15,0.76,6.13,9.44,31.87,7.63,2.37,10.53,85.01,2.86
"4551","智伸科",36.41,240.70,214.55,166.71,26.74,3.43,106.41,3.25,112.30,1.73,0.57,7.45,11.39,107.07,12.42,8.29,36.13,126.25,8.86
"4552","力達-KY",20.01,189.52,406.28,368.92,13.72,3.25,112.30,9.94,36.72,1.12,48.12,1.83,2.27,17.52,3.79,1.19,80.07,82.89,2.10
"4555","氣立",33.73,161.47,184.87,106.27,-0.26,4.03,90.57,1.25,292.00,0.73,0.34,-0.61,-1.75,-5.36,-3.40,-0.86,19.83,90.30,4.33
"4557","永新-KY",50.85,234.79,157.30,129.67,14.92,2.42,150.82,4.05,90.12,3.63,0.85,10.55,19.10,137.85,11.61,10.16,0.52,62.58,-6.83
"4560","強信-KY",20.62,340.36,327.45,220.01,17.38,3.25,112.30,2.23,163.67,2.94,0.70,6.37,7.71,24.40,8.63,2.04,43.65,107.07,7.12
"4562","穎漢",54.22,170.73,150.45,58.65,-1.17,3.13,116.61,0.65,561.53,0.95,0.34,-1.25,-4.34,-5.30,-5.86,-0.45,8.85,225.82,4.36
"4564","元翎",44.80,151.74,246.51,194.37,-5.05,2.15,169.76,3.01,121.26,0.26,0.16,-4.15,-8.54,-17.91,-30.85,-1.74,-4.93,116.39,-0.34
"4566","時碩工業",50.79,192.77,196.25,145.48,474.08,3.11,117.36,2.96,123.31,1.37,0.51,2.76,4.66,26.74,4.36,2.56,20.69,55.74,5.38
"4569","六方科-KY",14.67,189.82,468.43,375.43,7219.29,4.00,91.25,3.30,110.60,1.12,0.48,8.05,9.07,79.17,16.88,7.91,96.84,115.44,4.08
"4571","鈞興-KY",24.98,306.82,313.60,238.37,119.16,3.89,93.83,3.28,111.28,3.14,0.83,13.02,17.25,109.85,15.57,9.21,61.18,113.00,9.87
"4572","駐龍",32.77,463.34,833.02,598.47,46.23,3.24,112.65,0.83,439.75,1.79,0.31,10.61,14.28,91.12,32.61,7.29,85.03,95.14,0.88
"4576","大銀微系統",37.31,143.72,206.56,124.53,8.18,5.03,72.56,1.21,301.65,0.62,0.35,1.62,2.22,9.57,4.04,0.51,45.31,112.57,7.21
"4581","光隆精密-KY",36.39,294.34,239.89,175.72,33.58,6.09,59.93,2.36,154.66,2.31,0.61,9.87,15.39,63.58,15.71,5.02,48.02,104.05,5.15
"4583","台灣精銳",8.95,323.23,1508.90,1132.88,231.52,13.54,26.95,0.72,506.94,0.87,0.27,10.32,11.31,176.08,38.32,14.15,293.89,139.09,3.72
"4588","玖鼎電力",53.31,185.26,224.97,133.73,12.60,7.34,49.72,6.37,57.29,1.34,0.55,10.15,23.18,52.38,16.78,4.19,75.97,23.71,12.64
"4720","德淵",43.89,195.05,164.21,112.64,1446.83,5.26,69.39,5.24,69.65,3.81,1.19,5.74,10.67,17.81,4.50,1.50,12.16,98.20,3.09
"4722","國精化",43.08,293.08,233.26,121.35,24.30,4.30,84.88,3.35,108.95,2.69,0.81,4.70,7.58,28.99,5.56,2.25,1.77,46.33,-2.10
"4736","泰博",22.20,318.53,307.22,253.80,94.76,3.97,91.93,1.38,264.49,1.55,0.38,10.07,12.81,153.69,25.92,12.15,-7.57,88.11,-9.06
"4737","華廣",67.32,134.05,76.77,48.87,-1.98,3.17,115.14,1.94,188.14,0.76,0.34,-1.37,-6.49,-30.42,-6.51,-2.09,0.84,45.13,-2.06
"4739","康普",33.55,167.79,206.93,166.32,6.84,9.03,40.42,3.44,106.10,0.88,0.41,2.68,3.49,24.59,5.50,1.44,33.65,65.70,6.65
"4746","台耀",37.77,189.26,249.09,168.28,6.00,4.37,83.52,1.26,289.68,0.78,0.34,0.56,0.76,16.48,1.35,1.31,30.83,71.61,4.38
"4755","三福化",38.34,140.93,111.28,79.40,16.24,4.23,86.28,6.24,58.49,1.56,0.70,5.78,9.09,56.34,7.69,4.10,23.53,71.05,3.26
"4763","材料-KY",21.84,523.43,366.82,337.52,3344248.00,24.57,14.85,9.20,39.67,6.49,0.95,50.86,62.77,1014.28,53.37,84.36,169.96,252.89,42.09
"4764","雙鍵",54.88,147.74,129.03,105.64,0.21,4.98,73.29,4.53,80.57,1.35,0.57,-0.10,-1.71,-3.75,-1.38,-0.44,0.18,36.05,0.11
"4766","南寶",41.55,336.05,221.28,181.09,31.46,4.39,83.14,5.60,65.17,3.95,0.90,11.28,18.28,311.59,12.13,22.26,36.67,99.37,4.47
"4770","上品",21.98,511.09,449.72,354.27,344.34,2.56,142.57,1.85,197.29,3.77,0.60,16.82,21.95,266.88,26.83,21.68,75.88,85.13,5.32
"4771","望隼",35.19,171.23,299.96,257.02,44.59,4.76,76.68,6.68,54.64,1.13,0.58,14.34,24.77,158.88,24.28,11.81,141.11,71.81,15.55
"4807","日成-KY",47.39,236.13,169.48,93.38,-4.19,4.81,75.88,3.48,104.88,4.87,1.24,-3.22,-6.78,-19.00,-3.22,-1.56,-55.94,24.56,-23.93
"4904","遠傳",50.46,344.37,95.81,78.21,17.47,7.70,47.40,8.83,41.33,2.28,0.55,7.17,14.11,43.00,12.37,3.56,95.46,100.35,8.61
"4906","正文",39.53,383.72,173.83,141.01,1014.70,3.93,92.87,7.68,47.52,7.39,1.10,3.31,4.83,21.05,2.47,1.56,27.80,66.26,9.63
"4912","聯德控股-KY",53.58,269.29,197.37,160.38,8.26,3.54,103.10,4.52,80.75,3.28,0.69,6.23,11.56,85.86,7.40,6.46,21.84,114.43,8.07
"4915","致伸",60.43,297.38,138.98,99.83,23.90,5.17,70.59,5.50,66.36,7.36,1.20,5.89,14.01,73.15,4.68,5.61,21.55,111.37,11.93
"4916","事欣科",39.30,2020.78,248.06,142.72,2.82,5.36,68.09,2.73,133.69,26.92,1.00,0.97,0.07,4.68,0.04,0.02,51.83,80.66,17.60
"4919","新唐",48.30,321.10,168.76,93.43,960.70,8.16,44.73,2.45,148.97,5.33,1.02,0.82,1.35,9.52,0.68,0.52,16.16,76.43,0.53
"4927","泰鼎-KY",65.09,65.39,56.23,37.12,-4.53,3.81,95.80,4.76,76.68,1.03,0.66,-8.18,-26.19,-82.04,-14.42,-9.21,-4.14,56.45,-2.60
"4930","燦星網",47.65,1146.99,227.96,198.83,6.40,8.75,41.71,7.73,47.21,9.93,0.66,4.21,6.75,68.05,5.40,2.67,83.95,235.91,17.31
"4934","太極",33.06,252.17,176.01,158.25,-61.70,21.64,16.86,4.91,74.33,0.50,0.13,-22.28,-31.62,-27.99,-171.31,-2.07,-36.96,0.64,-4.47
"4935","茂林-KY",19.45,354.84,426.61,385.87,42.55,4.50,81.11,9.88,36.94,2.63,0.67,5.22,6.36,40.34,7.61,4.10,56.18,121.21,5.49
"4938","和碩",64.17,343.11,133.35,106.34,21.01,5.35,68.22,9.85,37.05,14.24,1.66,3.28,8.26,102.22,1.70,6.34,14.49,80.87,11.69
"4942","嘉彰",22.79,280.85,344.33,320.99,359.95,2.33,156.65,11.97,30.49,1.61,0.48,5.30,6.71,52.69,10.45,4.17,30.66,127.63,2.31
"4943","康控-KY",83.71,75.41,67.69,41.14,-382.59,2.58,141.47,4.25,85.88,1.05,0.58,-4.08,-58.72,-19.06,-9.85,-1.24,"NA","NA","NA"
"4949","有成精密",21.67,3538.03,456.64,289.66,-1912.81,9.41,38.78,1.90,192.10,38.25,1.12,-4.00,-5.71,-16.52,-3.75,-1.40,95.98,72.19,13.75
"4952","凌通",23.10,562.65,398.82,276.82,18.66,6.79,53.75,2.57,142.02,5.65,0.86,9.05,11.33,23.35,10.03,2.27,53.87,85.62,4.74
"4956","光鋐",38.81,182.25,253.14,149.99,-0.53,1.81,201.65,2.77,131.76,1.01,0.47,-0.30,-1.24,-2.47,-1.64,-0.21,-13.13,24.36,-1.70
"4958","臻鼎-KY",42.85,178.62,191.47,160.10,7.45,5.76,63.36,7.78,46.91,1.59,0.67,5.95,9.15,157.27,7.63,9.67,43.91,89.10,9.49
"4960","誠美材",38.23,251.16,231.18,155.70,-70.32,3.75,97.33,2.72,134.19,2.22,0.62,-1.09,-2.95,-4.15,-2.99,-0.47,-6.60,19.92,-1.25
"4961","天鈺",15.95,1760.74,543.58,472.21,35093.54,6.74,54.15,5.73,63.69,18.38,0.75,9.69,14.14,232.23,12.98,16.08,35.32,143.27,-0.31
"4967","十銓",59.99,1222.53,162.53,62.82,22.50,9.66,37.78,3.86,94.55,59.09,2.14,5.65,16.97,78.70,2.64,6.80,15.78,33.39,18.77
"4968","立積",23.99,1677.29,410.28,315.94,36.69,3.23,113.00,4.40,82.95,20.62,1.12,4.92,6.58,21.40,4.26,1.73,25.59,48.26,6.07
"4976","佳凌",16.45,285.27,529.27,401.64,-7.29,5.56,65.64,2.47,147.77,1.17,0.37,-2.42,-3.14,-3.54,-6.97,-0.57,33.47,14.45,2.20
"4977","眾達-KY",23.56,1508.05,256.01,241.03,31.29,9.85,37.05,4.25,85.88,3.71,0.21,5.27,6.71,35.65,23.87,3.28,3.55,116.47,-2.95
"4989","榮科",19.89,556.38,475.52,312.34,-95.57,4.16,87.74,5.50,66.36,7.68,1.14,-11.60,-14.73,-22.40,-10.19,-2.22,-52.10,60.03,-3.52
"4994","傳奇",24.63,65813.21,370.16,369.19,35715.39,9.41,38.78,"NA","NA",776.53,0.96,19.39,26.51,55.42,20.04,4.78,25.51,39.84,8.49
"4999","鑫禾",16.08,327.76,530.96,462.90,16.78,2.75,132.72,5.54,65.88,1.92,0.49,1.89,2.10,11.95,3.65,0.97,24.10,96.77,1.11
"5007","三星",15.33,265.19,551.87,361.09,1826.67,4.90,74.48,2.59,140.92,2.31,0.77,12.06,14.36,45.43,15.59,3.58,79.86,95.52,-0.50
"5203","訊連",22.56,1105.87,258.68,255.17,145437.45,14.45,25.25,86.99,4.19,4.84,0.34,5.32,6.86,47.67,15.21,3.98,37.10,141.16,6.93
"5215","科嘉-KY",21.43,416.22,372.76,318.69,9699.32,2.54,143.70,5.33,68.48,2.80,0.59,5.57,6.97,55.00,9.28,3.74,32.96,102.68,3.70
"5222","全訊",16.38,605.49,372.15,283.71,12115.11,5.12,71.28,1.65,221.21,2.92,0.46,14.19,16.76,59.63,30.44,4.84,161.80,113.92,9.02
"5225","東科-KY",50.52,451.34,170.23,132.97,115.48,6.94,52.59,9.24,39.50,15.14,1.86,14.37,29.48,138.48,7.68,12.68,27.01,69.01,10.85
"5234","達興材料",33.64,248.89,257.47,224.60,88.62,3.63,100.55,7.24,50.41,2.72,0.85,12.02,17.77,64.11,13.85,5.56,68.36,109.50,7.70
"5243","乙盛-KY",40.97,165.67,165.60,124.00,8.91,6.31,57.84,6.89,52.97,2.86,1.05,5.19,7.54,46.21,4.33,3.36,18.34,71.73,4.48
"5244","弘凱",28.17,447.82,627.92,590.50,5268.74,2.41,151.45,8.56,42.64,1.71,0.38,7.53,9.54,30.20,19.40,2.46,77.38,108.42,4.78
"5258","虹堡",46.24,1124.13,201.05,130.69,3324.00,3.30,110.60,2.30,158.69,18.09,1.02,9.67,17.26,90.50,9.16,6.35,-0.32,73.13,-2.97
"5269","祥碩",7.38,7161.59,631.36,611.06,3028.56,8.15,44.78,7.01,52.06,15.58,0.28,12.94,14.09,568.51,46.19,51.57,136.51,122.26,6.87
"5283","禾聯碩",34.78,325.52,194.04,110.54,26.97,6.08,60.03,3.04,120.06,4.35,0.98,7.40,10.92,60.42,7.29,6.40,39.35,98.52,3.10
"5284","jpp-KY",54.65,137.77,108.29,85.18,9.09,1.66,219.87,3.01,121.26,1.19,0.46,1.89,2.14,20.96,2.25,1.02,9.80,45.67,0.97
"5285","界霖",43.22,293.23,244.01,157.76,10.05,5.03,72.56,3.36,108.63,3.80,0.96,5.47,8.76,31.74,5.11,2.52,31.37,95.51,5.23
"5288","豐祥-KY",19.67,302.76,233.27,176.85,145.29,6.38,57.21,6.47,56.41,3.62,1.01,15.95,20.47,203.92,15.64,17.01,110.02,109.63,15.74
"5292","華懋",50.03,454.23,177.84,161.08,0.00,6.24,58.49,2.86,127.62,5.94,0.73,12.31,24.04,126.92,16.79,9.78,37.52,182.33,25.27
"5306","桂盟",37.12,290.24,202.74,158.64,2322.44,5.71,63.92,2.45,148.97,1.44,0.39,7.58,11.48,94.92,18.48,7.27,42.59,130.99,9.77
"5388","中磊",61.14,338.69,150.99,95.39,1236.00,4.88,74.79,3.21,113.70,10.11,1.27,5.51,15.40,94.09,4.00,7.74,12.34,28.05,5.35
"5434","崇越",51.69,238.08,144.39,110.48,42.60,6.42,56.85,9.39,38.87,7.33,1.42,10.90,21.98,247.56,7.52,19.29,34.94,83.53,14.34
"5469","瀚宇博",46.96,410.15,142.95,118.41,16.26,3.45,105.79,4.25,85.88,3.34,0.49,5.90,9.93,152.39,10.96,5.91,22.16,225.50,7.31
"5471","松翰",12.90,553.89,721.27,553.82,0.00,8.75,41.71,2.15,169.76,4.09,0.67,4.39,5.05,11.92,6.52,1.07,101.71,95.03,4.44
"5484","慧友",38.42,3147.15,144.73,108.00,-8.89,6.93,52.66,2.93,124.57,33.64,0.52,-6.28,-10.65,-7.65,-12.99,-0.90,-8.56,-180.70,-10.35
"5515","建國",45.60,4033.69,252.18,242.01,252.23,11.77,31.01,"NA","NA",51.62,0.71,7.97,13.93,40.23,11.14,2.91,15.31,250.73,4.66
"5519","隆大",58.27,21502.13,494.55,85.35,867.52,42.52,8.58,0.47,776.59,112.32,0.46,7.14,15.27,50.23,13.68,3.90,3.96,0.27,-3.55
"5521","工信",55.49,1081.67,170.61,163.96,1.78,20.14,18.12,16.83,21.68,13.70,0.68,0.30,0.18,0.42,0.14,0.02,43.16,1134.21,48.46
"5522","遠雄",55.13,44617.00,166.90,10.14,446.97,66.80,5.46,0.21,1738.09,201.99,0.22,3.44,7.34,56.58,15.05,4.32,-6.06,26.59,-13.03
"5525","順天",68.79,2343.72,135.39,3.19,2183.65,24.81,14.71,0.26,1403.84,15.58,0.27,3.66,11.27,24.12,13.14,2.06,6.68,46.36,8.93
"5531","鄉林",75.55,227.88,102.69,16.28,0.51,22.33,16.34,0.16,2281.25,0.42,0.10,0.88,-3.63,-4.70,-9.30,-0.12,7.56,9.27,7.84
"5533","皇鼎",18.67,234.49,599.63,291.74,66.49,95.99,3.80,0.41,890.24,0.48,0.18,3.60,4.38,17.83,18.91,1.48,78.09,305.60,5.45
"5534","長虹",54.33,25913.57,182.80,18.98,8.71,20.59,17.72,0.19,1921.05,150.76,0.26,6.09,13.39,116.71,22.98,7.85,6.12,-11.41,-0.24
"5538","東明-KY",48.77,295.94,211.53,106.47,5.15,4.91,74.33,2.30,158.69,4.22,0.96,7.26,8.45,34.60,4.62,2.86,15.86,34.43,4.98
"5546","永固-KY",58.86,561.82,117.26,111.44,0.20,1.45,251.72,56.66,6.44,5.51,0.48,0.56,-0.63,-5.62,-0.52,0.17,9.58,19.66,2.08
"5607","遠雄港",61.07,771.62,41.38,40.60,3.49,12.26,29.77,"NA","NA",1.15,0.13,3.79,7.03,22.79,20.72,1.97,44.67,44.51,31.98
"5608","四維航",50.73,111.33,120.54,111.25,0.16,103.16,3.53,21.77,16.76,0.21,0.17,0.03,-4.05,-11.04,-11.59,-0.69,31.05,214.95,2.73
"5706","鳳凰",46.51,167.68,149.89,133.51,35.71,36.67,9.95,"NA","NA",2.85,0.95,9.58,18.58,46.14,9.81,3.75,25.48,66.03,11.06
"5871","中租-KY",81.26,395.97,113.18,111.88,2.55,"NA","NA",9.00,40.55,1.06,0.11,4.59,13.49,176.44,22.91,13.31,3.38,62.09,3.77
"5876","上海商銀",89.31,"NA","NA","NA","NA","NA","NA","NA","NA",2.18,0.02,0.59,5.66,34.82,28.09,2.78,"NA","NA","NA"
"5880","合庫金",94.97,"NA","NA","NA","NA","NA","NA","NA","NA","NA","NA",0.40,7.84,16.41,30.09,1.26,"NA","NA","NA"
"5906","台南-KY",59.47,971.26,104.04,43.08,5.64,7.62,47.90,1.56,233.97,15.27,0.94,3.77,8.59,22.40,3.24,1.67,9.49,125.37,7.76
"5907","大洋-KY",80.23,333.98,30.58,24.27,0.32,18.17,20.08,2.98,122.48,0.61,0.13,-0.06,-10.38,-22.89,-15.82,-2.62,8.38,178.36,2.63
"6005","群益證",83.34,2026.19,108.27,108.24,"NA","NA","NA","NA","NA","NA","NA",2.15,11.84,26.64,33.42,2.25,"NA",126.33,"NA"
"6024","群益期",86.91,6069.44,111.60,111.58,"NA","NA","NA","NA","NA","NA","NA",2.25,15.97,69.46,49.35,5.66,0.00,100.73,0.00
"6108","競國",48.43,362.72,184.46,170.72,2.78,3.37,108.30,9.91,36.83,3.32,0.63,2.87,4.06,9.81,2.90,0.93,16.78,109.43,5.12
"6112","邁達特",54.67,635.55,130.29,62.83,0.60,6.03,60.53,3.43,106.41,19.47,1.44,0.60,-0.26,-2.38,-0.07,0.60,8.17,54.34,1.66
"6115","鎰勝",37.22,769.94,240.76,215.05,29.06,3.63,100.55,11.13,32.79,7.83,0.87,8.16,12.64,49.73,9.07,3.63,10.75,93.87,-3.62
"6116","彩晶",25.67,217.87,152.62,125.74,-2210.84,5.68,64.26,9.07,40.24,0.52,0.20,-10.54,-14.02,-17.35,-53.38,-1.86,-46.79,40.96,-2.70
"6117","迎廣",54.75,167.00,178.20,126.69,10.65,5.25,69.52,3.50,104.28,1.62,0.74,10.26,23.90,40.81,12.78,4.12,53.98,75.07,13.18
"6120","達運",46.57,255.04,191.23,169.44,12.98,5.68,64.26,15.29,23.87,4.29,1.15,1.21,1.99,7.18,0.90,0.28,33.74,57.08,9.50
"6128","上福",49.48,236.67,110.82,68.24,6.91,6.40,57.03,2.61,139.84,2.73,0.65,4.92,8.61,28.04,6.66,2.88,15.57,93.83,5.07
"6133","金橋",40.15,533.28,113.84,93.86,750.87,4.38,83.33,3.68,99.18,3.69,0.59,4.31,6.50,7.22,6.36,0.65,-1.27,7.44,-0.51
"6136","富爾特",3.62,3956.42,1040.29,896.40,21498.75,6.11,59.73,4.49,81.29,5.13,0.13,2.74,2.82,9.22,21.10,0.90,190.97,73.62,-0.32
"6139","亞翔",66.04,2711.15,144.33,96.43,13261.12,7.35,49.65,5.80,62.93,80.75,1.13,9.86,31.15,312.02,8.63,18.73,32.69,3.28,54.39
"6141","柏承",80.47,50.53,41.56,36.27,-7.28,2.40,152.08,6.93,52.66,0.52,0.35,-13.61,-66.75,-86.05,-43.79,-8.05,-11.93,36.65,8.59
"6142","友勁",26.56,267.92,344.82,254.88,-11.33,3.48,104.88,2.00,182.50,0.91,0.28,-3.67,-5.32,-4.97,-13.89,-0.50,-20.77,-85.56,-3.67
"6152","百一",46.45,421.55,183.71,123.81,-3.13,5.30,68.86,2.71,134.68,6.27,0.81,-1.17,-2.68,-2.37,-1.78,-0.23,3.06,161.28,1.40
"6153","嘉聯益",42.36,151.75,151.45,129.09,-21.31,3.73,97.85,10.45,34.92,0.69,0.38,-12.96,-23.14,-42.67,-35.74,-4.41,0.04,76.93,0.01
"6155","鈞寶",28.81,460.15,213.17,187.70,1474.00,3.27,111.62,1.93,189.11,1.63,0.25,4.03,5.29,11.57,14.88,0.97,24.39,95.23,4.48
"6164","華興",33.80,220.69,201.90,172.35,20.04,4.10,89.02,4.50,81.11,2.26,0.71,3.05,4.24,9.45,5.31,0.47,48.24,282.44,14.48
"6165","浪凡",38.71,241.21,217.39,206.16,13.80,15.94,22.89,2296.07,0.15,3.84,1.29,3.82,6.74,8.47,2.81,1.04,42.07,81.21,13.41
"6166","凌華",57.25,191.69,160.20,100.85,1.25,4.26,85.68,2.19,166.66,2.40,0.77,0.74,0.25,1.19,0.13,0.23,25.87,28.24,10.63
"6168","宏齊",22.46,459.59,312.68,259.98,-4.92,4.48,81.47,4.33,84.29,2.84,0.49,-0.44,-0.63,-0.89,-1.03,0.03,12.65,124.04,-0.08
"6176","瑞儀",41.30,1343.69,255.59,220.59,7324.60,4.45,82.02,15.24,23.95,19.22,0.82,11.76,20.15,219.52,14.07,15.63,28.02,138.07,3.14
"6177","達麗",74.06,910.40,138.73,10.93,700.37,42.12,8.66,0.30,1216.66,7.38,0.33,5.95,22.01,66.78,17.50,5.01,-13.64,-18.27,-30.52
"6183","關貿",39.01,411.25,194.11,188.52,200.62,4.21,86.69,0.03,12166.66,3.57,0.63,12.65,19.24,41.61,19.97,3.40,54.03,153.58,10.79
"6184","大豐電",36.37,292.79,189.90,175.81,27.81,18.81,19.40,11.19,32.61,1.03,0.30,7.84,11.66,41.86,25.10,3.59,92.84,119.30,11.21
"6189","豐藝",59.13,2059.98,166.28,121.13,8.84,6.51,56.06,7.79,46.85,102.03,2.25,10.17,24.12,87.81,4.04,6.46,15.92,57.69,9.08
"6191","精成科",44.13,358.44,167.96,141.25,27.95,3.02,120.86,4.76,76.68,3.24,0.55,7.56,13.02,89.25,13.07,6.01,37.41,168.69,9.89
"6192","巨路",38.08,480.57,241.98,159.02,3088.95,4.65,78.49,1.63,223.92,5.31,0.70,9.02,14.87,135.52,12.86,10.48,22.57,99.59,5.34
"6196","帆宣",74.23,496.51,128.44,97.35,6.65,6.95,52.51,2.60,140.38,20.71,1.30,4.57,15.11,131.01,2.90,8.94,36.95,77.59,57.64
"6197","佳必琪",40.31,599.27,274.82,238.67,36.67,4.39,83.14,6.82,53.51,9.59,1.03,17.92,27.94,115.55,16.85,8.69,76.28,152.78,20.76
"6201","亞弘電",22.86,441.88,384.33,281.73,228.00,5.25,69.52,3.30,110.60,5.56,0.89,11.32,14.87,59.10,12.59,4.68,66.64,101.11,3.65
"6202","盛群",35.00,777.00,285.00,209.00,-8.00,6.73,54.23,1.10,331.81,5.06,0.42,-2.21,-3.82,-8.43,-5.92,-0.66,19.65,73.22,4.00
"6205","詮欣",30.92,466.48,504.68,463.06,16.61,3.94,92.63,4.62,79.00,2.16,0.37,6.17,8.43,33.01,15.49,2.65,61.10,85.09,3.40
"6206","飛捷",16.02,507.68,499.11,432.63,1380.74,4.67,78.15,4.64,78.66,4.52,0.75,16.33,19.49,83.91,20.82,6.93,73.21,81.81,2.01
"6209","今國光",25.61,237.50,227.01,162.52,-12.85,3.43,106.41,3.54,103.10,1.87,0.61,-3.11,-4.38,-5.76,-5.37,-0.75,35.40,95.93,4.20
"6213","聯茂",40.75,237.20,195.51,161.45,8.59,2.42,150.82,6.74,54.15,2.55,0.86,2.82,4.10,36.29,2.80,2.26,8.13,56.71,1.19
"6214","精誠",47.23,947.90,196.77,145.38,27.15,6.66,54.80,5.96,61.24,17.23,1.19,6.45,12.28,88.02,5.22,7.66,0.00,75.03,-19.06
"6215","和椿",30.95,658.55,260.63,193.06,119.80,3.75,97.33,2.79,130.82,7.08,0.82,8.74,11.51,25.38,10.51,2.11,5.09,136.37,-3.31
"6216","居易",10.50,929.05,888.48,810.91,"*****",9.07,40.24,3.01,121.26,5.85,0.59,13.64,15.14,33.99,23.04,2.88,178.35,89.46,10.98
"6224","聚鼎",44.65,211.23,206.99,155.78,7.72,4.10,89.02,2.42,150.82,2.07,0.67,4.80,7.74,22.81,4.21,2.23,24.11,56.37,4.30
"6225","天瀚",31.46,"NA",292.38,253.85,-33.16,3.71,98.38,9.73,37.51,6383.88,0.46,-1.56,-2.05,-0.68,-3.48,-0.07,"NA","NA","NA"
"6226","光鼎",47.05,264.04,202.73,103.61,-1.79,3.23,113.00,0.82,445.12,0.99,0.28,-1.78,-4.45,-3.75,-8.33,-0.44,4.29,-404.35,1.22
"6230","尼得科超眾",41.73,274.93,225.32,169.37,7.32,3.31,110.27,3.84,95.05,3.22,0.78,1.43,2.17,25.23,1.56,1.48,22.10,103.33,7.37
"6235","華孚",50.46,134.81,122.71,79.67,14.28,3.40,107.35,3.67,99.45,1.42,0.65,7.14,13.62,37.81,10.18,3.06,28.88,42.42,8.17
"6239","力成",34.34,160.52,255.97,224.41,43.49,4.50,81.11,9.78,37.32,1.29,0.67,7.90,12.07,140.65,9.26,9.09,117.49,111.87,8.77
"6243","迅杰",33.32,2152.76,938.57,804.53,11.00,3.14,116.24,1.56,233.97,17.33,0.59,4.48,5.99,11.24,6.91,1.12,213.82,84.85,17.56
"6257","矽格",41.85,209.36,263.46,247.79,17.12,4.42,82.57,28.42,12.84,1.16,0.47,8.73,14.80,80.75,17.40,5.89,97.64,105.45,10.01
"6269","台郡",33.70,204.32,266.06,218.44,-22.01,6.15,59.34,7.21,50.62,1.61,0.67,-1.97,-3.10,-37.13,-3.09,-2.56,31.86,83.36,1.51
"6271","同欣電",25.37,257.33,228.91,191.98,18.58,5.80,62.93,5.27,69.25,1.02,0.35,5.29,6.84,91.96,14.21,8.20,11.71,69.43,0.19
"6277","宏正",32.00,190.00,204.00,126.00,20.00,6.92,52.74,1.55,235.48,1.81,0.70,7.45,10.36,54.70,10.05,4.14,49.00,98.00,5.90
"6278","台表科",56.62,230.78,153.99,134.86,21.44,2.89,126.29,9.99,36.53,3.90,0.90,6.06,13.72,123.61,6.43,9.94,12.72,118.55,4.58
"6281","全國電",69.06,1318.62,139.99,74.42,16.13,130.48,2.79,6.22,58.68,44.22,2.14,5.16,15.56,55.72,2.26,4.51,50.50,207.67,21.20
"6282","康舒",55.03,389.19,147.88,108.48,1.62,3.59,101.67,3.34,109.28,3.63,0.63,0.38,-0.07,1.90,-0.05,-0.04,11.12,25.48,3.77
"6283","淳安",34.08,679.12,224.11,182.68,34.25,2.21,165.15,4.82,75.72,4.38,0.57,4.67,6.76,10.86,7.90,0.77,-3.41,-106.56,-1.26
"6285","啟碁",57.56,287.48,147.65,100.02,7.43,4.75,76.84,5.11,71.42,9.46,1.52,5.51,11.05,87.62,3.13,7.26,25.94,56.81,15.91
"6288","聯嘉",55.35,187.69,151.97,73.34,252.77,5.17,70.59,2.32,157.32,2.47,0.81,1.95,2.77,4.36,1.54,0.42,-14.09,-24.19,-8.77
"6405","悅城",1.01,283.04,3550.17,3534.43,-227.41,3.07,118.89,34.79,10.49,0.15,0.05,-1.97,-2.02,-5.69,-37.54,-0.75,158.55,223.91,1.30
"6409","旭隼",42.68,243.62,187.49,152.04,79.13,7.07,51.62,8.71,41.90,5.18,1.42,26.54,45.98,580.26,18.43,48.13,66.46,107.39,9.62
"6412","群電",54.67,239.85,140.85,103.41,63.15,3.50,104.28,4.94,73.88,5.91,1.16,10.57,22.78,103.51,8.99,8.34,12.79,89.05,-0.30
"6414","樺漢",63.09,702.19,145.97,100.47,5.60,6.46,56.50,4.29,85.08,15.69,1.07,5.45,11.80,554.99,4.19,20.03,21.23,65.45,21.59
"6415","矽力*-KY",11.86,874.08,785.83,675.60,157.94,8.69,42.00,2.25,162.22,5.60,0.49,5.70,6.91,266.67,11.51,5.95,74.13,118.69,4.62
"6416","瑞祺電通",35.12,569.72,313.79,130.78,35.33,5.23,69.78,1.66,219.87,5.48,0.77,6.14,9.11,56.93,7.78,4.50,4.31,55.01,-4.17
"6423","億而得-創",14.14,1477.03,829.37,823.94,51.76,13.40,27.23,"NA","NA",9.50,0.45,5.63,6.42,11.76,12.36,0.98,111.05,190.00,7.75
"6426","統新",9.98,411.25,812.18,711.78,-20859.88,3.18,114.77,3.16,115.50,1.12,0.28,-11.89,-13.31,-36.35,-41.81,-3.58,62.28,78.93,1.67
"6438","迅得",43.54,242.51,211.58,158.71,36.96,4.04,90.34,2.74,133.21,2.27,0.62,6.93,12.47,91.37,10.90,7.63,40.39,54.20,12.73
"6442","光聖",47.41,438.32,231.45,174.45,97.41,8.33,43.81,2.52,144.84,7.71,1.24,20.61,36.81,187.14,16.50,14.30,72.01,110.29,23.89
"6443","元晶",33.80,159.18,247.07,156.47,-9.75,3.25,112.30,3.44,106.10,0.76,0.40,-4.96,-8.29,-11.67,-13.30,-1.17,54.33,47.78,4.07
"6446","藥華藥",11.57,1133.82,993.95,932.17,135.94,4.95,73.73,0.79,462.02,4.65,0.33,10.23,11.54,87.62,30.46,8.96,99.60,-99.35,8.81
"6449","鈺邦",41.11,279.95,155.55,126.04,22.80,2.41,151.45,3.46,105.49,2.45,0.59,9.08,14.72,76.78,14.64,6.08,25.37,95.76,7.63
"6451","訊芯-KY",53.63,209.68,173.86,160.98,95.32,6.18,59.06,9.37,38.95,1.11,0.32,1.14,0.51,-0.77,0.75,0.40,6.52,71.83,0.88
"6456","GIS-KY",57.84,297.81,181.49,158.92,163.76,4.01,91.02,11.01,33.15,4.82,1.05,0.46,0.39,11.40,0.17,0.46,12.03,91.05,5.68
"6464","台數科",54.15,828.15,78.86,64.87,5.85,14.16,25.77,36.38,10.03,2.31,0.23,5.94,10.93,90.53,21.01,6.97,51.61,171.10,18.33
"6472","保瑞",67.08,236.67,170.66,126.53,11.33,2.70,135.18,3.01,121.26,1.92,0.54,12.22,35.89,479.61,20.47,38.69,7.10,38.83,0.00
"6477","安集",58.51,160.22,75.43,57.80,-1.01,7.33,49.79,1.72,212.20,0.24,0.11,-0.90,-3.89,-12.33,-14.78,-0.67,11.21,30.78,1.66
"6491","晶碩",23.97,149.56,212.09,183.77,37.91,8.32,43.87,4.77,76.51,1.08,0.48,13.38,17.62,273.44,27.19,23.47,150.56,95.77,20.94
"6504","南六",64.47,130.38,114.50,84.59,356.00,4.24,86.08,7.10,51.40,1.39,0.65,1.36,2.82,34.34,1.50,1.39,13.65,88.16,4.53
"6505","台塑化",18.58,371.59,451.34,234.20,13.51,13.32,27.40,8.48,43.04,7.58,1.69,1.58,1.81,6.89,0.88,0.63,20.03,63.21,-1.38
"6515","穎崴",26.91,255.61,278.39,235.71,99.76,4.29,85.08,4.89,74.64,2.66,0.93,19.23,26.27,400.46,20.45,34.31,57.88,85.56,10.26
"6525","捷敏-KY",31.70,204.09,238.37,227.36,937.42,5.65,64.60,20.43,17.86,1.74,0.73,10.41,15.31,65.16,14.22,5.15,82.91,90.91,8.59
"6526","達發",22.68,599.08,319.28,272.75,61416.39,9.01,40.51,4.70,77.65,5.98,0.81,11.09,13.95,188.00,13.65,16.10,95.55,72.33,23.17
"6531","愛普*",8.47,18204.62,1117.76,986.39,98831.18,7.33,49.79,1.59,229.55,58.80,0.33,12.38,13.59,250.43,37.65,9.73,156.65,141.25,3.08
"6533","晶心科",9.06,3768.65,758.12,735.82,480.14,6.38,57.21,0.18,2027.77,12.15,0.26,0.08,0.04,2.28,0.14,0.04,101.98,47.07,12.66
"6534","正瀚-創",27.07,116.38,131.79,108.81,4054.00,12.16,30.01,2.29,159.38,0.70,0.44,13.40,18.41,57.68,29.08,4.63,83.23,106.56,4.68
"6541","泰福-KY",67.34,542.02,194.07,108.55,"NA","NA","NA","NA","NA","NA","NA",-48.70,-161.17,-84.18,"NA",-8.90,"NA","NA","NA"
"6550","北極星藥業-KY",25.52,316.29,709.15,676.31,4361.01,27.36,13.34,3.55,102.81,0.05,0.01,-27.49,-35.32,-33.05,-2383.88,-3.35,-432.02,-220.09,-32.68
"6552","易華電",34.14,247.47,192.27,147.86,1.93,6.82,53.51,7.95,45.91,1.23,0.47,0.66,0.50,2.05,0.67,0.16,70.45,159.28,5.90
"6558","興能高",18.82,224.22,330.15,254.27,9.12,3.55,102.81,4.04,90.34,1.63,0.58,0.55,0.64,1.68,0.83,0.10,30.91,68.20,3.09
"6573","虹揚-KY",64.50,133.39,84.27,63.98,-0.37,2.99,122.07,5.02,72.70,1.25,0.50,-1.82,-12.61,-5.82,-8.73,-1.94,9.35,90.91,4.46
"6579","研揚",15.48,913.26,444.66,358.82,158.30,7.75,47.09,2.90,125.86,4.94,0.50,7.99,9.41,79.67,15.86,7.72,68.29,84.66,0.66
"6581","鋼聯",17.83,120.99,270.26,227.40,207101.23,11.06,33.00,7.47,48.86,0.64,0.48,16.66,19.38,90.78,34.94,7.47,241.01,97.25,7.20
"6582","申豐",5.82,252.26,273.63,192.70,208.32,5.95,61.34,7.63,47.83,0.69,0.27,1.65,1.75,9.74,6.15,0.99,41.44,125.23,1.92
"6585","鼎基",25.95,154.78,330.41,230.20,4006.78,5.46,66.84,2.78,131.29,1.07,0.62,14.21,20.39,130.64,22.49,10.44,141.94,79.18,8.51
"6591","動力-KY",35.41,173.37,278.03,241.42,17.77,2.42,150.82,4.60,79.34,1.00,0.45,4.48,6.40,41.12,9.37,3.21,55.07,50.37,6.51
"6592","和潤企業",87.30,713.21,106.74,104.79,1.76,"NA","NA","NA","NA",3.78,0.09,2.48,8.02,61.03,11.30,4.44,-4.34,0.00,-30.90
"6598","ABC-KY",27.66,1267.06,850.56,704.16,-181.75,7.14,51.12,0.76,480.26,3.60,0.31,-23.52,-33.88,-25.37,-76.02,-2.88,-160.00,-195.59,-16.63
"6605","帝寶",40.58,189.55,180.55,104.93,11.89,5.13,71.15,1.97,185.27,1.51,0.62,10.65,17.02,245.51,15.66,18.98,61.22,226.39,11.88
"6606","建德工業",20.37,212.91,378.38,200.52,266.92,30.33,12.03,0.72,506.94,0.82,0.30,4.51,5.69,14.29,13.96,0.92,80.02,62.56,3.87
"6625","必應",49.04,341.95,169.30,167.05,185.34,9.93,36.75,"NA","NA",10.30,1.73,15.76,30.58,72.05,9.06,5.84,73.54,195.42,39.14
"6641","基士德-KY",29.68,280.10,193.38,162.54,8.69,4.30,84.88,9.92,36.79,3.30,0.82,2.12,2.92,11.47,2.34,1.40,-4.98,49.29,-3.62
"6645","金萬林-創",44.17,202.66,216.37,161.81,-27.64,3.93,92.87,3.31,110.27,1.15,0.48,-14.71,-26.34,-27.85,-31.88,-3.02,-68.54,-38.55,-17.19
"6655","科定",70.65,184.27,106.30,26.79,760.26,8.26,44.18,1.08,337.96,0.61,0.33,5.84,15.89,57.51,15.41,4.93,28.38,59.37,-10.71
"6657","華安",5.29,1133.89,1919.36,1865.84,"NA",8.71,41.90,2.78,131.29,0.12,0.01,-28.69,-29.95,-30.21,-2982.06,-3.03,"NA","NA","NA"
"6658","聯策",54.90,236.22,163.63,134.81,11.31,2.75,132.72,7.83,46.61,2.51,0.64,2.21,4.17,18.74,3.17,1.09,15.52,43.17,5.42
"6666","羅麗芬-KY",23.92,241.04,218.88,198.17,81.25,173.82,2.09,6.68,54.64,1.51,0.51,4.03,5.19,28.62,7.72,1.70,70.17,65.94,12.06
"6668","中揚光",43.60,153.05,172.80,134.52,-8.12,1.74,209.77,2.11,172.98,0.50,0.26,-4.76,-9.64,-19.25,-20.40,-1.85,-10.93,29.61,-2.03
"6669","緯穎",53.74,1247.53,227.44,113.91,24.21,15.02,24.30,5.55,65.76,48.76,2.58,17.01,34.92,1551.35,6.32,126.57,-26.18,27.05,-24.26
"6670","復盛應用",36.19,301.07,206.08,156.66,54.05,5.74,63.58,5.62,64.94,5.23,1.23,16.78,26.06,376.32,13.38,28.17,55.59,105.34,15.16
"6671","三能-KY",22.99,220.08,252.46,180.70,98.76,9.32,39.16,3.75,97.33,2.44,0.89,8.76,11.20,42.30,9.65,3.18,65.99,113.33,6.33
"6672","騰輝電子-KY",28.66,405.35,345.90,269.74,143.48,3.26,111.96,3.38,107.98,4.41,0.89,7.54,10.66,55.18,8.44,5.01,62.80,104.76,7.19
"6674","鋐寶科技",36.69,807.46,246.08,136.49,-252.75,2.90,125.86,1.30,280.76,6.63,0.59,-10.29,-15.59,-21.97,-17.62,-2.46,0.46,94.10,18.70
"6689","伊雲谷",49.14,23620.24,175.28,151.65,41.02,6.23,58.58,7.95,45.91,702.20,2.11,2.03,3.74,24.56,0.93,2.26,8.10,79.00,3.25
"6691","洋基工程",59.91,1484.48,164.46,89.47,733.00,6.30,57.93,0.27,1351.85,38.68,1.09,14.58,34.15,244.05,13.36,19.36,35.00,144.56,27.56
"6695","芯鼎",12.16,1837.56,761.82,659.47,0.00,5.58,65.41,2.30,158.69,14.06,0.53,-2.01,-2.27,-4.03,-3.81,-0.41,59.97,27.64,7.71
"6698","旭暉應材",32.07,183.63,169.63,128.70,1.09,3.08,118.50,2.30,158.69,0.78,0.29,-0.20,-1.01,0.25,-2.26,-0.96,9.84,35.56,3.28
"6706","惠特",44.62,271.01,275.88,193.47,-10.93,1.76,207.38,0.56,651.78,0.48,0.13,-4.29,-8.17,-39.88,-34.23,-4.29,-16.87,29.24,-4.57
"6715","嘉基",21.54,270.40,469.13,414.57,61.92,2.61,139.84,3.17,115.14,1.78,0.53,7.15,8.87,67.37,13.24,5.26,113.26,94.60,9.34
"6719","力智",15.76,3502.33,1733.73,1643.98,13.82,8.36,43.66,2.71,134.68,8.40,0.30,1.98,2.12,26.44,6.22,2.42,164.52,117.62,6.95
"6742","澤米",23.78,315.07,349.24,314.79,5.00,4.87,74.94,4.29,85.08,1.33,0.35,1.51,1.47,5.32,3.20,0.30,32.86,107.40,1.57
"6743","安普新",68.83,118.25,88.69,47.09,2.96,5.18,70.46,2.62,139.31,2.22,0.78,5.41,11.01,27.06,4.49,2.10,6.77,23.95,7.09
"6753","龍德造船",63.67,187.92,141.11,107.79,14.94,31.94,11.42,5.87,62.18,1.84,0.53,7.81,21.02,77.77,13.80,6.25,-2.15,90.06,-3.64
"6754","匯僑設計",51.99,311.53,170.54,161.39,292.51,6.57,55.55,66.38,5.49,5.94,1.05,8.76,18.67,85.60,8.27,6.40,11.15,144.33,0.81
"6756","威鋒電子",23.35,2751.21,231.22,214.36,53.87,8.62,42.34,1.33,274.43,15.29,0.46,4.19,5.29,25.79,8.95,2.26,50.75,80.21,9.13
"6757","台灣虎航",65.91,1634.46,162.42,161.35,1277.98,77.05,4.73,0.00,"*****",16.78,0.81,14.89,46.76,76.28,16.88,6.16,95.02,462.63,81.24
"6768","志強-KY",35.37,301.44,287.90,241.05,28.63,6.45,56.58,6.89,52.97,3.36,0.85,7.61,11.07,103.31,8.65,8.15,24.23,99.88,2.41
"6770","力積電",53.08,127.58,165.53,129.29,-3.12,6.83,53.44,3.70,98.64,0.38,0.24,-2.94,-7.43,-16.37,-15.15,-1.64,21.35,60.48,1.67
"6771","平和環保-創",35.51,127.67,162.43,151.78,1694.70,5.23,69.78,101.79,3.58,0.73,0.48,9.40,14.51,47.81,18.35,3.89,62.41,132.61,3.81
"6776","展碁國際",73.91,319.87,112.77,68.07,567.76,8.10,45.06,9.48,38.50,44.10,3.16,4.34,14.47,54.50,1.37,4.11,1.03,55.64,-7.78
"6781","AES-KY",28.49,853.76,319.73,175.63,27.15,6.55,55.72,0.81,450.61,5.89,0.51,11.53,15.69,322.38,21.61,25.39,46.39,81.50,22.58
"6782","視陽",29.92,192.42,176.44,115.83,2631.46,9.01,40.51,3.74,97.59,1.80,0.69,13.19,19.11,117.42,17.33,10.10,103.68,172.28,28.32
"6789","采鈺",26.98,228.44,330.99,324.73,25.85,9.59,38.06,48.26,7.56,1.03,0.40,7.23,10.02,65.35,17.39,5.49,100.33,95.06,11.42
"6790","永豐實",41.32,180.39,214.48,144.97,4156.79,8.83,41.33,6.83,53.44,2.77,1.16,8.18,13.05,35.49,6.88,2.78,39.76,98.82,1.05
"6792","詠業",22.36,521.64,381.91,310.52,5210.46,4.58,79.69,2.95,123.72,2.87,0.60,4.85,5.95,21.94,8.02,2.10,58.31,82.37,3.61
"6794","向榮生技-創",11.99,865.14,2183.38,2076.08,"*****",16.70,21.85,0.47,776.59,0.34,0.04,-12.52,-14.53,-15.93,-291.94,-1.62,"*****","*****","*****"
"6796","晉弘",45.25,273.80,368.98,266.55,2.08,4.33,84.29,1.38,264.49,1.48,0.40,0.93,0.73,3.51,1.04,0.16,0.00,52.21,-4.93
"6799","來頡",11.29,964.66,810.16,735.12,9155.95,5.51,66.24,2.99,122.07,5.68,0.54,7.37,8.27,44.78,13.40,2.94,91.38,30.38,2.84
"6805","富世達",56.53,821.00,178.55,129.08,128.70,5.56,65.64,3.09,118.12,14.47,0.88,13.24,31.14,218.01,14.99,17.90,21.57,280.19,15.59
"6806","森崴能源",72.53,347.88,285.21,109.71,3.15,21.36,17.08,"NA","NA",2.46,0.50,2.55,5.08,41.84,3.36,3.58,0.00,0.00,0.00
"6807","峰源-KY",35.52,243.48,174.63,142.36,3545.01,10.43,34.99,10.38,35.16,4.59,1.38,13.25,20.49,108.29,9.59,8.88,54.51,99.89,19.84
"6830","汎銓",46.88,159.17,326.98,306.85,3.96,2.85,128.07,"NA","NA",0.59,0.33,1.87,2.27,22.83,3.30,1.34,112.78,73.12,6.80
"6834","天二科技",31.48,183.17,166.69,122.45,11.18,3.71,98.38,3.85,94.80,1.50,0.61,2.96,3.95,7.60,4.48,0.64,35.69,126.33,10.61
"6835","圓裕",52.22,1614.57,263.80,235.38,27.25,2.54,143.70,5.28,69.12,14.81,0.71,8.18,15.25,55.14,11.02,4.06,27.58,114.88,7.19
"6838","台新藥",26.69,42941.25,872.84,852.08,-314.60,"*****","*****",16.84,21.67,31.13,0.08,-10.49,-14.94,-11.89,-140.16,-1.43,"NA","NA","NA"
"6854","錼創科技-KY創",19.95,378.25,419.16,323.36,2468.43,9.33,39.12,3.60,101.38,2.83,0.73,2.55,3.00,5.61,3.40,0.56,-7.94,-159.31,"NA"
"6861","睿生光電",41.69,600.65,255.31,188.26,6897.63,2.99,122.07,2.24,162.94,8.54,0.86,6.69,11.46,47.76,7.69,3.75,28.94,41.95,11.54
"6862","三集瑞-KY",27.32,305.25,272.70,226.59,39.61,2.78,131.29,3.88,94.07,2.65,0.65,15.68,23.67,134.76,23.43,11.41,54.82,"NA",9.67
"6863","永道-KY",31.07,414.63,377.35,317.87,66.59,4.29,85.08,3.79,96.30,3.27,0.60,11.18,14.73,133.97,18.36,11.36,15.36,71.73,0.60
"6869","雲豹能源",51.32,232.33,105.98,89.59,1026.00,7.56,48.28,21.38,17.07,1.01,0.33,10.81,20.39,78.59,29.32,8.89,0.00,33.61,-7.64
"6873","泓德能源",49.92,316.37,169.13,126.07,11.23,48.70,7.49,0.69,528.98,3.46,0.64,8.21,15.59,129.71,11.65,11.10,31.47,56.38,13.96
"6885","全福生技",14.70,51048.05,534.77,529.80,-3465.70,"NA","NA","NA","NA",0.10,0.00,-15.06,-16.64,-23.99,-94735.74,-2.70,"NA","NA","NA"
"6887","寶綠特-KY",46.83,307.67,167.61,94.09,53.61,10.44,34.96,4.43,82.39,7.54,1.30,11.90,23.50,98.07,8.99,7.51,-5.20,82.22,0.00
"6890","來億-KY",25.71,210.86,242.64,166.12,31.08,6.90,52.89,5.87,62.18,3.24,1.24,14.21,18.93,211.33,11.06,16.13,"NA",45.07,"NA"
"6901","鑽石投資",2.82,36577.38,2475.54,2475.40,-63482.01,"NA","NA","NA","NA",-150.26,-0.19,-21.21,-21.67,-28.15,-112.98,-2.96,"NA","NA",22.89
"6902","GOGOLOOK-創",56.17,1136.97,151.25,143.04,-6.66,3.41,107.03,"*****","*****",34.24,1.07,-4.44,-9.21,-11.48,-4.57,-1.24,-52.74,1274.75,-45.63
"6906","現觀科",16.48,28391.04,632.97,630.98,530.26,7.24,50.41,"NA","NA",85.84,0.43,13.12,16.16,44.50,30.25,3.56,57.57,154.07,0.18
"6914","阜爾運通",62.25,639.82,92.43,84.53,6.82,17.47,20.89,39.46,9.24,4.70,0.57,6.56,16.00,87.83,9.72,7.14,107.23,360.46,29.13
"6916","華凌",53.80,435.42,144.24,105.35,3.78,9.01,40.51,3.78,96.56,6.36,0.85,1.84,2.76,6.28,1.57,0.47,13.49,169.70,3.41
"6919","康霈*",0.75,19223.68,18402.19,18341.56,-177258.43,6.80,53.67,7.04,51.84,0.79,0.01,-8.66,-8.76,-76.56,-1325.18,-4.12,-990.27,-2359.78,-5.33
"6923","中台",38.18,128.70,207.54,201.37,1613.19,10.14,35.99,40.07,9.10,0.57,0.41,10.48,18.04,55.53,23.82,4.80,55.15,54.38,1.17
"6924","榮惠-KY創",45.98,1461.73,212.86,189.99,215.17,4.35,83.90,15.17,24.06,41.90,1.91,15.55,31.28,89.78,8.09,7.30,-14.44,"NA",-23.38
"6928","攸泰科技",22.44,4150.50,451.75,320.80,-34.78,6.62,55.13,1.73,210.98,38.18,0.82,-2.65,-3.84,-10.44,-3.32,-0.82,2.37,56.84,-3.47
"6931","青松健康",65.66,318.13,183.26,181.42,3.19,17.73,20.58,2.81,129.89,1.89,0.54,3.25,6.12,8.44,4.14,0.68,80.73,129.71,20.51
"6933","AMAX-KY",48.38,3269.13,210.59,159.65,9.17,5.31,68.73,4.32,84.49,77.22,1.40,4.62,7.96,42.86,2.98,3.94,59.33,112.58,34.55
"6936","永鴻生技",21.40,178.67,262.31,121.95,155.43,5.58,65.41,2.29,159.38,1.95,0.92,9.76,12.46,25.58,10.56,2.06,62.49,109.25,6.24
"6937","天虹",19.09,297.51,514.55,315.55,97.46,3.82,95.54,1.21,301.65,2.20,0.62,9.83,12.44,73.56,15.72,6.03,39.80,0.46,2.37
"6949","沛爾生醫-創",26.28,623.80,360.27,355.48,-17382.96,3.46,105.49,6.06,60.23,0.12,0.01,-24.87,-32.02,-68.31,-2012.71,-6.83,-0.81,-2.31,-0.22
"6951","青新-創",30.23,246.58,205.05,197.74,109.74,11.01,33.15,1.92,190.10,1.56,0.53,16.04,24.28,57.35,30.05,4.87,-0.71,92.48,-7.48
"6952","大武山",23.85,129.03,213.97,190.04,13.87,5.70,64.03,26.27,13.89,0.78,0.53,4.45,6.06,17.59,7.85,1.46,93.75,58.30,5.61
"6955","邦睿生技-創",8.26,7582.31,1297.95,1228.45,391.81,14.17,25.75,2.05,178.04,24.50,0.47,14.57,16.09,31.71,30.67,3.45,180.11,117.22,13.59
"6957","裕慶-KY",39.89,244.24,313.50,256.83,34.69,6.06,60.23,6.38,57.21,4.42,1.00,19.08,32.43,171.27,18.61,14.30,33.94,118.83,-9.02
"6958","日盛台駿",88.64,206.00,95.34,94.85,1.25,"NA","NA","NA","NA",1.06,0.13,2.61,3.98,16.10,3.39,1.13,0.07,23.76,19.20
"6962","奕力-KY",28.02,2498.55,238.06,182.63,320.41,6.97,52.36,5.24,69.65,27.50,0.86,8.60,12.30,68.42,10.01,5.61,48.40,"NA",13.46
"6965","中傑-KY",43.98,274.72,175.30,128.77,51.53,5.06,72.13,8.36,43.66,7.22,1.49,10.26,18.67,167.39,6.74,12.22,23.32,"NA",7.13
"6969","成信實業*-創",72.05,134.63,106.23,48.81,-4.71,6.81,53.59,1.46,250.00,0.31,0.18,-6.05,-23.92,-16.05,-39.39,-2.15,-18.98,-25.01,-5.02
"6988","威力暘-創",38.46,288.63,329.94,268.21,5.11,2.43,150.20,2.94,124.14,2.64,0.69,2.22,2.98,4.83,2.67,0.51,50.20,0.43,12.60
"6994","富威電力",74.52,108.79,89.87,74.71,3.39,6.91,52.82,"NA","NA",0.78,0.53,2.38,8.76,18.74,4.48,1.42,-2.85,-21.43,-2.25
"7631","聚賢研發-創",49.45,556.48,238.01,118.13,55.32,6.27,58.21,1.58,231.01,11.49,0.96,10.69,18.67,70.98,10.87,5.51,12.34,45.30,-2.45
"7705","三商餐飲",53.80,142.82,61.36,29.72,13.94,47.72,7.64,11.24,32.47,3.90,1.80,7.69,17.62,47.08,3.95,4.10,76.61,138.35,28.32
"7722","LINEPAY",38.37,4006.76,274.14,273.76,109.04,21.52,16.96,"NA","NA",28.01,0.43,4.45,8.25,127.88,10.28,10.67,44.98,609.09,24.04
"7732","金興精密",17.81,182.60,317.92,203.13,63.50,4.21,86.69,1.99,183.41,1.18,0.55,8.49,10.29,32.94,15.30,2.77,71.89,62.40,6.13
"7736","虎山",17.91,276.02,412.25,325.34,83.12,6.21,58.77,1.46,250.00,1.43,0.38,13.99,18.64,89.53,36.34,7.19,50.45,"NA",3.95
"8011","台通",45.84,279.46,259.64,173.91,7.22,9.24,39.50,3.39,107.66,1.06,0.33,6.68,11.51,28.90,17.75,2.43,84.20,186.43,7.83
"8016","矽創",24.81,794.20,322.44,255.86,166.44,11.03,33.09,4.09,89.24,8.99,0.86,11.97,15.90,236.23,13.75,15.42,57.14,118.25,7.76
"8021","尖點",28.72,247.18,264.41,219.43,15.15,3.16,115.50,3.75,97.33,1.73,0.51,3.27,4.22,20.54,6.01,1.45,11.20,84.70,0.62
"8028","昇陽半導體",56.94,117.30,126.02,114.98,10.39,8.25,44.24,8.91,40.96,0.57,0.38,5.81,12.22,32.38,13.85,2.85,77.89,49.33,11.04
"8033","雷虎",44.37,431.36,202.37,91.24,5.78,5.91,61.75,0.96,380.20,3.75,0.52,3.81,5.77,2.31,6.08,0.50,10.27,12.09,4.25
"8039","台虹",26.58,247.64,310.56,249.57,2336.40,2.61,139.84,5.09,71.70,2.14,0.72,4.04,5.68,27.49,5.35,2.53,50.27,73.34,7.91
"8045","達運光電",23.97,517.15,566.43,417.96,36.24,2.30,158.69,2.37,154.00,3.69,0.64,7.71,11.25,25.67,11.69,2.45,-23.40,125.88,-17.25
"8046","南電",27.79,113.65,310.24,244.73,10.00,4.65,78.49,7.98,45.73,0.78,0.48,0.33,0.44,2.52,0.63,0.32,32.41,100.78,-1.34
"8070","長華*",41.02,781.29,229.84,192.50,16.44,4.97,73.44,5.66,64.48,4.31,0.46,7.21,12.03,417.10,14.62,2.32,31.36,123.06,2.58
"8072","陞泰",9.67,343.39,766.23,708.35,"NA",4.00,91.25,7.67,47.58,1.34,0.36,4.32,4.72,17.00,11.77,1.25,45.86,167.14,1.72
"8081","致新",17.95,828.33,457.33,378.65,1811.88,5.54,65.88,3.43,106.41,7.25,0.76,14.59,20.82,212.32,19.11,17.91,114.10,122.47,9.14
"8101","華冠",82.80,729.06,83.54,69.82,-6.63,0.96,380.20,1.54,237.01,2.45,0.23,-21.76,-150.79,-56.87,-103.46,-3.27,-45.98,-746.52,-50.61
"8103","瀚荃",30.10,439.49,361.85,320.15,42.97,3.25,112.30,4.67,78.15,3.13,0.60,6.53,9.66,54.66,10.58,3.96,53.62,171.53,9.88
"8104","錸寶",59.61,144.71,119.30,85.73,279.77,3.46,105.49,3.48,104.88,0.91,0.37,1.33,1.79,8.93,1.93,0.16,2.76,36.95,0.68
"8105","凌巨",30.19,159.79,188.27,138.67,8.37,6.56,55.64,5.75,63.47,1.62,0.75,0.67,0.84,2.24,0.76,0.15,9.32,111.90,1.15
"8110","華東",34.70,196.25,184.47,167.83,1.28,4.40,82.95,13.22,27.60,1.22,0.49,0.59,-0.27,0.82,-0.35,0.26,62.76,111.94,3.95
"8112","至上",65.36,9549.73,223.43,120.39,2.35,10.32,35.36,9.39,38.87,738.34,4.34,7.16,10.36,53.40,0.91,3.49,"NA","NA","NA"
"8114","振樺電",55.50,404.35,220.78,151.15,13.81,7.07,51.62,2.83,128.97,4.22,0.85,12.85,27.18,337.83,13.88,12.55,40.55,144.25,9.09
"8131","福懋科",12.91,515.01,874.81,795.89,19463.47,6.08,60.03,10.46,34.89,3.82,0.69,7.02,7.93,25.02,10.08,2.04,163.03,155.42,3.66
"8150","南茂",44.75,183.56,272.60,240.04,6.91,4.39,83.14,7.04,51.84,1.16,0.50,3.59,5.69,22.65,6.26,1.95,68.49,103.34,4.42
"8162","微矽電子-創",40.77,121.29,180.98,172.87,6.89,4.14,88.16,41.11,8.87,0.66,0.46,4.04,6.52,13.64,8.18,1.28,81.37,86.83,9.48
"8163","達方",57.75,220.77,139.96,92.47,3.95,3.10,117.74,2.86,127.62,2.45,0.63,2.08,3.43,26.88,2.39,2.22,17.34,56.37,5.92
"8201","無敵",26.33,449.83,369.85,324.13,-82.71,6.47,56.41,5.34,68.35,3.87,0.68,-7.95,-11.05,-8.24,-11.72,-0.88,0.00,120.34,-0.17
"8210","勤誠",56.36,186.70,159.60,124.82,3453.36,3.99,91.47,5.32,68.60,2.85,0.95,13.03,30.45,215.81,13.32,16.05,40.68,90.90,22.23
"8213","志超",46.06,212.74,172.98,155.11,5.90,2.63,138.78,8.12,44.95,2.03,0.59,2.91,4.52,36.47,4.08,2.75,19.19,121.69,6.35
"8215","明基材",63.25,126.64,115.40,66.18,3.48,5.22,69.92,4.46,81.83,1.57,0.82,1.65,2.92,10.32,1.34,0.62,7.31,42.87,1.15
"8222","寶一",57.23,175.39,242.27,82.96,10.54,6.39,57.12,1.01,361.38,1.13,0.45,6.07,11.72,14.95,12.39,1.49,17.87,9.30,2.73
"8249","菱光",31.21,4420.39,160.63,146.53,23.27,8.38,43.55,9.22,39.58,28.49,0.52,4.68,6.34,41.27,8.60,3.27,28.13,181.62,7.56
"8261","富鼎",10.15,1272.59,786.98,702.60,0.00,3.57,102.24,3.27,111.62,6.46,0.48,9.33,10.37,57.39,19.39,4.80,136.43,145.66,9.59
"8271","宇瞻",25.56,520.06,319.99,229.71,2362.93,9.58,38.10,4.64,78.66,8.61,1.25,4.85,6.43,27.11,3.73,2.18,-10.28,69.09,-0.48
"8341","日友",46.14,127.83,163.96,145.55,1483.47,6.27,58.21,81.61,4.47,0.54,0.35,5.71,10.18,51.64,15.10,3.69,86.18,69.34,7.12
"8367","建新國際",72.91,191.88,82.96,81.80,4.46,6.27,58.21,"NA","NA",0.44,0.18,3.51,9.94,60.40,15.02,3.59,46.01,57.54,12.25
"8374","羅昇",46.54,711.87,216.42,150.96,16.94,3.88,94.07,3.47,105.18,6.60,0.88,3.75,5.89,17.13,3.97,0.60,26.89,97.52,14.31
"8404","百和興業-KY",63.71,115.02,82.75,44.07,202.57,5.84,62.50,1.26,289.68,0.74,0.39,4.02,6.44,13.50,5.26,0.93,18.05,66.45,9.04
"8411","福貞-KY",55.10,112.02,109.95,86.74,1.14,4.67,78.15,7.73,47.21,1.23,0.67,0.38,-0.93,0.88,-0.60,-0.25,14.57,84.53,5.18
"8422","可寧衛",63.15,113.87,75.09,72.75,8.88,6.08,60.03,50.03,7.29,0.47,0.29,7.33,16.56,133.03,22.73,10.70,19.84,41.47,0.74
"8429","金麗-KY",10.12,348869.48,6239.52,6229.30,-2.72,5.80,62.93,"NA","NA",73.17,0.02,-0.04,-0.05,-0.14,-2.53,-0.02,38.70,565.00,-3.39
"8438","昶昕",37.45,168.95,169.19,143.16,17.04,8.81,41.43,19.32,18.89,2.58,1.17,5.72,8.73,31.02,4.54,2.21,28.62,111.91,4.18
"8442","威宏-KY",44.66,401.55,204.96,154.22,15.03,4.25,85.88,6.20,58.87,8.65,1.28,12.09,21.25,120.16,8.92,11.12,31.71,154.59,8.17
"8443","阿瘦",54.59,273.39,135.63,38.71,-5.23,37.40,9.75,0.87,419.54,3.99,0.66,-2.43,6.02,-7.26,-4.27,-0.73,20.23,517.83,11.77
"8454","富邦媒",65.34,138.03,88.07,57.89,124.85,37.86,9.64,20.55,17.76,12.81,3.92,12.13,34.09,170.45,3.07,13.69,37.67,121.25,29.46
"8462","柏文",80.88,85.71,58.96,57.30,5.00,146.54,2.49,0.70,521.42,1.59,0.49,4.51,19.62,58.99,7.30,4.77,73.62,161.70,27.77
"8463","潤泰材",69.18,178.29,107.21,63.28,6.97,5.54,65.88,2.25,162.22,1.80,0.76,4.49,11.84,27.49,5.07,1.25,30.22,27.10,11.32
"8464","億豐",25.83,269.02,367.30,302.18,771.10,10.76,33.92,3.09,118.12,3.01,0.84,20.23,27.11,323.43,24.10,23.56,127.82,128.41,13.23
"8466","美吉吉-KY",56.43,180.00,304.02,247.03,5.00,4.12,88.59,6.92,52.74,1.21,0.60,2.79,4.96,34.19,3.42,2.02,-9.34,37.24,-1.67
"8467","波力-KY",32.81,361.25,407.04,343.14,23.28,5.25,69.52,3.79,96.30,2.65,0.65,16.06,24.10,135.98,58.18,11.50,74.70,146.66,11.93
"8473","山林水",50.04,1733.13,153.00,148.29,3.85,2.41,151.45,"NA","NA",5.01,0.22,2.78,4.06,23.97,9.17,0.97,22.84,102.13,5.24
"8476","台境*",36.80,564.79,248.33,191.71,28.50,3.20,114.06,3.44,106.10,4.12,0.50,9.36,13.73,42.45,17.98,1.62,33.92,29.74,6.57
"8478","東哥遊艇",40.66,491.30,646.89,357.29,855.37,3.59,101.67,0.65,561.53,2.55,0.39,8.22,13.00,106.01,18.98,10.37,50.06,78.96,-1.53
"8481","政伸",11.30,344.66,666.04,595.16,722.57,4.01,91.02,4.61,79.17,2.26,0.61,10.84,12.23,37.70,17.85,3.01,92.02,67.99,2.64
"8482","商億-KY",26.06,162.09,181.79,132.03,222.69,7.26,50.27,4.31,84.68,1.56,0.76,9.72,13.23,40.76,12.76,4.36,44.40,87.63,7.06
"8487","愛爾達-創",32.20,5695.01,303.42,264.63,122.26,6.56,55.64,14.19,25.72,128.21,1.59,19.38,29.01,85.09,12.05,6.85,63.05,221.32,10.75
"8488","吉源-KY",53.65,140.25,118.59,101.16,1.10,3.18,114.77,8.41,43.40,1.38,0.61,0.12,-1.16,0.70,-0.86,-0.39,7.68,43.94,3.33
"8926","台汽電",43.61,458.48,93.62,42.35,1828.00,10.63,34.33,64.73,5.63,2.18,0.34,5.26,8.70,19.64,14.75,1.85,14.83,88.89,-0.59
"8940","新天地",63.01,172.16,89.85,68.84,12.29,26.32,13.86,7.36,49.59,1.70,0.77,1.66,3.00,24.56,1.44,0.12,65.31,145.10,12.48
"8996","高力",43.68,214.95,205.41,146.10,34.37,4.89,74.64,2.32,157.32,2.10,0.73,11.18,19.32,81.99,14.81,6.56,55.47,59.75,14.35
"910322","康師傅-DR",66.86,89.61,55.47,37.64,1531.48,51.64,7.06,13.05,27.96,3.82,1.54,8.85,25.23,2983.00,5.36,2.97,25.49,73.46,9.52
"9105","泰金寶-DR",68.59,233.69,144.57,107.78,341.08,4.63,78.83,9.07,40.24,8.68,1.75,3.09,10.03,25.28,1.76,0.23,20.51,85.84,15.47
"910861","神州-DR",60.68,1491.02,142.32,119.22,-313.60,4.57,79.86,9.28,39.33,23.20,0.81,-2.33,-6.93,-326.16,-3.50,-0.83,4.68,601.80,4.06
"9110","越南控-DR",56.47,1327.52,169.75,129.29,-98.28,4.22,86.49,3.37,108.30,22.40,0.80,-3.79,-8.27,-303.09,-4.73,-0.14,16.87,3.68,6.91
"911608","明輝-DR",37.51,986.71,233.48,95.89,4.23,4.27,85.48,1.19,306.72,9.27,0.69,3.11,3.78,4.30,3.41,0.27,3.00,140.06,-2.20
"911622","泰聚亨-DR",29.01,169.22,151.02,38.67,-303.96,17.90,20.39,2.62,139.31,1.74,0.74,-3.99,-6.56,-6.50,-6.77,-0.45,-17.48,71.77,-3.00
"911868","同方友友-DR",14.14,9903.54,629.71,560.80,27.67,6.76,53.99,2.90,125.86,46.77,0.41,1.64,1.83,19.14,3.70,0.06,34.76,206.21,3.63
"912000","晨訊科-DR",25.57,4896.73,308.11,294.32,-148.12,4.44,82.20,4.82,75.72,9.79,0.21,-5.08,-6.82,-56.01,-24.24,-0.18,"NA",-138.21,-1.82
"9136","巨騰-DR","NA","NA",102.19,78.97,"NA",2.62,139.31,4.53,80.57,"NA","NA","NA",-11.71,"NA","NA",-2.65,"NA","NA","NA"
"9802","鈺齊-KY",35.35,170.19,183.17,137.35,4094.95,4.56,80.04,4.97,73.44,1.64,0.72,6.97,10.39,91.13,9.40,7.23,36.86,82.89,5.12
"9902","台火",8.39,1201.34,775.26,689.84,592.74,3.01,121.26,2.60,140.38,2.21,0.17,4.13,4.51,6.03,23.63,0.58,78.30,2.28,2.70
"9904","寶成",35.93,463.81,199.76,136.62,11.59,8.88,41.10,4.28,85.28,4.56,0.77,7.56,10.95,100.87,8.88,5.44,13.02,62.89,2.01
"9905","大華",26.88,459.95,353.01,287.17,4308.05,4.98,73.29,4.58,79.69,4.14,0.76,4.52,6.20,21.61,5.96,1.63,26.76,106.13,2.14
"9906","欣巴巴",78.77,58943.79,144.24,27.18,393.23,287.56,1.26,0.39,935.89,1073.92,0.48,6.81,33.59,80.24,13.07,6.55,39.88,32.29,65.55
"9907","統一實",37.83,169.46,207.40,139.22,11.89,8.62,42.34,8.96,40.73,2.70,1.33,4.81,7.02,14.11,3.26,0.97,42.13,138.22,3.32
"9908","大台北",26.80,348.51,334.64,325.84,67418.79,8.97,40.69,16.54,22.06,0.63,0.16,4.47,6.11,20.53,27.40,1.71,44.81,100.07,1.42
"9910","豐泰",47.00,174.97,180.68,108.06,3116.56,10.76,33.92,7.60,48.02,3.87,1.67,12.32,23.00,86.91,7.16,5.94,59.66,97.53,9.31
"9911","櫻花",38.06,315.47,180.94,129.43,182.46,7.59,48.08,4.21,86.69,4.15,0.95,12.97,20.61,73.56,13.54,5.94,35.59,94.57,4.96
"9912","偉聯",45.94,385.24,116.46,35.43,-8.32,11.30,32.30,1.12,325.89,4.11,0.62,-5.64,-11.08,-11.89,-10.24,-0.98,-30.65,-28.75,-20.59
"9914","美利達",46.03,964.06,140.02,54.17,-205.51,11.72,31.14,2.29,159.38,13.48,0.79,-1.52,-3.66,-24.50,-2.59,-2.34,17.65,38.14,1.65
"9917","中保科",52.29,206.47,127.13,107.67,28.06,10.53,34.66,6.66,54.80,1.84,0.65,10.87,21.80,77.67,16.20,6.42,42.92,80.57,3.73
"9918","欣天然",44.62,146.50,193.16,186.68,842.56,9.79,37.28,25.49,14.31,0.68,0.33,6.78,12.27,25.91,19.94,2.23,50.73,76.53,3.75
"9919","康那香",70.37,142.32,179.15,137.06,-4.32,3.56,102.52,3.22,113.35,0.88,0.40,-4.38,-13.29,-17.05,-12.54,-1.89,-23.17,29.75,-6.08
"9921","巨大",53.32,323.30,155.82,65.93,3.17,5.41,67.46,1.69,215.97,5.53,0.87,2.38,3.75,60.12,1.77,3.22,35.00,84.23,17.23
"9924","福興",22.20,277.57,333.47,280.80,132.47,5.22,69.92,6.30,57.93,2.79,0.83,9.49,12.48,64.90,11.31,4.83,82.80,109.74,9.32
"9925","新保",32.37,310.16,177.99,168.87,25.28,12.18,29.96,"NA","NA",1.80,0.42,5.21,7.49,28.67,12.00,2.30,26.08,98.77,4.59
"9926","新海",52.53,175.12,158.33,145.02,1641.81,9.17,39.80,"NA","NA",0.66,0.27,5.60,11.84,32.08,20.35,2.64,38.99,121.98,6.28
"9927","泰銘",10.33,1271.35,1365.43,1054.69,106215.00,8.31,43.92,4.57,79.86,15.65,1.14,14.08,16.28,79.21,12.33,6.29,150.43,127.54,-1.98
"9928","中視",58.38,120.52,16.51,13.15,0.29,6.12,59.64,"NA","NA",0.37,0.17,0.05,-1.61,-4.74,-3.91,-0.57,3.99,166.72,1.93
"9929","秋雨",57.63,653.57,147.05,126.87,0.24,4.99,73.14,10.99,33.21,2.64,0.31,0.07,-2.95,-2.46,-3.81,-0.14,57.60,598.79,12.17
"9930","中聯資源",43.63,207.02,120.72,99.50,21.66,9.53,38.30,14.37,25.40,2.83,1.10,10.29,18.29,59.09,8.90,4.66,91.30,172.44,8.25
"9931","欣高",50.41,130.13,98.94,71.41,64.23,12.45,29.31,2.21,165.15,0.66,0.31,5.86,12.38,35.33,18.45,2.86,46.46,109.23,13.24
"9933","中鼎",80.23,361.09,100.95,93.28,4.67,5.20,70.19,"NA","NA",8.51,1.02,2.46,10.31,53.92,1.62,2.43,-8.80,40.50,-17.57
"9934","成霖",61.02,279.20,128.78,78.16,4.03,8.36,43.66,3.25,112.30,6.90,1.14,4.03,7.66,15.57,2.59,1.15,17.43,85.00,10.48
"9935","慶豐富",62.76,243.58,209.90,142.16,6.80,3.91,93.35,3.98,91.70,2.34,0.71,6.90,16.37,30.72,7.70,2.39,18.27,50.13,5.05
"9937","全國",54.30,122.51,21.51,15.07,31.58,174.31,2.09,80.98,4.50,3.86,1.93,6.13,13.13,29.83,3.07,2.39,24.87,140.15,5.89
"9938","百和",49.54,136.21,122.82,75.94,4.77,6.44,56.67,1.76,207.38,0.91,0.47,6.47,10.51,76.64,10.34,4.75,28.48,95.60,6.01
"9939","宏全",52.92,155.17,130.38,84.85,1213.34,5.98,61.03,7.34,49.72,1.42,0.66,7.97,16.11,123.43,10.42,9.80,33.97,83.29,4.28
"9940","信義",56.93,481.73,272.24,155.39,12.98,9.65,37.82,0.03,12166.66,1.40,0.40,6.18,13.63,30.04,14.13,2.42,29.17,118.86,3.20
"9941","裕融",86.50,142.54,100.74,98.13,2.33,"NA","NA","NA","NA",1.29,0.14,3.14,12.95,106.96,12.28,8.88,7.00,74.39,23.18
"9942","茂順",21.38,242.75,476.25,330.14,347.42,2.74,133.21,2.33,156.65,2.09,0.74,13.63,17.70,124.80,18.37,8.67,124.56,116.97,3.73
"9943","好樂迪",27.60,480.16,227.54,219.69,93.75,70.65,5.16,59.42,6.14,2.74,0.45,11.65,16.21,61.64,25.46,7.74,91.56,110.15,-0.35
"9944","新麗",42.89,224.27,201.16,166.70,3.43,8.36,43.66,3.91,93.35,1.13,0.36,1.03,0.80,9.56,1.24,0.05,15.57,64.74,3.04
"9945","潤泰新",42.36,3035.35,174.00,55.72,1944.43,11.51,31.71,0.75,486.66,5.72,0.17,11.15,15.51,78.79,62.56,6.07,15.69,101.12,0.00
"9946","三發地產",59.36,13744.00,249.59,50.65,334.35,165.30,2.20,0.11,3318.18,26.66,0.13,3.33,5.69,14.48,18.48,1.15,12.50,4.06,5.16
"9955","佳龍",56.39,97.62,55.91,32.77,-3.82,39.45,9.25,4.16,87.74,0.61,0.43,-4.94,-13.14,-15.81,-13.65,-1.58,14.74,52.30,4.61
"9958","世紀鋼",45.63,205.91,322.13,172.72,9.01,8.76,41.66,1.14,320.17,0.75,0.32,6.91,13.06,114.21,18.92,6.93,58.62,14.54,7.29